ref_label,x,y
Brachy_Blank_scaffolds_len10k (n=2216192),0.464767215363959,2.28212365277066e-05
Brachy_Blank_scaffolds_len10k (n=2216192),0.465818354768928,0.000128880313522321
Brachy_Blank_scaffolds_len10k (n=2216192),0.466869494173896,0.000195325894271462
Brachy_Blank_scaffolds_len10k (n=2216192),0.467920633578864,7.38503602733168e-05
Brachy_Blank_scaffolds_len10k (n=2216192),0.468971772983832,8.65783358413679e-06
Brachy_Blank_scaffolds_len10k (n=2216192),0.4700229123888,1.21323559211571e-07
Brachy_Blank_scaffolds_len10k (n=2216192),0.471074051793769,1.09391824227788e-10
Brachy_Blank_scaffolds_len10k (n=2216192),0.472125191198737,4.70814563683574e-15
Brachy_Blank_scaffolds_len10k (n=2216192),0.473176330603705,0
Brachy_Blank_scaffolds_len10k (n=2216192),0.474227470008673,3.52985153048465e-16
Brachy_Blank_scaffolds_len10k (n=2216192),0.475278609413641,1.50375649295767e-15
Brachy_Blank_scaffolds_len10k (n=2216192),0.47632974881861,1.65912428131907e-15
Brachy_Blank_scaffolds_len10k (n=2216192),0.477380888223578,4.08019430561202e-16
Brachy_Blank_scaffolds_len10k (n=2216192),0.478432027628546,1.42045995347587e-15
Brachy_Blank_scaffolds_len10k (n=2216192),0.479483167033514,1.06258635336218e-15
Brachy_Blank_scaffolds_len10k (n=2216192),0.480534306438482,6.59373013229134e-16
Brachy_Blank_scaffolds_len10k (n=2216192),0.48158544584345,1.13697858092957e-15
Brachy_Blank_scaffolds_len10k (n=2216192),0.482636585248419,1.1676900693262e-15
Brachy_Blank_scaffolds_len10k (n=2216192),0.483687724653387,0
Brachy_Blank_scaffolds_len10k (n=2216192),0.484738864058355,0
Brachy_Blank_scaffolds_len10k (n=2216192),0.485790003463323,0
Brachy_Blank_scaffolds_len10k (n=2216192),0.486841142868292,1.40261861439846e-16
Brachy_Blank_scaffolds_len10k (n=2216192),0.48789228227326,1.22126593551293e-15
Brachy_Blank_scaffolds_len10k (n=2216192),0.488943421678228,2.8266949610959e-15
Brachy_Blank_scaffolds_len10k (n=2216192),0.489994561083196,1.79472181665875e-15
Brachy_Blank_scaffolds_len10k (n=2216192),0.491045700488164,9.66462375632786e-15
Brachy_Blank_scaffolds_len10k (n=2216192),0.492096839893133,1.99352702229061e-15
Brachy_Blank_scaffolds_len10k (n=2216192),0.493147979298101,1.47828936360755e-15
Brachy_Blank_scaffolds_len10k (n=2216192),0.494199118703069,1.1161196135854e-13
Brachy_Blank_scaffolds_len10k (n=2216192),0.495250258108037,1.87708066772793e-09
Brachy_Blank_scaffolds_len10k (n=2216192),0.496301397513005,1.9488289073737e-06
Brachy_Blank_scaffolds_len10k (n=2216192),0.497352536917973,0.000137971610629966
Brachy_Blank_scaffolds_len10k (n=2216192),0.498403676322942,0.00173462666019679
Brachy_Blank_scaffolds_len10k (n=2216192),0.49945481572791,0.00689543731785075
Brachy_Blank_scaffolds_len10k (n=2216192),0.500505955132878,0.00800421339608994
Brachy_Blank_scaffolds_len10k (n=2216192),0.501557094537846,0.0016905429763632
Brachy_Blank_scaffolds_len10k (n=2216192),0.502608233942814,2.50201337028277e-05
Brachy_Blank_scaffolds_len10k (n=2216192),0.503659373347783,2.25469476049565e-08
Brachy_Blank_scaffolds_len10k (n=2216192),0.504710512752751,1.22479086127086e-12
Brachy_Blank_scaffolds_len10k (n=2216192),0.505761652157719,0
Brachy_Blank_scaffolds_len10k (n=2216192),0.506812791562687,0
Brachy_Blank_scaffolds_len10k (n=2216192),0.507863930967655,2.35518377568062e-18
Brachy_Blank_scaffolds_len10k (n=2216192),0.508915070372624,6.07273416033493e-16
Brachy_Blank_scaffolds_len10k (n=2216192),0.509966209777592,1.7311794736395e-16
Brachy_Blank_scaffolds_len10k (n=2216192),0.51101734918256,6.54058997434852e-16
Brachy_Blank_scaffolds_len10k (n=2216192),0.512068488587528,3.16090160397039e-15
Brachy_Blank_scaffolds_len10k (n=2216192),0.513119627992496,1.92293053744423e-16
Brachy_Blank_scaffolds_len10k (n=2216192),0.514170767397465,2.89740035825242e-18
Brachy_Blank_scaffolds_len10k (n=2216192),0.515221906802433,0
Brachy_Blank_scaffolds_len10k (n=2216192),0.516273046207401,0
Brachy_Blank_scaffolds_len10k (n=2216192),0.517324185612369,4.10187182482068e-14
Brachy_Blank_scaffolds_len10k (n=2216192),0.518375325017337,7.7264332006032e-10
Brachy_Blank_scaffolds_len10k (n=2216192),0.519426464422306,8.56557376395581e-07
Brachy_Blank_scaffolds_len10k (n=2216192),0.520477603827274,5.74126155644321e-05
Brachy_Blank_scaffolds_len10k (n=2216192),0.521528743232242,0.000243164400314281
Brachy_Blank_scaffolds_len10k (n=2216192),0.52257988263721,0.000109957144612227
Brachy_Blank_scaffolds_len10k (n=2216192),0.523631022042178,1.75596392016978e-05
Brachy_Blank_scaffolds_len10k (n=2216192),0.524682161447147,1.03074807541978e-06
Brachy_Blank_scaffolds_len10k (n=2216192),0.525733300852115,7.48573196844984e-08
Brachy_Blank_scaffolds_len10k (n=2216192),0.526784440257083,6.84118155126106e-05
Brachy_Blank_scaffolds_len10k (n=2216192),0.527835579662051,0.00461055005565399
Brachy_Blank_scaffolds_len10k (n=2216192),0.528886719067019,0.0214460358985093
Brachy_Blank_scaffolds_len10k (n=2216192),0.529937858471988,0.0175065524734281
Brachy_Blank_scaffolds_len10k (n=2216192),0.530988997876956,0.00523468951307845
Brachy_Blank_scaffolds_len10k (n=2216192),0.532040137281924,0.000574905159259031
Brachy_Blank_scaffolds_len10k (n=2216192),0.533091276686892,8.21168417219496e-06
Brachy_Blank_scaffolds_len10k (n=2216192),0.53414241609186,7.6065671617223e-09
Brachy_Blank_scaffolds_len10k (n=2216192),0.535193555496829,4.25902244052799e-13
Brachy_Blank_scaffolds_len10k (n=2216192),0.536244694901797,0
Brachy_Blank_scaffolds_len10k (n=2216192),0.537295834306765,0
Brachy_Blank_scaffolds_len10k (n=2216192),0.538346973711733,5.91858573241042e-16
Brachy_Blank_scaffolds_len10k (n=2216192),0.539398113116701,9.08560696116485e-16
Brachy_Blank_scaffolds_len10k (n=2216192),0.540449252521669,2.64501039346647e-12
Brachy_Blank_scaffolds_len10k (n=2216192),0.541500391926638,4.84609663739105e-08
Brachy_Blank_scaffolds_len10k (n=2216192),0.542551531331606,5.36066062124659e-05
Brachy_Blank_scaffolds_len10k (n=2216192),0.543602670736574,0.00363201287352539
Brachy_Blank_scaffolds_len10k (n=2216192),0.544653810141542,0.0187013885051628
Brachy_Blank_scaffolds_len10k (n=2216192),0.54570494954651,0.0225509398755121
Brachy_Blank_scaffolds_len10k (n=2216192),0.546756088951479,0.00991928003313241
Brachy_Blank_scaffolds_len10k (n=2216192),0.547807228356447,0.00145092381416544
Brachy_Blank_scaffolds_len10k (n=2216192),0.548858367761415,2.11265879100479e-05
Brachy_Blank_scaffolds_len10k (n=2216192),0.549909507166383,1.9303517616577e-08
Brachy_Blank_scaffolds_len10k (n=2216192),0.550960646571351,4.99649656073471e-09
Brachy_Blank_scaffolds_len10k (n=2216192),0.55201178597632,5.60354260534037e-06
Brachy_Blank_scaffolds_len10k (n=2216192),0.553062925381288,0.000475692259387609
Brachy_Blank_scaffolds_len10k (n=2216192),0.554114064786256,0.00883477702704628
Brachy_Blank_scaffolds_len10k (n=2216192),0.555165204191224,0.0345874938584376
Brachy_Blank_scaffolds_len10k (n=2216192),0.556216343596192,0.0277093329729804
Brachy_Blank_scaffolds_len10k (n=2216192),0.557267483001161,0.00527777325109114
Brachy_Blank_scaffolds_len10k (n=2216192),0.558318622406129,7.83571825334923e-05
Brachy_Blank_scaffolds_len10k (n=2216192),0.559369761811097,7.13595083618412e-08
Brachy_Blank_scaffolds_len10k (n=2216192),0.560420901216065,4.49691040008179e-12
Brachy_Blank_scaffolds_len10k (n=2216192),0.561472040621033,1.05574311903382e-08
Brachy_Blank_scaffolds_len10k (n=2216192),0.562523180026002,1.16236511419839e-05
Brachy_Blank_scaffolds_len10k (n=2216192),0.56357431943097,0.000781839398309591
Brachy_Blank_scaffolds_len10k (n=2216192),0.564625458835938,0.00388304385525746
Brachy_Blank_scaffolds_len10k (n=2216192),0.565676598240906,0.00411596021067369
Brachy_Blank_scaffolds_len10k (n=2216192),0.566727737645874,0.0010355525818055
Brachy_Blank_scaffolds_len10k (n=2216192),0.567778877050843,6.1110423674161e-05
Brachy_Blank_scaffolds_len10k (n=2216192),0.568830016455811,7.438417516852e-07
Brachy_Blank_scaffolds_len10k (n=2216192),0.569881155860779,6.66057831618689e-10
Brachy_Blank_scaffolds_len10k (n=2216192),0.570932295265747,4.08114176771304e-14
Brachy_Blank_scaffolds_len10k (n=2216192),0.571983434670715,3.96904464518781e-15
Brachy_Blank_scaffolds_len10k (n=2216192),0.573034574075684,3.90858374300666e-15
Brachy_Blank_scaffolds_len10k (n=2216192),0.574085713480652,8.87040326382021e-11
Brachy_Blank_scaffolds_len10k (n=2216192),0.57513685288562,1.26024414048959e-07
Brachy_Blank_scaffolds_len10k (n=2216192),0.576187992290588,4.00022897148597e-05
Brachy_Blank_scaffolds_len10k (n=2216192),0.577239131695556,0.00229755660563546
Brachy_Blank_scaffolds_len10k (n=2216192),0.578290271100524,0.0123843668905283
Brachy_Blank_scaffolds_len10k (n=2216192),0.579341410505493,0.0167939208687696
Brachy_Blank_scaffolds_len10k (n=2216192),0.580392549910461,0.00369020240478659
Brachy_Blank_scaffolds_len10k (n=2216192),0.581443689315429,0.000164310842937882
Brachy_Blank_scaffolds_len10k (n=2216192),0.582494828720397,0.000636933684338651
Brachy_Blank_scaffolds_len10k (n=2216192),0.583545968125366,0.00101895951371713
Brachy_Blank_scaffolds_len10k (n=2216192),0.584597107530334,0.000348013491205349
Brachy_Blank_scaffolds_len10k (n=2216192),0.585648246935302,3.46983575479276e-05
Brachy_Blank_scaffolds_len10k (n=2216192),0.58669938634027,4.81159365494241e-07
Brachy_Blank_scaffolds_len10k (n=2216192),0.587750525745238,7.55244001532368e-06
Brachy_Blank_scaffolds_len10k (n=2216192),0.588801665150206,0.000513625076490143
Brachy_Blank_scaffolds_len10k (n=2216192),0.589852804555175,0.00337854851021055
Brachy_Blank_scaffolds_len10k (n=2216192),0.590903943960143,0.00680337549435227
Brachy_Blank_scaffolds_len10k (n=2216192),0.591955083365111,0.00340404283151934
Brachy_Blank_scaffolds_len10k (n=2216192),0.593006222770079,0.000505401318740912
Brachy_Blank_scaffolds_len10k (n=2216192),0.594057362175048,7.27153308611855e-06
Brachy_Blank_scaffolds_len10k (n=2216192),0.595108501580016,8.08930895365248e-09
Brachy_Blank_scaffolds_len10k (n=2216192),0.596159640984984,1.65908009240085e-06
Brachy_Blank_scaffolds_len10k (n=2216192),0.597210780389952,0.000120580114391479
Brachy_Blank_scaffolds_len10k (n=2216192),0.59826191979492,0.00137900955161972
Brachy_Blank_scaffolds_len10k (n=2216192),0.599313059199888,0.00594927411284179
Brachy_Blank_scaffolds_len10k (n=2216192),0.600364198604857,0.00967342745371653
Brachy_Blank_scaffolds_len10k (n=2216192),0.601415338009825,0.00219313456355904
Brachy_Blank_scaffolds_len10k (n=2216192),0.602466477414793,3.26594760264913e-05
Brachy_Blank_scaffolds_len10k (n=2216192),0.603517616819761,2.94784957051633e-08
Brachy_Blank_scaffolds_len10k (n=2216192),0.604568756224729,7.74565060145242e-10
Brachy_Blank_scaffolds_len10k (n=2216192),0.605619895629698,8.14034586976723e-07
Brachy_Blank_scaffolds_len10k (n=2216192),0.606671035034666,5.61444874026693e-05
Brachy_Blank_scaffolds_len10k (n=2216192),0.607722174439634,0.000551257614510412
Brachy_Blank_scaffolds_len10k (n=2216192),0.608773313844602,0.00153391297214953
Brachy_Blank_scaffolds_len10k (n=2216192),0.60982445324957,0.000419238560268161
Brachy_Blank_scaffolds_len10k (n=2216192),0.610875592654539,1.8403366076142e-05
Brachy_Blank_scaffolds_len10k (n=2216192),0.611926732059507,3.62211743064036e-07
Brachy_Blank_scaffolds_len10k (n=2216192),0.612977871464475,1.16440854823751e-05
Brachy_Blank_scaffolds_len10k (n=2216192),0.614029010869443,0.000169623410934061
Brachy_Blank_scaffolds_len10k (n=2216192),0.615080150274411,0.000624913262127698
Brachy_Blank_scaffolds_len10k (n=2216192),0.61613128967938,0.000416419662333336
Brachy_Blank_scaffolds_len10k (n=2216192),0.617182429084348,0.000163891035496709
Brachy_Blank_scaffolds_len10k (n=2216192),0.618233568489316,0.00058944140599856
Brachy_Blank_scaffolds_len10k (n=2216192),0.619284707894284,0.00118400079350611
Brachy_Blank_scaffolds_len10k (n=2216192),0.620335847299252,0.000275752750076669
Brachy_Blank_scaffolds_len10k (n=2216192),0.621386986704221,5.5061096678776e-06
Brachy_Blank_scaffolds_len10k (n=2216192),0.622438126109189,3.92098422979898e-05
Brachy_Blank_scaffolds_len10k (n=2216192),0.623489265514157,0.00264383540884774
Brachy_Blank_scaffolds_len10k (n=2216192),0.624540404919125,0.0123733211564663
Brachy_Blank_scaffolds_len10k (n=2216192),0.625591544324093,0.0100764786721893
Brachy_Blank_scaffolds_len10k (n=2216192),0.626642683729062,0.00224908833466376
Brachy_Blank_scaffolds_len10k (n=2216192),0.62769382313403,0.000185396836234894
Brachy_Blank_scaffolds_len10k (n=2216192),0.628744962538998,0.000341824255445092
Brachy_Blank_scaffolds_len10k (n=2216192),0.629796101943966,0.000673575736316567
Brachy_Blank_scaffolds_len10k (n=2216192),0.630847241348934,0.00020875105161155
Brachy_Blank_scaffolds_len10k (n=2216192),0.631898380753903,1.79540922187241e-05
Brachy_Blank_scaffolds_len10k (n=2216192),0.632949520158871,5.57836616039026e-07
Brachy_Blank_scaffolds_len10k (n=2216192),0.634000659563839,0.00033317728589363
Brachy_Blank_scaffolds_len10k (n=2216192),0.635051798968807,0.0223453731164704
Brachy_Blank_scaffolds_len10k (n=2216192),0.636102938373775,0.0958521189246382
Brachy_Blank_scaffolds_len10k (n=2216192),0.637154077778743,0.048248729348733
Brachy_Blank_scaffolds_len10k (n=2216192),0.638205217183712,0.00889378159373622
Brachy_Blank_scaffolds_len10k (n=2216192),0.63925635658868,0.000616308157382694
Brachy_Blank_scaffolds_len10k (n=2216192),0.640307495993648,8.81623917596479e-06
Brachy_Blank_scaffolds_len10k (n=2216192),0.641358635398616,4.43075036790685e-05
Brachy_Blank_scaffolds_len10k (n=2216192),0.642409774803585,0.000200298996090516
Brachy_Blank_scaffolds_len10k (n=2216192),0.643460914208553,0.000142614273792357
Brachy_Blank_scaffolds_len10k (n=2216192),0.644512053613521,0.000248109011460461
Brachy_Blank_scaffolds_len10k (n=2216192),0.645563193018489,0.0141011088008814
Brachy_Blank_scaffolds_len10k (n=2216192),0.646614332423457,0.0636512104226048
Brachy_Blank_scaffolds_len10k (n=2216192),0.647665471828425,0.0450976255452352
Brachy_Blank_scaffolds_len10k (n=2216192),0.648716611233394,0.0120412923233618
Brachy_Blank_scaffolds_len10k (n=2216192),0.649767750638362,0.00126829641257878
Brachy_Blank_scaffolds_len10k (n=2216192),0.65081889004333,0.00495861735623439
Brachy_Blank_scaffolds_len10k (n=2216192),0.651870029448298,0.0216600658582903
Brachy_Blank_scaffolds_len10k (n=2216192),0.652921168853266,0.0128018989182154
Brachy_Blank_scaffolds_len10k (n=2216192),0.653972308258235,0.00217909912692565
Brachy_Blank_scaffolds_len10k (n=2216192),0.655023447663203,5.2376512873042e-05
Brachy_Blank_scaffolds_len10k (n=2216192),0.656074587068171,3.55312642902762e-07
Brachy_Blank_scaffolds_len10k (n=2216192),0.657125726473139,3.02173279187386e-10
Brachy_Blank_scaffolds_len10k (n=2216192),0.658176865878107,1.60730073441767e-14
Brachy_Blank_scaffolds_len10k (n=2216192),0.659228005283076,1.39842836516507e-15
Brachy_Blank_scaffolds_len10k (n=2216192),0.660279144688044,7.19616152498701e-15
Brachy_Blank_scaffolds_len10k (n=2216192),0.661330284093012,6.36752328453345e-12
Brachy_Blank_scaffolds_len10k (n=2216192),0.66238142349798,1.1649619559964e-07
Brachy_Blank_scaffolds_len10k (n=2216192),0.663432562902948,0.000128816806258408
Brachy_Blank_scaffolds_len10k (n=2216192),0.664483702307917,0.00888492704123249
Brachy_Blank_scaffolds_len10k (n=2216192),0.665534841712885,0.0570321202745858
Brachy_Blank_scaffolds_len10k (n=2216192),0.666585981117853,0.111218986988017
Brachy_Blank_scaffolds_len10k (n=2216192),0.667637120522821,0.0703434252647903
Brachy_Blank_scaffolds_len10k (n=2216192),0.668688259927789,0.0123561184528633
Brachy_Blank_scaffolds_len10k (n=2216192),0.669739399332758,0.000182302542336432
Brachy_Blank_scaffolds_len10k (n=2216192),0.670790538737726,1.66029979264386e-07
Brachy_Blank_scaffolds_len10k (n=2216192),0.671841678142694,9.13293119882944e-12
Brachy_Blank_scaffolds_len10k (n=2216192),0.672892817547662,9.75907745113001e-11
Brachy_Blank_scaffolds_len10k (n=2216192),0.67394395695263,1.07839418110415e-07
Brachy_Blank_scaffolds_len10k (n=2216192),0.674995096357598,7.65093417197545e-06
Brachy_Blank_scaffolds_len10k (n=2216192),0.676046235762567,6.41905426607771e-05
Brachy_Blank_scaffolds_len10k (n=2216192),0.677097375167535,0.000184973639689137
Brachy_Blank_scaffolds_len10k (n=2216192),0.678148514572503,0.000712970080906936
Brachy_Blank_scaffolds_len10k (n=2216192),0.679199653977471,0.00518481900731325
Brachy_Blank_scaffolds_len10k (n=2216192),0.680250793382439,0.0465775222207721
Brachy_Blank_scaffolds_len10k (n=2216192),0.681301932787408,0.181750156290775
Brachy_Blank_scaffolds_len10k (n=2216192),0.682353072192376,0.198106486905551
Brachy_Blank_scaffolds_len10k (n=2216192),0.683404211597344,0.0793028336142858
Brachy_Blank_scaffolds_len10k (n=2216192),0.684455351002312,0.054266482439168
Brachy_Blank_scaffolds_len10k (n=2216192),0.68550649040728,0.0343598379882393
Brachy_Blank_scaffolds_len10k (n=2216192),0.686557629812249,0.0791684444730198
Brachy_Blank_scaffolds_len10k (n=2216192),0.687608769217217,0.118260085480737
Brachy_Blank_scaffolds_len10k (n=2216192),0.688659908622185,0.0577169311841802
Brachy_Blank_scaffolds_len10k (n=2216192),0.689711048027153,0.0090581755119908
Brachy_Blank_scaffolds_len10k (n=2216192),0.690762187432121,0.00113246354876961
Brachy_Blank_scaffolds_len10k (n=2216192),0.69181332683709,0.00245243409290867
Brachy_Blank_scaffolds_len10k (n=2216192),0.692864466242058,0.00290034935732613
Brachy_Blank_scaffolds_len10k (n=2216192),0.693915605647026,0.00772785788852541
Brachy_Blank_scaffolds_len10k (n=2216192),0.694966745051994,0.0385778747019549
Brachy_Blank_scaffolds_len10k (n=2216192),0.696017884456962,0.0566654467794086
Brachy_Blank_scaffolds_len10k (n=2216192),0.697069023861931,0.0128282672157308
Brachy_Blank_scaffolds_len10k (n=2216192),0.698120163266899,0.00194979344531314
Brachy_Blank_scaffolds_len10k (n=2216192),0.699171302671867,0.0101673376462604
Brachy_Blank_scaffolds_len10k (n=2216192),0.700222442076835,0.0173125186870333
Brachy_Blank_scaffolds_len10k (n=2216192),0.701273581481804,0.00530746734031395
Brachy_Blank_scaffolds_len10k (n=2216192),0.702324720886772,0.00106663823222605
Brachy_Blank_scaffolds_len10k (n=2216192),0.70337586029174,0.0185760992105958
Brachy_Blank_scaffolds_len10k (n=2216192),0.704426999696708,0.139135177225114
Brachy_Blank_scaffolds_len10k (n=2216192),0.705478139101676,0.387581228944444
Brachy_Blank_scaffolds_len10k (n=2216192),0.706529278506644,0.397266077848716
Brachy_Blank_scaffolds_len10k (n=2216192),0.707580417911613,0.0936217472096817
Brachy_Blank_scaffolds_len10k (n=2216192),0.708631557316581,0.0234377350419153
Brachy_Blank_scaffolds_len10k (n=2216192),0.709682696721549,0.00586048573684344
Brachy_Blank_scaffolds_len10k (n=2216192),0.710733836126517,0.000770382999922167
Brachy_Blank_scaffolds_len10k (n=2216192),0.711784975531485,0.000444259925590198
Brachy_Blank_scaffolds_len10k (n=2216192),0.712836114936454,0.00167582348219245
Brachy_Blank_scaffolds_len10k (n=2216192),0.713887254341422,0.00493851521750579
Brachy_Blank_scaffolds_len10k (n=2216192),0.71493839374639,0.00473117507374183
Brachy_Blank_scaffolds_len10k (n=2216192),0.715989533151358,0.00098331442654362
Brachy_Blank_scaffolds_len10k (n=2216192),0.717040672556326,0.000390524181859427
Brachy_Blank_scaffolds_len10k (n=2216192),0.718091811961295,0.00225655149384423
Brachy_Blank_scaffolds_len10k (n=2216192),0.719142951366263,0.00840451748539778
Brachy_Blank_scaffolds_len10k (n=2216192),0.720194090771231,0.0403855463962768
Brachy_Blank_scaffolds_len10k (n=2216192),0.721245230176199,0.271103654583152
Brachy_Blank_scaffolds_len10k (n=2216192),0.722296369581167,0.762436533223397
Brachy_Blank_scaffolds_len10k (n=2216192),0.723347508986135,0.205158390761427
Brachy_Blank_scaffolds_len10k (n=2216192),0.724398648391104,0.0109229494289876
Brachy_Blank_scaffolds_len10k (n=2216192),0.725449787796072,0.0301869539370866
Brachy_Blank_scaffolds_len10k (n=2216192),0.72650092720104,0.16243088971771
Brachy_Blank_scaffolds_len10k (n=2216192),0.727552066606008,0.303573162418986
Brachy_Blank_scaffolds_len10k (n=2216192),0.728603206010976,0.0703079388613713
Brachy_Blank_scaffolds_len10k (n=2216192),0.729654345415945,0.00293671803908439
Brachy_Blank_scaffolds_len10k (n=2216192),0.730705484820913,0.00704991862737492
Brachy_Blank_scaffolds_len10k (n=2216192),0.731756624225881,0.022167725874587
Brachy_Blank_scaffolds_len10k (n=2216192),0.732807763630849,0.0952531396270934
Brachy_Blank_scaffolds_len10k (n=2216192),0.733858903035817,0.0956754583376331
Brachy_Blank_scaffolds_len10k (n=2216192),0.734910042440786,0.0406019816409422
Brachy_Blank_scaffolds_len10k (n=2216192),0.735961181845754,0.148881407031362
Brachy_Blank_scaffolds_len10k (n=2216192),0.737012321250722,0.324193599790191
Brachy_Blank_scaffolds_len10k (n=2216192),0.73806346065569,0.121826336954537
Brachy_Blank_scaffolds_len10k (n=2216192),0.739114600060658,0.125709183722967
Brachy_Blank_scaffolds_len10k (n=2216192),0.740165739465627,0.0383086572344038
Brachy_Blank_scaffolds_len10k (n=2216192),0.741216878870595,0.00518107220880265
Brachy_Blank_scaffolds_len10k (n=2216192),0.742268018275563,0.00240505956151237
Brachy_Blank_scaffolds_len10k (n=2216192),0.743319157680531,0.00279962131166041
Brachy_Blank_scaffolds_len10k (n=2216192),0.744370297085499,0.00417522394541739
Brachy_Blank_scaffolds_len10k (n=2216192),0.745421436490468,0.00175092737642549
Brachy_Blank_scaffolds_len10k (n=2216192),0.746472575895436,0.000291412601295127
Brachy_Blank_scaffolds_len10k (n=2216192),0.747523715300404,0.0028530204209116
Brachy_Blank_scaffolds_len10k (n=2216192),0.748574854705372,0.190460113031797
Brachy_Blank_scaffolds_len10k (n=2216192),0.74962599411034,0.843400957153598
Brachy_Blank_scaffolds_len10k (n=2216192),0.750677133515309,0.529160168017786
Brachy_Blank_scaffolds_len10k (n=2216192),0.751728272920277,0.124722096415327
Brachy_Blank_scaffolds_len10k (n=2216192),0.752779412325245,0.0111950854476465
Brachy_Blank_scaffolds_len10k (n=2216192),0.753830551730213,0.000883474393500143
Brachy_Blank_scaffolds_len10k (n=2216192),0.754881691135181,0.00337901704212753
Brachy_Blank_scaffolds_len10k (n=2216192),0.75593283054015,0.00312746201499789
Brachy_Blank_scaffolds_len10k (n=2216192),0.756983969945118,0.0028276457188591
Brachy_Blank_scaffolds_len10k (n=2216192),0.758035109350086,0.00374048058151398
Brachy_Blank_scaffolds_len10k (n=2216192),0.759086248755054,0.0109597188543327
Brachy_Blank_scaffolds_len10k (n=2216192),0.760137388160022,0.020805050409799
Brachy_Blank_scaffolds_len10k (n=2216192),0.761188527564991,0.0283891573586771
Brachy_Blank_scaffolds_len10k (n=2216192),0.762239666969959,0.0293240436898538
Brachy_Blank_scaffolds_len10k (n=2216192),0.763290806374927,0.333425964785493
Brachy_Blank_scaffolds_len10k (n=2216192),0.764341945779895,1.43655229653975
Brachy_Blank_scaffolds_len10k (n=2216192),0.765393085184863,0.923753696783603
Brachy_Blank_scaffolds_len10k (n=2216192),0.766444224589832,0.196512346434932
Brachy_Blank_scaffolds_len10k (n=2216192),0.7674953639948,0.0162231340413388
Brachy_Blank_scaffolds_len10k (n=2216192),0.768546503399768,0.0113626402558271
Brachy_Blank_scaffolds_len10k (n=2216192),0.769597642804736,0.0116560621716246
Brachy_Blank_scaffolds_len10k (n=2216192),0.770648782209704,0.0086408448765328
Brachy_Blank_scaffolds_len10k (n=2216192),0.771699921614673,0.0126992229843554
Brachy_Blank_scaffolds_len10k (n=2216192),0.772751061019641,0.0189629533113956
Brachy_Blank_scaffolds_len10k (n=2216192),0.773802200424609,0.0134008586409004
Brachy_Blank_scaffolds_len10k (n=2216192),0.774853339829577,0.010028833538073
Brachy_Blank_scaffolds_len10k (n=2216192),0.775904479234545,0.143542524988641
Brachy_Blank_scaffolds_len10k (n=2216192),0.776955618639514,0.717675090385247
Brachy_Blank_scaffolds_len10k (n=2216192),0.778006758044482,0.880827465764534
Brachy_Blank_scaffolds_len10k (n=2216192),0.77905789744945,0.405062625911443
Brachy_Blank_scaffolds_len10k (n=2216192),0.780109036854418,0.0676616528558814
Brachy_Blank_scaffolds_len10k (n=2216192),0.781160176259386,0.0099207529242525
Brachy_Blank_scaffolds_len10k (n=2216192),0.782211315664354,0.0106290188435082
Brachy_Blank_scaffolds_len10k (n=2216192),0.783262455069323,0.00996699881938591
Brachy_Blank_scaffolds_len10k (n=2216192),0.784313594474291,0.00981449742546863
Brachy_Blank_scaffolds_len10k (n=2216192),0.785364733879259,0.0157286994915283
Brachy_Blank_scaffolds_len10k (n=2216192),0.786415873284227,0.0145334382480805
Brachy_Blank_scaffolds_len10k (n=2216192),0.787467012689195,0.0510574520365417
Brachy_Blank_scaffolds_len10k (n=2216192),0.788518152094164,0.237708652087802
Brachy_Blank_scaffolds_len10k (n=2216192),0.789569291499132,0.343918693067039
Brachy_Blank_scaffolds_len10k (n=2216192),0.7906204309041,0.189868149785236
Brachy_Blank_scaffolds_len10k (n=2216192),0.791671570309068,0.0433549756653909
Brachy_Blank_scaffolds_len10k (n=2216192),0.792722709714036,0.0169273182732308
Brachy_Blank_scaffolds_len10k (n=2216192),0.793773849119005,0.0150429631520807
Brachy_Blank_scaffolds_len10k (n=2216192),0.794824988523973,0.0152334171143926
Brachy_Blank_scaffolds_len10k (n=2216192),0.795876127928941,0.018163895711741
Brachy_Blank_scaffolds_len10k (n=2216192),0.796927267333909,0.0139413317597577
Brachy_Blank_scaffolds_len10k (n=2216192),0.797978406738877,0.0232745943470593
Brachy_Blank_scaffolds_len10k (n=2216192),0.799029546143846,0.10273690529269
Brachy_Blank_scaffolds_len10k (n=2216192),0.800080685548814,0.161284383366047
Brachy_Blank_scaffolds_len10k (n=2216192),0.801131824953782,0.0836123669016417
Brachy_Blank_scaffolds_len10k (n=2216192),0.80218296435875,0.0182921844665973
Brachy_Blank_scaffolds_len10k (n=2216192),0.803234103763718,0.0135508776862083
Brachy_Blank_scaffolds_len10k (n=2216192),0.804285243168686,0.0174344160022449
Brachy_Blank_scaffolds_len10k (n=2216192),0.805336382573655,0.0167948920619437
Brachy_Blank_scaffolds_len10k (n=2216192),0.806387521978623,0.0179132964371921
Brachy_Blank_scaffolds_len10k (n=2216192),0.807438661383591,0.0221591083501831
Brachy_Blank_scaffolds_len10k (n=2216192),0.808489800788559,0.043878215748162
Brachy_Blank_scaffolds_len10k (n=2216192),0.809540940193527,0.0679975067078051
Brachy_Blank_scaffolds_len10k (n=2216192),0.810592079598496,0.0466544094012552
Brachy_Blank_scaffolds_len10k (n=2216192),0.811643219003464,0.0348921625619123
Brachy_Blank_scaffolds_len10k (n=2216192),0.812694358408432,0.0461516002966164
Brachy_Blank_scaffolds_len10k (n=2216192),0.8137454978134,0.0377752179978165
Brachy_Blank_scaffolds_len10k (n=2216192),0.814796637218369,0.0308261443223264
Brachy_Blank_scaffolds_len10k (n=2216192),0.815847776623337,0.0302871554676204
Brachy_Blank_scaffolds_len10k (n=2216192),0.816898916028305,0.0427121279242246
Brachy_Blank_scaffolds_len10k (n=2216192),0.817950055433273,0.0564303768187388
Brachy_Blank_scaffolds_len10k (n=2216192),0.819001194838241,0.0473480009465169
Brachy_Blank_scaffolds_len10k (n=2216192),0.820052334243209,0.0301577592576393
Brachy_Blank_scaffolds_len10k (n=2216192),0.821103473648178,0.0307763870382532
Brachy_Blank_scaffolds_len10k (n=2216192),0.822154613053146,0.0484322358435434
Brachy_Blank_scaffolds_len10k (n=2216192),0.823205752458114,0.0630101782625579
Brachy_Blank_scaffolds_len10k (n=2216192),0.824256891863082,0.053404497511438
Brachy_Blank_scaffolds_len10k (n=2216192),0.82530803126805,0.0431675086336106
Brachy_Blank_scaffolds_len10k (n=2216192),0.826359170673019,0.0576184535060648
Brachy_Blank_scaffolds_len10k (n=2216192),0.827410310077987,0.0445148867424123
Brachy_Blank_scaffolds_len10k (n=2216192),0.828461449482955,0.0487489123464185
Brachy_Blank_scaffolds_len10k (n=2216192),0.829512588887923,0.0520625427752284
Brachy_Blank_scaffolds_len10k (n=2216192),0.830563728292891,0.0459527480050342
Brachy_Blank_scaffolds_len10k (n=2216192),0.83161486769786,0.0344744483599411
Brachy_Blank_scaffolds_len10k (n=2216192),0.832666007102828,0.0675639794937763
Brachy_Blank_scaffolds_len10k (n=2216192),0.833717146507796,0.101513230289908
Brachy_Blank_scaffolds_len10k (n=2216192),0.834768285912764,0.0361031895727038
Brachy_Blank_scaffolds_len10k (n=2216192),0.835819425317732,0.0439813270539635
Brachy_Blank_scaffolds_len10k (n=2216192),0.836870564722701,0.0624292984785671
Brachy_Blank_scaffolds_len10k (n=2216192),0.837921704127669,0.0525380308559175
Brachy_Blank_scaffolds_len10k (n=2216192),0.838972843532637,0.0458218901730146
Brachy_Blank_scaffolds_len10k (n=2216192),0.840023982937605,0.0615405656804381
Brachy_Blank_scaffolds_len10k (n=2216192),0.841075122342573,0.049016258817022
Brachy_Blank_scaffolds_len10k (n=2216192),0.842126261747542,0.0799006428008682
Brachy_Blank_scaffolds_len10k (n=2216192),0.84317740115251,0.0760101753142936
Brachy_Blank_scaffolds_len10k (n=2216192),0.844228540557478,0.0598083577561926
Brachy_Blank_scaffolds_len10k (n=2216192),0.845279679962446,0.0673290945748242
Brachy_Blank_scaffolds_len10k (n=2216192),0.846330819367415,0.09687827229245
Brachy_Blank_scaffolds_len10k (n=2216192),0.847381958772383,0.065040503240054
Brachy_Blank_scaffolds_len10k (n=2216192),0.848433098177351,0.0705119467428267
Brachy_Blank_scaffolds_len10k (n=2216192),0.849484237582319,0.0843246983495954
Brachy_Blank_scaffolds_len10k (n=2216192),0.850535376987287,0.0796800310500298
Brachy_Blank_scaffolds_len10k (n=2216192),0.851586516392255,0.0820355685299015
Brachy_Blank_scaffolds_len10k (n=2216192),0.852637655797224,0.0794061198818597
Brachy_Blank_scaffolds_len10k (n=2216192),0.853688795202192,0.0939655943459132
Brachy_Blank_scaffolds_len10k (n=2216192),0.85473993460716,0.0930043733495013
Brachy_Blank_scaffolds_len10k (n=2216192),0.855791074012128,0.066463353932698
Brachy_Blank_scaffolds_len10k (n=2216192),0.856842213417096,0.129335107356015
Brachy_Blank_scaffolds_len10k (n=2216192),0.857893352822065,0.084411653122622
Brachy_Blank_scaffolds_len10k (n=2216192),0.858944492227033,0.0845656935080151
Brachy_Blank_scaffolds_len10k (n=2216192),0.859995631632001,0.10156026214398
Brachy_Blank_scaffolds_len10k (n=2216192),0.861046771036969,0.103121223171381
Brachy_Blank_scaffolds_len10k (n=2216192),0.862097910441937,0.106723587754545
Brachy_Blank_scaffolds_len10k (n=2216192),0.863149049846905,0.117778789386017
Brachy_Blank_scaffolds_len10k (n=2216192),0.864200189251874,0.121123073626882
Brachy_Blank_scaffolds_len10k (n=2216192),0.865251328656842,0.113342153665086
Brachy_Blank_scaffolds_len10k (n=2216192),0.86630246806181,0.167377616775602
Brachy_Blank_scaffolds_len10k (n=2216192),0.867353607466778,0.133777801368411
Brachy_Blank_scaffolds_len10k (n=2216192),0.868404746871746,0.119005542040131
Brachy_Blank_scaffolds_len10k (n=2216192),0.869455886276715,0.131752602413006
Brachy_Blank_scaffolds_len10k (n=2216192),0.870507025681683,0.132566169102936
Brachy_Blank_scaffolds_len10k (n=2216192),0.871558165086651,0.145860390518987
Brachy_Blank_scaffolds_len10k (n=2216192),0.872609304491619,0.141886260761749
Brachy_Blank_scaffolds_len10k (n=2216192),0.873660443896587,0.146365518340508
Brachy_Blank_scaffolds_len10k (n=2216192),0.874711583301556,0.320649651984183
Brachy_Blank_scaffolds_len10k (n=2216192),0.875762722706524,0.213017160924869
Brachy_Blank_scaffolds_len10k (n=2216192),0.876813862111492,0.149885554490931
Brachy_Blank_scaffolds_len10k (n=2216192),0.87786500151646,0.164290477230217
Brachy_Blank_scaffolds_len10k (n=2216192),0.878916140921428,0.170906145811673
Brachy_Blank_scaffolds_len10k (n=2216192),0.879967280326397,0.170900225064546
Brachy_Blank_scaffolds_len10k (n=2216192),0.881018419731365,0.185362357580969
Brachy_Blank_scaffolds_len10k (n=2216192),0.882069559136333,0.295444241064117
Brachy_Blank_scaffolds_len10k (n=2216192),0.883120698541301,0.244212646549179
Brachy_Blank_scaffolds_len10k (n=2216192),0.884171837946269,0.183269469426794
Brachy_Blank_scaffolds_len10k (n=2216192),0.885222977351238,0.181327803011835
Brachy_Blank_scaffolds_len10k (n=2216192),0.886274116756206,0.190176940565481
Brachy_Blank_scaffolds_len10k (n=2216192),0.887325256161174,0.186278651259232
Brachy_Blank_scaffolds_len10k (n=2216192),0.888376395566142,0.26544843140065
Brachy_Blank_scaffolds_len10k (n=2216192),0.88942753497111,0.238647477485757
Brachy_Blank_scaffolds_len10k (n=2216192),0.890478674376079,0.206411282392411
Brachy_Blank_scaffolds_len10k (n=2216192),0.891529813781047,0.216240041273843
Brachy_Blank_scaffolds_len10k (n=2216192),0.892580953186015,0.220015022466695
Brachy_Blank_scaffolds_len10k (n=2216192),0.893632092590983,0.228015730882826
Brachy_Blank_scaffolds_len10k (n=2216192),0.894683231995951,0.245312543669914
Brachy_Blank_scaffolds_len10k (n=2216192),0.89573437140092,0.25523747205822
Brachy_Blank_scaffolds_len10k (n=2216192),0.896785510805888,0.261110298955099
Brachy_Blank_scaffolds_len10k (n=2216192),0.897836650210856,0.271513229355462
Brachy_Blank_scaffolds_len10k (n=2216192),0.898887789615824,0.266071985271832
Brachy_Blank_scaffolds_len10k (n=2216192),0.899938929020792,0.269215501153258
Brachy_Blank_scaffolds_len10k (n=2216192),0.900990068425761,0.283764457786706
Brachy_Blank_scaffolds_len10k (n=2216192),0.902041207830729,0.290005422312536
Brachy_Blank_scaffolds_len10k (n=2216192),0.903092347235697,0.290551376932482
Brachy_Blank_scaffolds_len10k (n=2216192),0.904143486640665,0.312382656808618
Brachy_Blank_scaffolds_len10k (n=2216192),0.905194626045633,0.313813156746287
Brachy_Blank_scaffolds_len10k (n=2216192),0.906245765450602,0.296589064255516
Brachy_Blank_scaffolds_len10k (n=2216192),0.90729690485557,0.312367863873804
Brachy_Blank_scaffolds_len10k (n=2216192),0.908348044260538,0.346159487077287
Brachy_Blank_scaffolds_len10k (n=2216192),0.909399183665506,0.355570795876866
Brachy_Blank_scaffolds_len10k (n=2216192),0.910450323070474,0.342773683302923
Brachy_Blank_scaffolds_len10k (n=2216192),0.911501462475442,0.36941034240353
Brachy_Blank_scaffolds_len10k (n=2216192),0.912552601880411,0.382114872719141
Brachy_Blank_scaffolds_len10k (n=2216192),0.913603741285379,0.398862680934015
Brachy_Blank_scaffolds_len10k (n=2216192),0.914654880690347,0.391371243482282
Brachy_Blank_scaffolds_len10k (n=2216192),0.915706020095315,0.416640150631898
Brachy_Blank_scaffolds_len10k (n=2216192),0.916757159500284,0.43874748294817
Brachy_Blank_scaffolds_len10k (n=2216192),0.917808298905252,0.443289288577191
Brachy_Blank_scaffolds_len10k (n=2216192),0.91885943831022,0.469738744130644
Brachy_Blank_scaffolds_len10k (n=2216192),0.919910577715188,0.471978778421808
Brachy_Blank_scaffolds_len10k (n=2216192),0.920961717120156,0.495459117405646
Brachy_Blank_scaffolds_len10k (n=2216192),0.922012856525124,0.522806226893878
Brachy_Blank_scaffolds_len10k (n=2216192),0.923063995930093,0.513034476067746
Brachy_Blank_scaffolds_len10k (n=2216192),0.924115135335061,0.508802811696835
Brachy_Blank_scaffolds_len10k (n=2216192),0.925166274740029,0.549551860827961
Brachy_Blank_scaffolds_len10k (n=2216192),0.926217414144997,0.580375026872137
Brachy_Blank_scaffolds_len10k (n=2216192),0.927268553549965,0.551639565038133
Brachy_Blank_scaffolds_len10k (n=2216192),0.928319692954934,0.584403150480448
Brachy_Blank_scaffolds_len10k (n=2216192),0.929370832359902,0.624102871176715
Brachy_Blank_scaffolds_len10k (n=2216192),0.93042197176487,0.656044534165498
Brachy_Blank_scaffolds_len10k (n=2216192),0.931473111169838,0.655745925874243
Brachy_Blank_scaffolds_len10k (n=2216192),0.932524250574806,0.67357124932929
Brachy_Blank_scaffolds_len10k (n=2216192),0.933575389979774,0.742186461174398
Brachy_Blank_scaffolds_len10k (n=2216192),0.934626529384743,0.716366867723425
Brachy_Blank_scaffolds_len10k (n=2216192),0.935677668789711,0.766752343324036
Brachy_Blank_scaffolds_len10k (n=2216192),0.936728808194679,0.777728240662469
Brachy_Blank_scaffolds_len10k (n=2216192),0.937779947599647,0.864363429104835
Brachy_Blank_scaffolds_len10k (n=2216192),0.938831087004615,0.872620179354113
Brachy_Blank_scaffolds_len10k (n=2216192),0.939882226409584,0.915161876398644
Brachy_Blank_scaffolds_len10k (n=2216192),0.940933365814552,0.945788144893248
Brachy_Blank_scaffolds_len10k (n=2216192),0.94198450521952,0.993786319703115
Brachy_Blank_scaffolds_len10k (n=2216192),0.943035644624488,1.09345565336475
Brachy_Blank_scaffolds_len10k (n=2216192),0.944086784029457,1.0734529991238
Brachy_Blank_scaffolds_len10k (n=2216192),0.945137923434425,1.12302326464992
Brachy_Blank_scaffolds_len10k (n=2216192),0.946189062839393,1.21130944006731
Brachy_Blank_scaffolds_len10k (n=2216192),0.947240202244361,1.24991570225508
Brachy_Blank_scaffolds_len10k (n=2216192),0.948291341649329,1.28402441951616
Brachy_Blank_scaffolds_len10k (n=2216192),0.949342481054297,1.31227065648707
Brachy_Blank_scaffolds_len10k (n=2216192),0.950393620459266,1.37579769589355
Brachy_Blank_scaffolds_len10k (n=2216192),0.951444759864234,1.47941250975676
Brachy_Blank_scaffolds_len10k (n=2216192),0.952495899269202,1.56827596738767
Brachy_Blank_scaffolds_len10k (n=2216192),0.95354703867417,1.63025926961504
Brachy_Blank_scaffolds_len10k (n=2216192),0.954598178079138,1.7783596839028
Brachy_Blank_scaffolds_len10k (n=2216192),0.955649317484107,1.93495440686914
Brachy_Blank_scaffolds_len10k (n=2216192),0.956700456889075,2.09350355875978
Brachy_Blank_scaffolds_len10k (n=2216192),0.957751596294043,2.2413652187847
Brachy_Blank_scaffolds_len10k (n=2216192),0.958802735699011,2.40156154701673
Brachy_Blank_scaffolds_len10k (n=2216192),0.95985387510398,2.58093585205401
Brachy_Blank_scaffolds_len10k (n=2216192),0.960905014508948,2.75447742871154
Brachy_Blank_scaffolds_len10k (n=2216192),0.961956153913916,2.93659461728778
Brachy_Blank_scaffolds_len10k (n=2216192),0.963007293318884,3.19389779663471
Brachy_Blank_scaffolds_len10k (n=2216192),0.964058432723852,3.40090006260087
Brachy_Blank_scaffolds_len10k (n=2216192),0.96510957212882,3.65786104769177
Brachy_Blank_scaffolds_len10k (n=2216192),0.966160711533789,4.03004105427745
Brachy_Blank_scaffolds_len10k (n=2216192),0.967211850938757,4.37195239275876
Brachy_Blank_scaffolds_len10k (n=2216192),0.968262990343725,4.68467511706238
Brachy_Blank_scaffolds_len10k (n=2216192),0.969314129748693,5.04536310908371
Brachy_Blank_scaffolds_len10k (n=2216192),0.970365269153661,5.44260592805766
Brachy_Blank_scaffolds_len10k (n=2216192),0.97141640855863,5.77952662170987
Brachy_Blank_scaffolds_len10k (n=2216192),0.972467547963598,6.29708046523621
Brachy_Blank_scaffolds_len10k (n=2216192),0.973518687368566,6.76385644260125
Brachy_Blank_scaffolds_len10k (n=2216192),0.974569826773534,7.24859462605855
Brachy_Blank_scaffolds_len10k (n=2216192),0.975620966178502,7.79180281806828
Brachy_Blank_scaffolds_len10k (n=2216192),0.976672105583471,8.40058723058983
Brachy_Blank_scaffolds_len10k (n=2216192),0.977723244988439,9.01410365998506
Brachy_Blank_scaffolds_len10k (n=2216192),0.978774384393407,9.64327704553958
Brachy_Blank_scaffolds_len10k (n=2216192),0.979825523798375,10.2405899634677
Brachy_Blank_scaffolds_len10k (n=2216192),0.980876663203343,10.7453389819068
Brachy_Blank_scaffolds_len10k (n=2216192),0.981927802608311,11.1517289356534
Brachy_Blank_scaffolds_len10k (n=2216192),0.98297894201328,11.350240977562
Brachy_Blank_scaffolds_len10k (n=2216192),0.984030081418248,11.2749126852268
Brachy_Blank_scaffolds_len10k (n=2216192),0.985081220823216,10.8385405383083
Brachy_Blank_scaffolds_len10k (n=2216192),0.986132360228184,9.99372506486928
Brachy_Blank_scaffolds_len10k (n=2216192),0.987183499633153,9.01819722898665
Brachy_Blank_scaffolds_len10k (n=2216192),0.988234639038121,8.01143898035294
Brachy_Blank_scaffolds_len10k (n=2216192),0.989285778443089,6.92319775434981
Brachy_Blank_scaffolds_len10k (n=2216192),0.990336917848057,5.83629591098866
Brachy_Blank_scaffolds_len10k (n=2216192),0.991388057253025,4.6767863246414
Brachy_Blank_scaffolds_len10k (n=2216192),0.992439196657994,2.9403880271535
Brachy_Blank_scaffolds_len10k (n=2216192),0.993490336062962,1.02241814287806
Brachy_Blank_scaffolds_len10k (n=2216192),0.99454147546793,0.14470885280917
Brachy_Blank_scaffolds_len10k (n=2216192),0.995592614872898,0.00423234648545144
Brachy_Blank_scaffolds_len10k (n=2216192),0.996643754277866,0.187578786688928
Brachy_Blank_scaffolds_len10k (n=2216192),0.997694893682834,13.3835042864408
Brachy_Blank_scaffolds_len10k (n=2216192),0.998746033087803,114.159807022425
Brachy_Blank_scaffolds_len10k (n=2216192),0.999797172492771,301.939845836995
Brachy_Blank_scaffolds_len10k (n=2216192),1.00084831189774,199.226539531769
Brachy_Blank_scaffolds_len10k (n=2216192),1.00189945130271,35.2776607800583
Brachy_cells_scaffolds_len10k (n=450599),0.483164069572568,1.29826053658608e-05
Brachy_cells_scaffolds_len10k (n=450599),0.484208437206335,2.22646311251913e-05
Brachy_cells_scaffolds_len10k (n=450599),0.485252804840102,3.67933768922906e-05
Brachy_cells_scaffolds_len10k (n=450599),0.486297172473869,5.86252218269803e-05
Brachy_cells_scaffolds_len10k (n=450599),0.487341540107635,9.01215976533748e-05
Brachy_cells_scaffolds_len10k (n=450599),0.488385907741402,0.00013374311946818
Brachy_cells_scaffolds_len10k (n=450599),0.489430275375169,0.000191721065746497
Brachy_cells_scaffolds_len10k (n=450599),0.490474643008936,0.000265618530040098
Brachy_cells_scaffolds_len10k (n=450599),0.491519010642703,0.000355824039402156
Brachy_cells_scaffolds_len10k (n=450599),0.49256337827647,0.000461052855713582
Brachy_cells_scaffolds_len10k (n=450599),0.493607745910237,0.000577958805675204
Brachy_cells_scaffolds_len10k (n=450599),0.494652113544003,0.000700885362027529
Brachy_cells_scaffolds_len10k (n=450599),0.49569648117777,0.00082090411405145
Brachy_cells_scaffolds_len10k (n=450599),0.496740848811537,0.000928513462832466
Brachy_cells_scaffolds_len10k (n=450599),0.497785216445304,0.00101467902667148
Brachy_cells_scaffolds_len10k (n=450599),0.498829584079071,0.00107171483490445
Brachy_cells_scaffolds_len10k (n=450599),0.499873951712838,0.00109439288193608
Brachy_cells_scaffolds_len10k (n=450599),0.500918319346605,0.00108072986406159
Brachy_cells_scaffolds_len10k (n=450599),0.501962686980371,0.00103231029352158
Brachy_cells_scaffolds_len10k (n=450599),0.503007054614138,0.000954095920357355
Brachy_cells_scaffolds_len10k (n=450599),0.504051422247905,0.000853769213139847
Brachy_cells_scaffolds_len10k (n=450599),0.505095789881672,0.00074074319339914
Brachy_cells_scaffolds_len10k (n=450599),0.506140157515439,0.000625024271393258
Brachy_cells_scaffolds_len10k (n=450599),0.507184525149206,0.000516127478320493
Brachy_cells_scaffolds_len10k (n=450599),0.508228892782972,0.00042313900809729
Brachy_cells_scaffolds_len10k (n=450599),0.509273260416739,0.00035298337689909
Brachy_cells_scaffolds_len10k (n=450599),0.510317628050506,0.000308344212535987
Brachy_cells_scaffolds_len10k (n=450599),0.511361995684273,0.000290626649235394
Brachy_cells_scaffolds_len10k (n=450599),0.51240636331804,0.000299362223439173
Brachy_cells_scaffolds_len10k (n=450599),0.513450730951807,0.000332350377481766
Brachy_cells_scaffolds_len10k (n=450599),0.514495098585574,0.00038577858419431
Brachy_cells_scaffolds_len10k (n=450599),0.515539466219341,0.000454360739222928
Brachy_cells_scaffolds_len10k (n=450599),0.516583833853107,0.000531558944559658
Brachy_cells_scaffolds_len10k (n=450599),0.517628201486874,0.00060995260936997
Brachy_cells_scaffolds_len10k (n=450599),0.518672569120641,0.000681791783633509
Brachy_cells_scaffolds_len10k (n=450599),0.519716936754408,0.000739725207578485
Brachy_cells_scaffolds_len10k (n=450599),0.520761304388175,0.000777638897582365
Brachy_cells_scaffolds_len10k (n=450599),0.521805672021942,0.000790175064178327
Brachy_cells_scaffolds_len10k (n=450599),0.522850039655709,0.000776882411948929
Brachy_cells_scaffolds_len10k (n=450599),0.523894407289475,0.000741740742792452
Brachy_cells_scaffolds_len10k (n=450599),0.524938774923242,0.000691037281764521
Brachy_cells_scaffolds_len10k (n=450599),0.525983142557009,0.000634086452869545
Brachy_cells_scaffolds_len10k (n=450599),0.527027510190776,0.000582974981494947
Brachy_cells_scaffolds_len10k (n=450599),0.528071877824543,0.000552385264936877
Brachy_cells_scaffolds_len10k (n=450599),0.52911624545831,0.000559543094128768
Brachy_cells_scaffolds_len10k (n=450599),0.530160613092077,0.000624229933810311
Brachy_cells_scaffolds_len10k (n=450599),0.531204980725843,0.000768682443995009
Brachy_cells_scaffolds_len10k (n=450599),0.53224934835961,0.00101710113527256
Brachy_cells_scaffolds_len10k (n=450599),0.533293715993377,0.00139443663788288
Brachy_cells_scaffolds_len10k (n=450599),0.534338083627144,0.00192414623451761
Brachy_cells_scaffolds_len10k (n=450599),0.535382451260911,0.00263601657398217
Brachy_cells_scaffolds_len10k (n=450599),0.536426818894678,0.00353075281909449
Brachy_cells_scaffolds_len10k (n=450599),0.537471186528445,0.00459089311432742
Brachy_cells_scaffolds_len10k (n=450599),0.538515554162211,0.00578324111503838
Brachy_cells_scaffolds_len10k (n=450599),0.539559921795978,0.00705288745884014
Brachy_cells_scaffolds_len10k (n=450599),0.540604289429745,0.00832559404005754
Brachy_cells_scaffolds_len10k (n=450599),0.541648657063512,0.00951400911418899
Brachy_cells_scaffolds_len10k (n=450599),0.542693024697279,0.0105272926859999
Brachy_cells_scaffolds_len10k (n=450599),0.543737392331046,0.0112829622543727
Brachy_cells_scaffolds_len10k (n=450599),0.544781759964813,0.0117191595724632
Brachy_cells_scaffolds_len10k (n=450599),0.545826127598579,0.0118052309542609
Brachy_cells_scaffolds_len10k (n=450599),0.546870495232346,0.0115486018993941
Brachy_cells_scaffolds_len10k (n=450599),0.547914862866113,0.0109964431660808
Brachy_cells_scaffolds_len10k (n=450599),0.54895923049988,0.0102254506918455
Brachy_cells_scaffolds_len10k (n=450599),0.550003598133647,0.00937080554451649
Brachy_cells_scaffolds_len10k (n=450599),0.551047965767414,0.00855556980085155
Brachy_cells_scaffolds_len10k (n=450599),0.552092333401181,0.00789101331505961
Brachy_cells_scaffolds_len10k (n=450599),0.553136701034947,0.00746849506627761
Brachy_cells_scaffolds_len10k (n=450599),0.554181068668714,0.00735083503767165
Brachy_cells_scaffolds_len10k (n=450599),0.555225436302481,0.00756722012053171
Brachy_cells_scaffolds_len10k (n=450599),0.556269803936248,0.00811153866710745
Brachy_cells_scaffolds_len10k (n=450599),0.557314171570015,0.00894380111629887
Brachy_cells_scaffolds_len10k (n=450599),0.558358539203782,0.00999426392510022
Brachy_cells_scaffolds_len10k (n=450599),0.559402906837549,0.0111699499284437
Brachy_cells_scaffolds_len10k (n=450599),0.560447274471315,0.0123633443814943
Brachy_cells_scaffolds_len10k (n=450599),0.561491642105082,0.0134630302721225
Brachy_cells_scaffolds_len10k (n=450599),0.562536009738849,0.014341745217867
Brachy_cells_scaffolds_len10k (n=450599),0.563580377372616,0.0149323110156418
Brachy_cells_scaffolds_len10k (n=450599),0.564624745006383,0.0152012413703569
Brachy_cells_scaffolds_len10k (n=450599),0.56566911264015,0.0151558427371383
Brachy_cells_scaffolds_len10k (n=450599),0.566713480273917,0.014845947613085
Brachy_cells_scaffolds_len10k (n=450599),0.567757847907683,0.0143582182395046
Brachy_cells_scaffolds_len10k (n=450599),0.56880221554145,0.0138052210142145
Brachy_cells_scaffolds_len10k (n=450599),0.569846583175217,0.0133107918873016
Brachy_cells_scaffolds_len10k (n=450599),0.570890950808984,0.0129938010927824
Brachy_cells_scaffolds_len10k (n=450599),0.571935318442751,0.0129526298767668
Brachy_cells_scaffolds_len10k (n=450599),0.572979686076518,0.0132524824378997
Brachy_cells_scaffolds_len10k (n=450599),0.574024053710285,0.0139171340230829
Brachy_cells_scaffolds_len10k (n=450599),0.575068421344051,0.0149267248426504
Brachy_cells_scaffolds_len10k (n=450599),0.576112788977818,0.0162316598753709
Brachy_cells_scaffolds_len10k (n=450599),0.577157156611585,0.0176967920664771
Brachy_cells_scaffolds_len10k (n=450599),0.578201524245352,0.0192015644406388
Brachy_cells_scaffolds_len10k (n=450599),0.579245891879119,0.0206242525055505
Brachy_cells_scaffolds_len10k (n=450599),0.580290259512886,0.0218572498776644
Brachy_cells_scaffolds_len10k (n=450599),0.581334627146653,0.0228213228527853
Brachy_cells_scaffolds_len10k (n=450599),0.582378994780419,0.0234773504797171
Brachy_cells_scaffolds_len10k (n=450599),0.583423362414186,0.0238341418332269
Brachy_cells_scaffolds_len10k (n=450599),0.584467730047953,0.0239511882693529
Brachy_cells_scaffolds_len10k (n=450599),0.58551209768172,0.0239356509884892
Brachy_cells_scaffolds_len10k (n=450599),0.586556465315487,0.0239334450104124
Brachy_cells_scaffolds_len10k (n=450599),0.587600832949254,0.0241148735670834
Brachy_cells_scaffolds_len10k (n=450599),0.588645200583021,0.0246627544512732
Brachy_cells_scaffolds_len10k (n=450599),0.589689568216787,0.0257833258969107
Brachy_cells_scaffolds_len10k (n=450599),0.590733935850554,0.027546872062778
Brachy_cells_scaffolds_len10k (n=450599),0.591778303484321,0.0299813095670969
Brachy_cells_scaffolds_len10k (n=450599),0.592822671118088,0.0330296217142002
Brachy_cells_scaffolds_len10k (n=450599),0.593867038751855,0.0365450663896074
Brachy_cells_scaffolds_len10k (n=450599),0.594911406385622,0.0402985558054052
Brachy_cells_scaffolds_len10k (n=450599),0.595955774019389,0.0439997624257887
Brachy_cells_scaffolds_len10k (n=450599),0.597000141653155,0.0473313338967206
Brachy_cells_scaffolds_len10k (n=450599),0.598044509286922,0.0499929498923393
Brachy_cells_scaffolds_len10k (n=450599),0.599088876920689,0.0517493668859075
Brachy_cells_scaffolds_len10k (n=450599),0.600133244554456,0.0524746674066575
Brachy_cells_scaffolds_len10k (n=450599),0.601177612188223,0.052184218504895
Brachy_cells_scaffolds_len10k (n=450599),0.60222197982199,0.0510353896518617
Brachy_cells_scaffolds_len10k (n=450599),0.603266347455757,0.0493688916749487
Brachy_cells_scaffolds_len10k (n=450599),0.604310715089523,0.0476655861736978
Brachy_cells_scaffolds_len10k (n=450599),0.60535508272329,0.0463590170349852
Brachy_cells_scaffolds_len10k (n=450599),0.606399450357057,0.0458247133530242
Brachy_cells_scaffolds_len10k (n=450599),0.607443817990824,0.0463205283260715
Brachy_cells_scaffolds_len10k (n=450599),0.608488185624591,0.0479444240884103
Brachy_cells_scaffolds_len10k (n=450599),0.609532553258358,0.0506161014305391
Brachy_cells_scaffolds_len10k (n=450599),0.610576920892125,0.0540855203414496
Brachy_cells_scaffolds_len10k (n=450599),0.611621288525891,0.0579676551403972
Brachy_cells_scaffolds_len10k (n=450599),0.612665656159658,0.061799107300141
Brachy_cells_scaffolds_len10k (n=450599),0.613710023793425,0.0651088271700419
Brachy_cells_scaffolds_len10k (n=450599),0.614754391427192,0.0674925767758078
Brachy_cells_scaffolds_len10k (n=450599),0.615798759060959,0.0686364063612699
Brachy_cells_scaffolds_len10k (n=450599),0.616843126694726,0.068439648700659
Brachy_cells_scaffolds_len10k (n=450599),0.617887494328493,0.0671351778670757
Brachy_cells_scaffolds_len10k (n=450599),0.61893186196226,0.0650437379930196
Brachy_cells_scaffolds_len10k (n=450599),0.619976229596026,0.0625862436923365
Brachy_cells_scaffolds_len10k (n=450599),0.621020597229793,0.0602150880442398
Brachy_cells_scaffolds_len10k (n=450599),0.62206496486356,0.0583463858971865
Brachy_cells_scaffolds_len10k (n=450599),0.623109332497327,0.0573041813992079
Brachy_cells_scaffolds_len10k (n=450599),0.624153700131094,0.0572844410150964
Brachy_cells_scaffolds_len10k (n=450599),0.625198067764861,0.0583423826164146
Brachy_cells_scaffolds_len10k (n=450599),0.626242435398627,0.0604021831535245
Brachy_cells_scaffolds_len10k (n=450599),0.627286803032394,0.0632841598178476
Brachy_cells_scaffolds_len10k (n=450599),0.628331170666161,0.0667418267643361
Brachy_cells_scaffolds_len10k (n=450599),0.629375538299928,0.0705000455155065
Brachy_cells_scaffolds_len10k (n=450599),0.630419905933695,0.0742523731947662
Brachy_cells_scaffolds_len10k (n=450599),0.631464273567462,0.0777507646865958
Brachy_cells_scaffolds_len10k (n=450599),0.632508641201229,0.0807967830436904
Brachy_cells_scaffolds_len10k (n=450599),0.633553008834995,0.0832288130358254
Brachy_cells_scaffolds_len10k (n=450599),0.634597376468762,0.0849236818498392
Brachy_cells_scaffolds_len10k (n=450599),0.635641744102529,0.085802194421546
Brachy_cells_scaffolds_len10k (n=450599),0.636686111736296,0.0858393466453577
Brachy_cells_scaffolds_len10k (n=450599),0.637730479370063,0.0850774300791959
Brachy_cells_scaffolds_len10k (n=450599),0.63877484700383,0.0836381569680292
Brachy_cells_scaffolds_len10k (n=450599),0.639819214637597,0.0817287391142926
Brachy_cells_scaffolds_len10k (n=450599),0.640863582271363,0.0796368143335055
Brachy_cells_scaffolds_len10k (n=450599),0.64190794990513,0.0777103262586676
Brachy_cells_scaffolds_len10k (n=450599),0.642952317538897,0.0763708525274914
Brachy_cells_scaffolds_len10k (n=450599),0.643996685172664,0.0759800134763459
Brachy_cells_scaffolds_len10k (n=450599),0.645041052806431,0.076721783266029
Brachy_cells_scaffolds_len10k (n=450599),0.646085420440198,0.0786396294671497
Brachy_cells_scaffolds_len10k (n=450599),0.647129788073965,0.081592431932134
Brachy_cells_scaffolds_len10k (n=450599),0.648174155707731,0.0852629888264719
Brachy_cells_scaffolds_len10k (n=450599),0.649218523341498,0.0892011956784835
Brachy_cells_scaffolds_len10k (n=450599),0.650262890975265,0.0928978411621192
Brachy_cells_scaffolds_len10k (n=450599),0.651307258609032,0.0958781618850177
Brachy_cells_scaffolds_len10k (n=450599),0.652351626242799,0.0977989042988689
Brachy_cells_scaffolds_len10k (n=450599),0.653395993876566,0.0985298285853738
Brachy_cells_scaffolds_len10k (n=450599),0.654440361510333,0.0982011958539866
Brachy_cells_scaffolds_len10k (n=450599),0.655484729144099,0.0972031919251605
Brachy_cells_scaffolds_len10k (n=450599),0.656529096777866,0.0961784076095331
Brachy_cells_scaffolds_len10k (n=450599),0.657573464411633,0.0958980953031125
Brachy_cells_scaffolds_len10k (n=450599),0.6586178320454,0.0969539699357185
Brachy_cells_scaffolds_len10k (n=450599),0.659662199679167,0.0997155719951377
Brachy_cells_scaffolds_len10k (n=450599),0.660706567312934,0.104257385542091
Brachy_cells_scaffolds_len10k (n=450599),0.661750934946701,0.110350892893668
Brachy_cells_scaffolds_len10k (n=450599),0.662795302580467,0.117528099366532
Brachy_cells_scaffolds_len10k (n=450599),0.663839670214234,0.125208231472157
Brachy_cells_scaffolds_len10k (n=450599),0.664884037848001,0.132865840456779
Brachy_cells_scaffolds_len10k (n=450599),0.665928405481768,0.140208002899546
Brachy_cells_scaffolds_len10k (n=450599),0.666972773115535,0.147322625454303
Brachy_cells_scaffolds_len10k (n=450599),0.668017140749302,0.154760458573558
Brachy_cells_scaffolds_len10k (n=450599),0.669061508383069,0.163521070173013
Brachy_cells_scaffolds_len10k (n=450599),0.670105876016836,0.175247861570132
Brachy_cells_scaffolds_len10k (n=450599),0.671150243650602,0.191288974700264
Brachy_cells_scaffolds_len10k (n=450599),0.672194611284369,0.212587641104788
Brachy_cells_scaffolds_len10k (n=450599),0.673238978918136,0.239482661087115
Brachy_cells_scaffolds_len10k (n=450599),0.674283346551903,0.271474635042155
Brachy_cells_scaffolds_len10k (n=450599),0.67532771418567,0.307182065566218
Brachy_cells_scaffolds_len10k (n=450599),0.676372081819437,0.34446511939645
Brachy_cells_scaffolds_len10k (n=450599),0.677416449453204,0.380709009865329
Brachy_cells_scaffolds_len10k (n=450599),0.67846081708697,0.413227038053797
Brachy_cells_scaffolds_len10k (n=450599),0.679505184720737,0.439716255715173
Brachy_cells_scaffolds_len10k (n=450599),0.680549552354504,0.458681731959657
Brachy_cells_scaffolds_len10k (n=450599),0.681593919988271,0.469742718935434
Brachy_cells_scaffolds_len10k (n=450599),0.682638287622038,0.473748196307433
Brachy_cells_scaffolds_len10k (n=450599),0.683682655255805,0.472504686965332
Brachy_cells_scaffolds_len10k (n=450599),0.684727022889572,0.469435610947237
Brachy_cells_scaffolds_len10k (n=450599),0.685771390523338,0.467371108118073
Brachy_cells_scaffolds_len10k (n=450599),0.686815758157105,0.468566235331332
Brachy_cells_scaffolds_len10k (n=450599),0.687860125790872,0.474337889002174
Brachy_cells_scaffolds_len10k (n=450599),0.688904493424639,0.484881101380542
Brachy_cells_scaffolds_len10k (n=450599),0.689948861058406,0.499321450980572
Brachy_cells_scaffolds_len10k (n=450599),0.690993228692173,0.515984091687858
Brachy_cells_scaffolds_len10k (n=450599),0.692037596325939,0.532818782205413
Brachy_cells_scaffolds_len10k (n=450599),0.693081963959706,0.54789165423417
Brachy_cells_scaffolds_len10k (n=450599),0.694126331593473,0.559842540991627
Brachy_cells_scaffolds_len10k (n=450599),0.69517069922724,0.568213343906622
Brachy_cells_scaffolds_len10k (n=450599),0.696215066861007,0.573571765767938
Brachy_cells_scaffolds_len10k (n=450599),0.697259434494774,0.577538463512546
Brachy_cells_scaffolds_len10k (n=450599),0.698303802128541,0.582537878319103
Brachy_cells_scaffolds_len10k (n=450599),0.699348169762307,0.590641460524448
Brachy_cells_scaffolds_len10k (n=450599),0.700392537396074,0.603373303283836
Brachy_cells_scaffolds_len10k (n=450599),0.701436905029841,0.621386993515989
Brachy_cells_scaffolds_len10k (n=450599),0.702481272663608,0.644339527820956
Brachy_cells_scaffolds_len10k (n=450599),0.703525640297375,0.670986246205611
Brachy_cells_scaffolds_len10k (n=450599),0.704570007931142,0.699478328284354
Brachy_cells_scaffolds_len10k (n=450599),0.705614375564909,0.727805572414191
Brachy_cells_scaffolds_len10k (n=450599),0.706658743198676,0.754297821312952
Brachy_cells_scaffolds_len10k (n=450599),0.707703110832442,0.778083340470757
Brachy_cells_scaffolds_len10k (n=450599),0.708747478466209,0.799405073139123
Brachy_cells_scaffolds_len10k (n=450599),0.709791846099976,0.819744983939531
Brachy_cells_scaffolds_len10k (n=450599),0.710836213733743,0.842092176889365
Brachy_cells_scaffolds_len10k (n=450599),0.71188058136751,0.869694044678463
Brachy_cells_scaffolds_len10k (n=450599),0.712924949001277,0.905536937800789
Brachy_cells_scaffolds_len10k (n=450599),0.713969316635044,0.951900315270752
Brachy_cells_scaffolds_len10k (n=450599),0.71501368426881,1.01000016070698
Brachy_cells_scaffolds_len10k (n=450599),0.716058051902577,1.07984833472107
Brachy_cells_scaffolds_len10k (n=450599),0.717102419536344,1.16032375373982
Brachy_cells_scaffolds_len10k (n=450599),0.718146787170111,1.24940244093399
Brachy_cells_scaffolds_len10k (n=450599),0.719191154803878,1.34446381224812
Brachy_cells_scaffolds_len10k (n=450599),0.720235522437645,1.4425864850045
Brachy_cells_scaffolds_len10k (n=450599),0.721279890071411,1.54076894820756
Brachy_cells_scaffolds_len10k (n=450599),0.722324257705178,1.63605313570963
Brachy_cells_scaffolds_len10k (n=450599),0.723368625338945,1.72536082727772
Brachy_cells_scaffolds_len10k (n=450599),0.724412992972712,1.80534904293121
Brachy_cells_scaffolds_len10k (n=450599),0.725457360606479,1.87424982838828
Brachy_cells_scaffolds_len10k (n=450599),0.726501728240246,1.93069634107226
Brachy_cells_scaffolds_len10k (n=450599),0.727546095874013,1.97447276576002
Brachy_cells_scaffolds_len10k (n=450599),0.728590463507779,2.00674953597643
Brachy_cells_scaffolds_len10k (n=450599),0.729634831141546,2.03006112376608
Brachy_cells_scaffolds_len10k (n=450599),0.730679198775313,2.04795670476326
Brachy_cells_scaffolds_len10k (n=450599),0.73172356640908,2.0643479874296
Brachy_cells_scaffolds_len10k (n=450599),0.732767934042847,2.08267761045193
Brachy_cells_scaffolds_len10k (n=450599),0.733812301676614,2.10510804125716
Brachy_cells_scaffolds_len10k (n=450599),0.734856669310381,2.13196120590614
Brachy_cells_scaffolds_len10k (n=450599),0.735901036944147,2.16160706519766
Brachy_cells_scaffolds_len10k (n=450599),0.736945404577914,2.19074290546614
Brachy_cells_scaffolds_len10k (n=450599),0.737989772211681,2.21518559299804
Brachy_cells_scaffolds_len10k (n=450599),0.739034139845448,2.2324230444457
Brachy_cells_scaffolds_len10k (n=450599),0.740078507479215,2.24183692604131
Brachy_cells_scaffolds_len10k (n=450599),0.741122875112982,2.24491882086021
Brachy_cells_scaffolds_len10k (n=450599),0.742167242746749,2.24479981315403
Brachy_cells_scaffolds_len10k (n=450599),0.743211610380516,2.24527690490009
Brachy_cells_scaffolds_len10k (n=450599),0.744255978014282,2.24963634204413
Brachy_cells_scaffolds_len10k (n=450599),0.745300345648049,2.25962857526011
Brachy_cells_scaffolds_len10k (n=450599),0.746344713281816,2.27490508864385
Brachy_cells_scaffolds_len10k (n=450599),0.747389080915583,2.29309708679814
Brachy_cells_scaffolds_len10k (n=450599),0.74843344854935,2.31053115884974
Brachy_cells_scaffolds_len10k (n=450599),0.749477816183117,2.32338231776495
Brachy_cells_scaffolds_len10k (n=450599),0.750522183816883,2.32855725206203
Brachy_cells_scaffolds_len10k (n=450599),0.75156655145065,2.32561493610677
Brachy_cells_scaffolds_len10k (n=450599),0.752610919084417,2.31690452423739
Brachy_cells_scaffolds_len10k (n=450599),0.753655286718184,2.30563804017838
Brachy_cells_scaffolds_len10k (n=450599),0.754699654351951,2.29505163439588
Brachy_cells_scaffolds_len10k (n=450599),0.755744021985718,2.28729901800897
Brachy_cells_scaffolds_len10k (n=450599),0.756788389619485,2.28274136975624
Brachy_cells_scaffolds_len10k (n=450599),0.757832757253252,2.2798130205186
Brachy_cells_scaffolds_len10k (n=450599),0.758877124887018,2.27546191663712
Brachy_cells_scaffolds_len10k (n=450599),0.759921492520785,2.26600166339689
Brachy_cells_scaffolds_len10k (n=450599),0.760965860154552,2.24810679959635
Brachy_cells_scaffolds_len10k (n=450599),0.762010227788319,2.21965844978916
Brachy_cells_scaffolds_len10k (n=450599),0.763054595422086,2.18020880755524
Brachy_cells_scaffolds_len10k (n=450599),0.764098963055853,2.13057379298009
Brachy_cells_scaffolds_len10k (n=450599),0.76514333068962,2.07378135497004
Brachy_cells_scaffolds_len10k (n=450599),0.766187698323386,2.01306484343431
Brachy_cells_scaffolds_len10k (n=450599),0.767232065957153,1.95103685324858
Brachy_cells_scaffolds_len10k (n=450599),0.76827643359092,1.88976942467359
Brachy_cells_scaffolds_len10k (n=450599),0.769320801224687,1.8307682375208
Brachy_cells_scaffolds_len10k (n=450599),0.770365168858454,1.77509562289185
Brachy_cells_scaffolds_len10k (n=450599),0.771409536492221,1.72353850577637
Brachy_cells_scaffolds_len10k (n=450599),0.772453904125988,1.67674108305245
Brachy_cells_scaffolds_len10k (n=450599),0.773498271759754,1.63526664660511
Brachy_cells_scaffolds_len10k (n=450599),0.774542639393521,1.59959871714368
Brachy_cells_scaffolds_len10k (n=450599),0.775587007027288,1.57012167630073
Brachy_cells_scaffolds_len10k (n=450599),0.776631374661055,1.54712450866002
Brachy_cells_scaffolds_len10k (n=450599),0.777675742294822,1.53131648197692
Brachy_cells_scaffolds_len10k (n=450599),0.778720109928589,1.52271904954923
Brachy_cells_scaffolds_len10k (n=450599),0.779764477562356,1.52146736158217
Brachy_cells_scaffolds_len10k (n=450599),0.780808845196122,1.52780488979573
Brachy_cells_scaffolds_len10k (n=450599),0.781853212829889,1.54175596664176
Brachy_cells_scaffolds_len10k (n=450599),0.782897580463656,1.56296873836475
Brachy_cells_scaffolds_len10k (n=450599),0.783941948097423,1.59063122686239
Brachy_cells_scaffolds_len10k (n=450599),0.78498631573119,1.62351394637661
Brachy_cells_scaffolds_len10k (n=450599),0.786030683364957,1.66015459454303
Brachy_cells_scaffolds_len10k (n=450599),0.787075050998723,1.69915528713098
Brachy_cells_scaffolds_len10k (n=450599),0.78811941863249,1.73952315379078
Brachy_cells_scaffolds_len10k (n=450599),0.789163786266257,1.78096202301925
Brachy_cells_scaffolds_len10k (n=450599),0.790208153900024,1.82402453310618
Brachy_cells_scaffolds_len10k (n=450599),0.791252521533791,1.87046644413355
Brachy_cells_scaffolds_len10k (n=450599),0.792296889167558,1.92221321407899
Brachy_cells_scaffolds_len10k (n=450599),0.793341256801325,1.98113067506767
Brachy_cells_scaffolds_len10k (n=450599),0.794385624435092,2.04874867510164
Brachy_cells_scaffolds_len10k (n=450599),0.795429992068858,2.12606320076093
Brachy_cells_scaffolds_len10k (n=450599),0.796474359702625,2.21360775522684
Brachy_cells_scaffolds_len10k (n=450599),0.797518727336392,2.31170526614826
Brachy_cells_scaffolds_len10k (n=450599),0.798563094970159,2.42078877628678
Brachy_cells_scaffolds_len10k (n=450599),0.799607462603926,2.54164132903566
Brachy_cells_scaffolds_len10k (n=450599),0.800651830237693,2.67541202564484
Brachy_cells_scaffolds_len10k (n=450599),0.801696197871459,2.82331888261565
Brachy_cells_scaffolds_len10k (n=450599),0.802740565505226,2.98604198352929
Brachy_cells_scaffolds_len10k (n=450599),0.803784933138993,3.16292356039134
Brachy_cells_scaffolds_len10k (n=450599),0.80482930077276,3.3515814562523
Brachy_cells_scaffolds_len10k (n=450599),0.805873668406527,3.5446779762257
Brachy_cells_scaffolds_len10k (n=450599),0.806918036040294,3.73395300968115
Brachy_cells_scaffolds_len10k (n=450599),0.807962403674061,3.91015108239459
Brachy_cells_scaffolds_len10k (n=450599),0.809006771307828,4.06436440185684
Brachy_cells_scaffolds_len10k (n=450599),0.810051138941594,4.18944716324955
Brachy_cells_scaffolds_len10k (n=450599),0.811095506575361,4.28114757977031
Brachy_cells_scaffolds_len10k (n=450599),0.812139874209128,4.33873071785867
Brachy_cells_scaffolds_len10k (n=450599),0.813184241842895,4.36498918732488
Brachy_cells_scaffolds_len10k (n=450599),0.814228609476662,4.36567475932838
Brachy_cells_scaffolds_len10k (n=450599),0.815272977110429,4.3485016705717
Brachy_cells_scaffolds_len10k (n=450599),0.816317344744195,4.32194721154928
Brachy_cells_scaffolds_len10k (n=450599),0.817361712377963,4.29412823455263
Brachy_cells_scaffolds_len10k (n=450599),0.818406080011729,4.2727657157568
Brachy_cells_scaffolds_len10k (n=450599),0.819450447645496,4.26221127861785
Brachy_cells_scaffolds_len10k (n=450599),0.820494815279263,4.26474165115748
Brachy_cells_scaffolds_len10k (n=450599),0.82153918291303,4.28092358168481
Brachy_cells_scaffolds_len10k (n=450599),0.822583550546797,4.30999249118395
Brachy_cells_scaffolds_len10k (n=450599),0.823627918180564,4.350271266712
Brachy_cells_scaffolds_len10k (n=450599),0.82467228581433,4.39957479157974
Brachy_cells_scaffolds_len10k (n=450599),0.825716653448097,4.45556980926508
Brachy_cells_scaffolds_len10k (n=450599),0.826761021081864,4.5160772877837
Brachy_cells_scaffolds_len10k (n=450599),0.827805388715631,4.57931473994158
Brachy_cells_scaffolds_len10k (n=450599),0.828849756349398,4.64407962927383
Brachy_cells_scaffolds_len10k (n=450599),0.829894123983165,4.70987375074468
Brachy_cells_scaffolds_len10k (n=450599),0.830938491616932,4.77700603385619
Brachy_cells_scaffolds_len10k (n=450599),0.831982859250698,4.84685952621437
Brachy_cells_scaffolds_len10k (n=450599),0.833027226884465,4.92116027277097
Brachy_cells_scaffolds_len10k (n=450599),0.834071594518232,5.00205910847122
Brachy_cells_scaffolds_len10k (n=450599),0.835115962151999,5.09171076757627
Brachy_cells_scaffolds_len10k (n=450599),0.836160329785766,5.19190982591963
Brachy_cells_scaffolds_len10k (n=450599),0.837204697419533,5.30373068845785
Brachy_cells_scaffolds_len10k (n=450599),0.838249065053299,5.42722513346504
Brachy_cells_scaffolds_len10k (n=450599),0.839293432687066,5.56122847199215
Brachy_cells_scaffolds_len10k (n=450599),0.840337800320833,5.70331330865161
Brachy_cells_scaffolds_len10k (n=450599),0.8413821679546,5.84990981067192
Brachy_cells_scaffolds_len10k (n=450599),0.842426535588367,5.9965862746315
Brachy_cells_scaffolds_len10k (n=450599),0.843470903222134,6.13845759560429
Brachy_cells_scaffolds_len10k (n=450599),0.844515270855901,6.27028039209235
Brachy_cells_scaffolds_len10k (n=450599),0.845559638489668,6.38675342292583
Brachy_cells_scaffolds_len10k (n=450599),0.846604006123434,6.48549121718377
Brachy_cells_scaffolds_len10k (n=450599),0.847648373757201,6.5647147293364
Brachy_cells_scaffolds_len10k (n=450599),0.848692741390968,6.6238990738516
Brachy_cells_scaffolds_len10k (n=450599),0.849737109024735,6.66364439806845
Brachy_cells_scaffolds_len10k (n=450599),0.850781476658502,6.68544740929343
Brachy_cells_scaffolds_len10k (n=450599),0.851825844292269,6.69142233631668
Brachy_cells_scaffolds_len10k (n=450599),0.852870211926036,6.68401867889365
Brachy_cells_scaffolds_len10k (n=450599),0.853914579559802,6.66577410526894
Brachy_cells_scaffolds_len10k (n=450599),0.854958947193569,6.63912688557408
Brachy_cells_scaffolds_len10k (n=450599),0.856003314827336,6.60629627838804
Brachy_cells_scaffolds_len10k (n=450599),0.857047682461103,6.56922437930506
Brachy_cells_scaffolds_len10k (n=450599),0.85809205009487,6.5295216783341
Brachy_cells_scaffolds_len10k (n=450599),0.859136417728637,6.48867888001787
Brachy_cells_scaffolds_len10k (n=450599),0.860180785362404,6.44782502640939
Brachy_cells_scaffolds_len10k (n=450599),0.86122515299617,6.40765620722492
Brachy_cells_scaffolds_len10k (n=450599),0.862269520629937,6.36855281406351
Brachy_cells_scaffolds_len10k (n=450599),0.863313888263704,6.33056342081955
Brachy_cells_scaffolds_len10k (n=450599),0.864358255897471,6.29340717751191
Brachy_cells_scaffolds_len10k (n=450599),0.865402623531238,6.25650446622017
Brachy_cells_scaffolds_len10k (n=450599),0.866446991165005,6.21903963911201
Brachy_cells_scaffolds_len10k (n=450599),0.867491358798772,6.18005282814665
Brachy_cells_scaffolds_len10k (n=450599),0.868535726432538,6.13855153661496
Brachy_cells_scaffolds_len10k (n=450599),0.869580094066305,6.09362820331715
Brachy_cells_scaffolds_len10k (n=450599),0.870624461700072,6.0445680206245
Brachy_cells_scaffolds_len10k (n=450599),0.871668829333839,5.99071135388297
Brachy_cells_scaffolds_len10k (n=450599),0.872713196967606,5.93200397386991
Brachy_cells_scaffolds_len10k (n=450599),0.873757564601373,5.86895816487442
Brachy_cells_scaffolds_len10k (n=450599),0.87480193223514,5.80214605544579
Brachy_cells_scaffolds_len10k (n=450599),0.875846299868906,5.73232532256238
Brachy_cells_scaffolds_len10k (n=450599),0.876890667502673,5.66034980906964
Brachy_cells_scaffolds_len10k (n=450599),0.87793503513644,5.58707927212084
Brachy_cells_scaffolds_len10k (n=450599),0.878979402770207,5.51329897618193
Brachy_cells_scaffolds_len10k (n=450599),0.880023770403974,5.43965824713028
Brachy_cells_scaffolds_len10k (n=450599),0.881068138037741,5.36663469778845
Brachy_cells_scaffolds_len10k (n=450599),0.882112505671508,5.29452768038048
Brachy_cells_scaffolds_len10k (n=450599),0.883156873305275,5.22348076385795
Brachy_cells_scaffolds_len10k (n=450599),0.884201240939041,5.15352893680674
Brachy_cells_scaffolds_len10k (n=450599),0.885245608572808,5.08472716528235
Brachy_cells_scaffolds_len10k (n=450599),0.886289976206575,5.01708367566114
Brachy_cells_scaffolds_len10k (n=450599),0.887334343840342,4.95069685667654
Brachy_cells_scaffolds_len10k (n=450599),0.888378711474109,4.88581973849808
Brachy_cells_scaffolds_len10k (n=450599),0.889423079107876,4.82281039502407
Brachy_cells_scaffolds_len10k (n=450599),0.890467446741642,4.76209161805495
Brachy_cells_scaffolds_len10k (n=450599),0.891511814375409,4.70409106386063
Brachy_cells_scaffolds_len10k (n=450599),0.892556182009176,4.64917306157347
Brachy_cells_scaffolds_len10k (n=450599),0.893600549642943,4.59757439272217
Brachy_cells_scaffolds_len10k (n=450599),0.89464491727671,4.5493554176377
Brachy_cells_scaffolds_len10k (n=450599),0.895689284910477,4.50437516684963
Brachy_cells_scaffolds_len10k (n=450599),0.896733652544244,4.46229487512929
Brachy_cells_scaffolds_len10k (n=450599),0.89777802017801,4.42260953055122
Brachy_cells_scaffolds_len10k (n=450599),0.898822387811777,4.38477107991054
Brachy_cells_scaffolds_len10k (n=450599),0.899866755445544,4.34796555012353
Brachy_cells_scaffolds_len10k (n=450599),0.900911123079311,4.31154614674478
Brachy_cells_scaffolds_len10k (n=450599),0.901955490713078,4.27500448889438
Brachy_cells_scaffolds_len10k (n=450599),0.902999858346845,4.23795618557597
Brachy_cells_scaffolds_len10k (n=450599),0.904044225980611,4.20014792986145
Brachy_cells_scaffolds_len10k (n=450599),0.905088593614378,4.1614493185654
Brachy_cells_scaffolds_len10k (n=450599),0.906132961248145,4.12183447760599
Brachy_cells_scaffolds_len10k (n=450599),0.907177328881912,4.08135833013914
Brachy_cells_scaffolds_len10k (n=450599),0.908221696515679,4.04013113943458
Brachy_cells_scaffolds_len10k (n=450599),0.909266064149446,3.99829343926325
Brachy_cells_scaffolds_len10k (n=450599),0.910310431783213,3.95599226124861
Brachy_cells_scaffolds_len10k (n=450599),0.91135479941698,3.9133591712086
Brachy_cells_scaffolds_len10k (n=450599),0.912399167050746,3.87047628578242
Brachy_cells_scaffolds_len10k (n=450599),0.913443534684513,3.82740144748939
Brachy_cells_scaffolds_len10k (n=450599),0.91448790231828,3.78411965810717
Brachy_cells_scaffolds_len10k (n=450599),0.915532269952047,3.74057537934088
Brachy_cells_scaffolds_len10k (n=450599),0.916576637585814,3.69669609353282
Brachy_cells_scaffolds_len10k (n=450599),0.917621005219581,3.65241562610004
Brachy_cells_scaffolds_len10k (n=450599),0.918665372853348,3.60769408440661
Brachy_cells_scaffolds_len10k (n=450599),0.919709740487114,3.56252907802652
Brachy_cells_scaffolds_len10k (n=450599),0.920754108120881,3.51695523686361
Brachy_cells_scaffolds_len10k (n=450599),0.921798475754648,3.47103224729105
Brachy_cells_scaffolds_len10k (n=450599),0.922842843388415,3.42482487561443
Brachy_cells_scaffolds_len10k (n=450599),0.923887211022182,3.37838091539958
Brachy_cells_scaffolds_len10k (n=450599),0.924931578655949,3.331713958934
Brachy_cells_scaffolds_len10k (n=450599),0.925975946289715,3.28476808824543
Brachy_cells_scaffolds_len10k (n=450599),0.927020313923482,3.23749788569668
Brachy_cells_scaffolds_len10k (n=450599),0.928064681557249,3.1898391194442
Brachy_cells_scaffolds_len10k (n=450599),0.929109049191016,3.14175289139564
Brachy_cells_scaffolds_len10k (n=450599),0.930153416824783,3.09324829745093
Brachy_cells_scaffolds_len10k (n=450599),0.93119778445855,3.04439564769734
Brachy_cells_scaffolds_len10k (n=450599),0.932242152092317,2.99532972845043
Brachy_cells_scaffolds_len10k (n=450599),0.933286519726084,2.94624463023805
Brachy_cells_scaffolds_len10k (n=450599),0.93433088735985,2.89738355863267
Brachy_cells_scaffolds_len10k (n=450599),0.935375254993617,2.84902774063354
Brachy_cells_scaffolds_len10k (n=450599),0.936419622627384,2.80148797031068
Brachy_cells_scaffolds_len10k (n=450599),0.937463990261151,2.75510069708014
Brachy_cells_scaffolds_len10k (n=450599),0.938508357894918,2.71024324374373
Brachy_cells_scaffolds_len10k (n=450599),0.939552725528685,2.66750094927088
Brachy_cells_scaffolds_len10k (n=450599),0.940597093162452,2.62716790786798
Brachy_cells_scaffolds_len10k (n=450599),0.941641460796219,2.58967517738615
Brachy_cells_scaffolds_len10k (n=450599),0.942685828429985,2.55543985125655
Brachy_cells_scaffolds_len10k (n=450599),0.943730196063752,2.52483513285561
Brachy_cells_scaffolds_len10k (n=450599),0.944774563697519,2.4981576194752
Brachy_cells_scaffolds_len10k (n=450599),0.945818931331286,2.47559625630542
Brachy_cells_scaffolds_len10k (n=450599),0.946863298965053,2.45720680721101
Brachy_cells_scaffolds_len10k (n=450599),0.94790766659882,2.44289433674124
Brachy_cells_scaffolds_len10k (n=450599),0.948952034232586,2.43240451472996
Brachy_cells_scaffolds_len10k (n=450599),0.949996401866353,2.42532295591971
Brachy_cells_scaffolds_len10k (n=450599),0.95104076950012,2.42108065973392
Brachy_cells_scaffolds_len10k (n=450599),0.952085137133887,2.41898403431742
Brachy_cells_scaffolds_len10k (n=450599),0.953129504767654,2.41812773642297
Brachy_cells_scaffolds_len10k (n=450599),0.954173872401421,2.41734801966914
Brachy_cells_scaffolds_len10k (n=450599),0.955218240035188,2.41553524335802
Brachy_cells_scaffolds_len10k (n=450599),0.956262607668954,2.41149748809411
Brachy_cells_scaffolds_len10k (n=450599),0.957306975302721,2.40398608760689
Brachy_cells_scaffolds_len10k (n=450599),0.958351342936488,2.39172902887106
Brachy_cells_scaffolds_len10k (n=450599),0.959395710570255,2.37347284242999
Brachy_cells_scaffolds_len10k (n=450599),0.960440078204022,2.34803249855379
Brachy_cells_scaffolds_len10k (n=450599),0.961484445837789,2.31434758283788
Brachy_cells_scaffolds_len10k (n=450599),0.962528813471556,2.27154176821898
Brachy_cells_scaffolds_len10k (n=450599),0.963573181105322,2.21898146804152
Brachy_cells_scaffolds_len10k (n=450599),0.964617548739089,2.15632869779518
Brachy_cells_scaffolds_len10k (n=450599),0.965661916372856,2.08330901279491
Brachy_cells_scaffolds_len10k (n=450599),0.966706284006623,2.00005548593754
Brachy_cells_scaffolds_len10k (n=450599),0.96775065164039,1.90804848660851
Brachy_cells_scaffolds_len10k (n=450599),0.968795019274157,1.80845194516538
Brachy_cells_scaffolds_len10k (n=450599),0.969839386907924,1.70269668134516
Brachy_cells_scaffolds_len10k (n=450599),0.97088375454169,1.59240838728424
Brachy_cells_scaffolds_len10k (n=450599),0.971928122175457,1.47932583596338
Brachy_cells_scaffolds_len10k (n=450599),0.972972489809224,1.36521681248825
Brachy_cells_scaffolds_len10k (n=450599),0.974016857442991,1.25179984489961
Brachy_cells_scaffolds_len10k (n=450599),0.975061225076758,1.14068000008865
Brachy_cells_scaffolds_len10k (n=450599),0.976105592710525,1.03330698860481
Brachy_cells_scaffolds_len10k (n=450599),0.977149960344292,0.930963765464013
Brachy_cells_scaffolds_len10k (n=450599),0.978194327978058,0.83479384821602
Brachy_cells_scaffolds_len10k (n=450599),0.979238695611825,0.746210573390766
Brachy_cells_scaffolds_len10k (n=450599),0.980283063245592,0.666707185536875
Brachy_cells_scaffolds_len10k (n=450599),0.981327430879359,0.597499585005413
Brachy_cells_scaffolds_len10k (n=450599),0.982371798513126,0.540867508968834
Brachy_cells_scaffolds_len10k (n=450599),0.983416166146893,0.500082188028311
Brachy_cells_scaffolds_len10k (n=450599),0.984460533780659,0.479690368941719
Brachy_cells_scaffolds_len10k (n=450599),0.985504901414426,0.485684369449295
Brachy_cells_scaffolds_len10k (n=450599),0.986549269048193,0.525453435754585
Brachy_cells_scaffolds_len10k (n=450599),0.98759363668196,0.607406164222293
Brachy_cells_scaffolds_len10k (n=450599),0.988638004315727,0.740173789256954
Brachy_cells_scaffolds_len10k (n=450599),0.989682371949494,0.931356104732079
Brachy_cells_scaffolds_len10k (n=450599),0.990726739583261,1.1858570754021
Brachy_cells_scaffolds_len10k (n=450599),0.991771107217028,1.50397080729438
Brachy_cells_scaffolds_len10k (n=450599),0.992815474850794,1.88145357845395
Brachy_cells_scaffolds_len10k (n=450599),0.993859842484561,2.30016938542428
Brachy_cells_scaffolds_len10k (n=450599),0.994904210118328,2.73300809065992
Brachy_cells_scaffolds_len10k (n=450599),0.995948577752095,3.14919020468814
Brachy_cells_scaffolds_len10k (n=450599),0.996992945385862,3.51505055827948
Brachy_cells_scaffolds_len10k (n=450599),0.998037313019629,3.79815202202213
Brachy_cells_scaffolds_len10k (n=450599),0.999081680653395,3.97164105659474
Brachy_cells_scaffolds_len10k (n=450599),1.00012604828716,4.01807043973255
Brachy_cells_scaffolds_len10k (n=450599),1.00117041592093,3.93197882181426
Brachy_cells_scaffolds_len10k (n=450599),1.0022147835547,3.72072998050998
Brachy_cells_scaffolds_len10k (n=450599),1.00325915118846,3.40343431412877
Brachy_cells_scaffolds_len10k (n=450599),1.00430351882223,3.008139444599
Brachy_cells_scaffolds_len10k (n=450599),1.005347886456,2.56781194633848
Brachy_cells_scaffolds_len10k (n=450599),1.00639225408976,2.11714725942857
Brachy_cells_scaffolds_len10k (n=450599),1.00743662172353,1.68873181181073
Brachy_cells_scaffolds_len10k (n=450599),1.0084809893573,1.30320505180566
Brachy_cells_scaffolds_len10k (n=450599),1.00952535699106,0.972773791132075
Brachy_cells_scaffolds_len10k (n=450599),1.01056972462483,0.702110689304733
Brachy_cells_scaffolds_len10k (n=450599),1.0116140922586,0.489772100871638
Brachy_cells_scaffolds_len10k (n=450599),1.01265845989236,0.330021098083341
Brachy_cells_scaffolds_len10k (n=450599),1.01370282752613,0.214679244395165
Brachy_cells_scaffolds_len10k (n=450599),1.0147471951599,0.134731704929417
Brachy_cells_scaffolds_len10k (n=450599),1.01579156279367,0.0815289109690259
Brachy_cells_scaffolds_len10k (n=450599),1.01683593042743,0.0475395430170019
Komagataella (n=1193348),0.497734451137677,0.000335695645696915
Komagataella (n=1193348),0.498721791837726,0.00370979378351057
Komagataella (n=1193348),0.499709132537774,0.0099232674476005
Komagataella (n=1193348),0.500696473237822,0.0070434638671288
Komagataella (n=1193348),0.50168381393787,0.00183146431983145
Komagataella (n=1193348),0.502671154637918,0.00016532202140922
Komagataella (n=1193348),0.503658495337967,6.41831287724789e-06
Komagataella (n=1193348),0.504645836038015,8.16184512443882e-08
Komagataella (n=1193348),0.505633176738063,2.06630469866947e-10
Komagataella (n=1193348),0.506620517438111,9.27272065809437e-14
Komagataella (n=1193348),0.50760785813816,6.98231988654431e-16
Komagataella (n=1193348),0.508595198838208,1.80544851442398e-15
Komagataella (n=1193348),0.509582539538256,1.12512463814102e-15
Komagataella (n=1193348),0.510569880238304,1.32272291337853e-16
Komagataella (n=1193348),0.511557220938353,0
Komagataella (n=1193348),0.512544561638401,1.17961016494257e-15
Komagataella (n=1193348),0.513531902338449,2.31610817494501e-16
Komagataella (n=1193348),0.514519243038497,0
Komagataella (n=1193348),0.515506583738546,0
Komagataella (n=1193348),0.516493924438594,2.11051550255379e-13
Komagataella (n=1193348),0.517481265138642,5.49031462640596e-10
Komagataella (n=1193348),0.51846860583869,2.47822453236941e-07
Komagataella (n=1193348),0.519455946538738,1.94854937439225e-05
Komagataella (n=1193348),0.520443287238787,0.000271124016071437
Komagataella (n=1193348),0.521430627938835,0.000728102931905766
Komagataella (n=1193348),0.522417968638883,0.000521004600999182
Komagataella (n=1193348),0.523405309338931,0.00014286525287768
Komagataella (n=1193348),0.52439265003898,1.39144081280145e-05
Komagataella (n=1193348),0.525379990739028,2.73947471108035e-06
Komagataella (n=1193348),0.526367331439076,0.000180346318508493
Komagataella (n=1193348),0.527354672139124,0.00289691449105815
Komagataella (n=1193348),0.528342012839173,0.0131596041672379
Komagataella (n=1193348),0.529329353539221,0.0231380164039348
Komagataella (n=1193348),0.530316694239269,0.0156711234894464
Komagataella (n=1193348),0.531304034939317,0.00407994891881237
Komagataella (n=1193348),0.532291375639365,0.000272130477465478
Komagataella (n=1193348),0.533278716339414,3.45493377935785e-06
Komagataella (n=1193348),0.534266057039462,7.73922040221183e-09
Komagataella (n=1193348),0.53525339773951,3.0169086150166e-12
Komagataella (n=1193348),0.536240738439558,2.43258465984643e-16
Komagataella (n=1193348),0.537228079139607,7.6321141407655e-17
Komagataella (n=1193348),0.538215419839655,9.39704653381347e-17
Komagataella (n=1193348),0.539202760539703,1.26837051280195e-12
Komagataella (n=1193348),0.540190101239751,3.27470545349051e-09
Komagataella (n=1193348),0.5411774419398,1.47746388182476e-06
Komagataella (n=1193348),0.542164782639848,0.000120271572275281
Komagataella (n=1193348),0.543152123339896,0.00205869347325043
Komagataella (n=1193348),0.544139464039944,0.0111352656966151
Komagataella (n=1193348),0.545126804739992,0.0245634989544289
Komagataella (n=1193348),0.546114145440041,0.0224480236861029
Komagataella (n=1193348),0.547101486140089,0.00706491811924158
Komagataella (n=1193348),0.548088826840137,0.00049162750475026
Komagataella (n=1193348),0.549076167540185,6.24136467469577e-06
Komagataella (n=1193348),0.550063508240234,1.53448211229428e-08
Komagataella (n=1193348),0.551050848940282,6.64378157049629e-07
Komagataella (n=1193348),0.55203818964033,5.64612499862922e-05
Komagataella (n=1193348),0.553025530340378,0.00116980931520032
Komagataella (n=1193348),0.554012871040426,0.00889721426094114
Komagataella (n=1193348),0.555000211740475,0.0263686096064416
Komagataella (n=1193348),0.555987552440523,0.0314039167605399
Komagataella (n=1193348),0.556974893140571,0.011075827332777
Komagataella (n=1193348),0.557962233840619,0.000788245067771517
Komagataella (n=1193348),0.558949574540668,1.00194507447798e-05
Komagataella (n=1193348),0.559936915240716,2.25323054814665e-08
Komagataella (n=1193348),0.560924255940764,1.37895177333675e-07
Komagataella (n=1193348),0.561911596640812,1.09407619234225e-05
Komagataella (n=1193348),0.562898937340861,0.000181056145353277
Komagataella (n=1193348),0.563886278040909,0.000954847287466999
Komagataella (n=1193348),0.564873618740957,0.00213132727699873
Komagataella (n=1193348),0.565860959441005,0.00198975270402126
Komagataella (n=1193348),0.566848300141053,0.000628258402047192
Komagataella (n=1193348),0.567835640841102,4.35069208979074e-05
Komagataella (n=1193348),0.56882298154115,5.49149692421493e-07
Komagataella (n=1193348),0.569810322241198,1.21400363053988e-09
Komagataella (n=1193348),0.570797662941246,4.66563645748939e-13
Komagataella (n=1193348),0.571785003641295,7.79791948318583e-17
Komagataella (n=1193348),0.572772344341343,4.80247772797396e-13
Komagataella (n=1193348),0.573759685041391,1.14773267755915e-09
Komagataella (n=1193348),0.574747025741439,4.78326529164216e-07
Komagataella (n=1193348),0.575734366441488,3.73284046584486e-05
Komagataella (n=1193348),0.576721707141536,0.000751084769316884
Komagataella (n=1193348),0.577709047841584,0.00589808054596711
Komagataella (n=1193348),0.578696388541632,0.0143515988049117
Komagataella (n=1193348),0.579683729241681,0.0101963170264576
Komagataella (n=1193348),0.580671069941729,0.00256252977388877
Komagataella (n=1193348),0.581658410641777,0.000371892594838442
Komagataella (n=1193348),0.582645751341825,0.000794373706761938
Komagataella (n=1193348),0.583633092041873,0.00108902995963911
Komagataella (n=1193348),0.584620432741922,0.000408778844720542
Komagataella (n=1193348),0.58560777344197,3.89435946442838e-05
Komagataella (n=1193348),0.586595114142018,1.50453267352843e-06
Komagataella (n=1193348),0.587582454842066,1.97722370234304e-06
Komagataella (n=1193348),0.588569795542114,0.00015450844689144
Komagataella (n=1193348),0.589557136242163,0.00216624995741466
Komagataella (n=1193348),0.590544476942211,0.00596019239616074
Komagataella (n=1193348),0.591531817642259,0.00454571049458659
Komagataella (n=1193348),0.592519158342307,0.00140352897650463
Komagataella (n=1193348),0.593506499042356,0.000184855425469828
Komagataella (n=1193348),0.594493839742404,9.5055932250088e-06
Komagataella (n=1193348),0.595481180442452,1.23305422398795e-07
Komagataella (n=1193348),0.5964685211425,2.0327312658746e-06
Komagataella (n=1193348),0.597455861842549,0.000160732083691005
Komagataella (n=1193348),0.598443202542597,0.00229633258599785
Komagataella (n=1193348),0.599430543242645,0.00694372791496117
Komagataella (n=1193348),0.600417883942693,0.006775960425473
Komagataella (n=1193348),0.601405224642742,0.00280791742743006
Komagataella (n=1193348),0.60239256534279,0.000501693337050353
Komagataella (n=1193348),0.603379906042838,2.96116093945519e-05
Komagataella (n=1193348),0.604367246742886,3.73647740662107e-07
Komagataella (n=1193348),0.605354587442934,7.96900708056043e-07
Komagataella (n=1193348),0.606341928142983,6.26072348166787e-05
Komagataella (n=1193348),0.607329268843031,0.000875959203816626
Komagataella (n=1193348),0.608316609543079,0.0024273673963695
Komagataella (n=1193348),0.609303950243127,0.00191068494077273
Komagataella (n=1193348),0.610291290943176,0.00059162951971614
Komagataella (n=1193348),0.611278631643224,6.83838723359984e-05
Komagataella (n=1193348),0.612265972343272,7.12455104949923e-06
Komagataella (n=1193348),0.61325331304332,6.92595683187025e-05
Komagataella (n=1193348),0.614240653743368,0.000344275099970687
Komagataella (n=1193348),0.615227994443417,0.000659569573963107
Komagataella (n=1193348),0.616215335143465,0.000484601020911578
Komagataella (n=1193348),0.617202675843513,0.000198961420728413
Komagataella (n=1193348),0.618190016543561,0.000245944375445039
Komagataella (n=1193348),0.61917735724361,0.000311524760650535
Komagataella (n=1193348),0.620164697943658,0.000181227091857924
Komagataella (n=1193348),0.621152038643706,4.57599141287223e-05
Komagataella (n=1193348),0.622139379343754,0.000182444457906586
Komagataella (n=1193348),0.623126720043803,0.00265330228812209
Komagataella (n=1193348),0.624114060743851,0.0094569476386526
Komagataella (n=1193348),0.625101401443899,0.012863970045077
Komagataella (n=1193348),0.626088742143947,0.00766186198117292
Komagataella (n=1193348),0.627076082843995,0.00186669456585551
Komagataella (n=1193348),0.628063423544044,0.00029974126279901
Komagataella (n=1193348),0.629050764244092,0.000590465715722069
Komagataella (n=1193348),0.63003810494414,0.000657498241893508
Komagataella (n=1193348),0.631025445644188,0.000235993956364621
Komagataella (n=1193348),0.632012786344237,2.54850330767148e-05
Komagataella (n=1193348),0.633000127044285,0.000292061649697842
Komagataella (n=1193348),0.633987467744333,0.00500349649642617
Komagataella (n=1193348),0.634974808444381,0.027708054911555
Komagataella (n=1193348),0.63596214914443,0.0652170389277163
Komagataella (n=1193348),0.636949489844478,0.0659587255430885
Komagataella (n=1193348),0.637936830544526,0.0218598706460687
Komagataella (n=1193348),0.638924171244574,0.00172049228828101
Komagataella (n=1193348),0.639911511944622,0.000341614655146057
Komagataella (n=1193348),0.640898852644671,0.000226303854867089
Komagataella (n=1193348),0.641886193344719,6.02224881756661e-05
Komagataella (n=1193348),0.642873534044767,8.65001863967389e-06
Komagataella (n=1193348),0.643860874744815,0.000368372776922426
Komagataella (n=1193348),0.644848215444864,0.00592929749040766
Komagataella (n=1193348),0.645835556144912,0.0289811488735868
Komagataella (n=1193348),0.64682289684496,0.0583844144320439
Komagataella (n=1193348),0.647810237545008,0.0476244545214913
Komagataella (n=1193348),0.648797578245056,0.0139603166240669
Komagataella (n=1193348),0.649784918945105,0.00198028361992029
Komagataella (n=1193348),0.650772259645153,0.00600311915707854
Komagataella (n=1193348),0.651759600345201,0.0146144718808536
Komagataella (n=1193348),0.652746941045249,0.0147237418688429
Komagataella (n=1193348),0.653734281745298,0.00481523836463274
Komagataella (n=1193348),0.654721622445346,0.000335994710732105
Komagataella (n=1193348),0.655708963145394,4.24446000158888e-06
Komagataella (n=1193348),0.656696303845442,9.37941800363646e-09
Komagataella (n=1193348),0.657683644545491,3.60125794689935e-12
Komagataella (n=1193348),0.658670985245539,0
Komagataella (n=1193348),0.659658325945587,8.95137193961332e-17
Komagataella (n=1193348),0.660645666645635,3.60380390953118e-12
Komagataella (n=1193348),0.661633007345683,7.96206274967837e-09
Komagataella (n=1193348),0.662620348045732,3.0263484083449e-06
Komagataella (n=1193348),0.66360768874578,0.000232198153730027
Komagataella (n=1193348),0.664595029445828,0.00637580461840325
Komagataella (n=1193348),0.665582370145876,0.069184755439311
Komagataella (n=1193348),0.666569710845925,0.169139256519384
Komagataella (n=1193348),0.667557051545973,0.0858594961087956
Komagataella (n=1193348),0.668544392246021,0.01385539869464
Komagataella (n=1193348),0.669531732946069,0.000996644196550182
Komagataella (n=1193348),0.670519073646118,3.41933514025808e-05
Komagataella (n=1193348),0.671506414346166,4.1221296063921e-07
Komagataella (n=1193348),0.672493755046214,1.03194576612775e-09
Komagataella (n=1193348),0.673481095746262,4.53537966628656e-13
Komagataella (n=1193348),0.67446843644631,6.3056416023635e-13
Komagataella (n=1193348),0.675455777146359,1.64688847579993e-09
Komagataella (n=1193348),0.676443117846407,7.45566436400426e-07
Komagataella (n=1193348),0.677430458546455,5.92218284544413e-05
Komagataella (n=1193348),0.678417799246503,0.000916021425643132
Komagataella (n=1193348),0.679405139946552,0.00779725029645587
Komagataella (n=1193348),0.6803924806466,0.075118747992399
Komagataella (n=1193348),0.681379821346648,0.20574168845708
Komagataella (n=1193348),0.682367162046696,0.176935421730738
Komagataella (n=1193348),0.683354502746744,0.0917977870335384
Komagataella (n=1193348),0.684341843446793,0.0564154857978954
Komagataella (n=1193348),0.685329184146841,0.0333006714248895
Komagataella (n=1193348),0.686316524846889,0.0784226760092088
Komagataella (n=1193348),0.687303865546937,0.174660585462762
Komagataella (n=1193348),0.688291206246986,0.113584511657817
Komagataella (n=1193348),0.689278546947034,0.0276160035125104
Komagataella (n=1193348),0.690265887647082,0.00308088601749732
Komagataella (n=1193348),0.69125322834713,0.00252525046641203
Komagataella (n=1193348),0.692240569047179,0.00382917162520136
Komagataella (n=1193348),0.693227909747227,0.00348674910752636
Komagataella (n=1193348),0.694215250447275,0.0156748109660543
Komagataella (n=1193348),0.695202591147323,0.0432291299614291
Komagataella (n=1193348),0.696189931847371,0.037227456376276
Komagataella (n=1193348),0.69717727254742,0.0129956251204008
Komagataella (n=1193348),0.698164613247468,0.0043747992196267
Komagataella (n=1193348),0.699151953947516,0.00940762427076807
Komagataella (n=1193348),0.700139294647564,0.0121488621760107
Komagataella (n=1193348),0.701126635347613,0.00701459244498179
Komagataella (n=1193348),0.702113976047661,0.00213094109701917
Komagataella (n=1193348),0.703101316747709,0.00833713207362174
Komagataella (n=1193348),0.704088657447757,0.104288616062007
Komagataella (n=1193348),0.705075998147806,0.351284013299633
Komagataella (n=1193348),0.706063338847854,0.441536705956476
Komagataella (n=1193348),0.707050679547902,0.247777427751324
Komagataella (n=1193348),0.70803802024795,0.0705343755115422
Komagataella (n=1193348),0.709025360947999,0.01821909569808
Komagataella (n=1193348),0.710012701648047,0.00542588966724572
Komagataella (n=1193348),0.711000042348095,0.00104704967396329
Komagataella (n=1193348),0.711987383048143,0.000867739010328225
Komagataella (n=1193348),0.712974723748191,0.00302020061931181
Komagataella (n=1193348),0.71396206444824,0.00640085892749036
Komagataella (n=1193348),0.714949405148288,0.00588258277036247
Komagataella (n=1193348),0.715936745848336,0.00188275702656765
Komagataella (n=1193348),0.716924086548384,0.000522441298745577
Komagataella (n=1193348),0.717911427248433,0.00233522158775199
Komagataella (n=1193348),0.718898767948481,0.00903669768181733
Komagataella (n=1193348),0.719886108648529,0.0529300018676207
Komagataella (n=1193348),0.720873449348577,0.230735284840396
Komagataella (n=1193348),0.721860790048626,0.498970369863266
Komagataella (n=1193348),0.722848130748674,0.484717609044441
Komagataella (n=1193348),0.723835471448722,0.158673797656567
Komagataella (n=1193348),0.72482281214877,0.0240210790180876
Komagataella (n=1193348),0.725810152848818,0.0742625006710277
Komagataella (n=1193348),0.726797493548867,0.189205860629718
Komagataella (n=1193348),0.727784834248915,0.2102081221926
Komagataella (n=1193348),0.728772174948963,0.0727651861333159
Komagataella (n=1193348),0.729759515649011,0.007624814953358
Komagataella (n=1193348),0.73074685634906,0.010173927398949
Komagataella (n=1193348),0.731734197049108,0.0462302201815907
Komagataella (n=1193348),0.732721537749156,0.137401950207929
Komagataella (n=1193348),0.733708878449204,0.18139949582301
Komagataella (n=1193348),0.734696219149252,0.089706417156179
Komagataella (n=1193348),0.735683559849301,0.135025689341962
Komagataella (n=1193348),0.736670900549349,0.271037843616657
Komagataella (n=1193348),0.737658241249397,0.21091997718526
Komagataella (n=1193348),0.738645581949445,0.110348821228233
Komagataella (n=1193348),0.739632922649494,0.0716682824538419
Komagataella (n=1193348),0.740620263349542,0.0250637087679939
Komagataella (n=1193348),0.74160760404959,0.00425388756097764
Komagataella (n=1193348),0.742594944749638,0.00288899305246793
Komagataella (n=1193348),0.743582285449687,0.00343971036461633
Komagataella (n=1193348),0.744569626149735,0.00407107977358471
Komagataella (n=1193348),0.745556966849783,0.00176210231186785
Komagataella (n=1193348),0.746544307549831,0.00117263108227042
Komagataella (n=1193348),0.74753164824988,0.0248381135856439
Komagataella (n=1193348),0.748518988949928,0.268847318984243
Komagataella (n=1193348),0.749506329649976,0.820650814469048
Komagataella (n=1193348),0.750493670350024,0.820650814926039
Komagataella (n=1193348),0.751481011050072,0.26884752643673
Komagataella (n=1193348),0.752468351750121,0.0248541245717609
Komagataella (n=1193348),0.753455692450169,0.00136842216445021
Komagataella (n=1193348),0.754443033150217,0.00192268907590517
Komagataella (n=1193348),0.755430373850265,0.00346702839687514
Komagataella (n=1193348),0.756417714550314,0.00308240829273315
Komagataella (n=1193348),0.757405055250362,0.00249269220403338
Komagataella (n=1193348),0.75839239595041,0.00534648098791324
Komagataella (n=1193348),0.759379736650458,0.0147065118115299
Komagataella (n=1193348),0.760367077350507,0.0230794524056444
Komagataella (n=1193348),0.761354418050555,0.0296509300793658
Komagataella (n=1193348),0.762341758750603,0.0588638196698751
Komagataella (n=1193348),0.763329099450651,0.502210011042011
Komagataella (n=1193348),0.764316440150699,1.35895241276895
Komagataella (n=1193348),0.765303780850748,1.05302501427823
Komagataella (n=1193348),0.766291121550796,0.348382091123335
Komagataella (n=1193348),0.767278462250844,0.0552239392484444
Komagataella (n=1193348),0.768265802950892,0.00987737960191457
Komagataella (n=1193348),0.76925314365094,0.0101461661412238
Komagataella (n=1193348),0.770240484350989,0.00708718186850299
Komagataella (n=1193348),0.771227825051037,0.00920749012756504
Komagataella (n=1193348),0.772215165751085,0.0207139167262166
Komagataella (n=1193348),0.773202506451133,0.0207686008490104
Komagataella (n=1193348),0.774189847151182,0.0120427198124514
Komagataella (n=1193348),0.77517718785123,0.0257252865297652
Komagataella (n=1193348),0.776164528551278,0.275261905594943
Komagataella (n=1193348),0.777151869251326,0.836134142038457
Komagataella (n=1193348),0.778139209951375,0.8573633635638
Komagataella (n=1193348),0.779126550651423,0.38976832313501
Komagataella (n=1193348),0.780113891351471,0.0833232193876875
Komagataella (n=1193348),0.781101232051519,0.0150994865329424
Komagataella (n=1193348),0.782088572751567,0.0132978810726083
Komagataella (n=1193348),0.783075913451616,0.0126093326564593
Komagataella (n=1193348),0.784063254151664,0.0104947670563282
Komagataella (n=1193348),0.785050594851712,0.0106158812040605
Komagataella (n=1193348),0.78603793555176,0.00927572002733802
Komagataella (n=1193348),0.787025276251809,0.0150040771312754
Komagataella (n=1193348),0.788012616951857,0.114856184353444
Komagataella (n=1193348),0.788999957651905,0.33084545920989
Komagataella (n=1193348),0.789987298351953,0.318573111381526
Komagataella (n=1193348),0.790974639052002,0.110926269057852
Komagataella (n=1193348),0.79196197975205,0.0219994819221596
Komagataella (n=1193348),0.792949320452098,0.0142154573409903
Komagataella (n=1193348),0.793936661152146,0.0128004586687878
Komagataella (n=1193348),0.794924001852195,0.0156370553346249
Komagataella (n=1193348),0.795911342552243,0.0181338707574205
Komagataella (n=1193348),0.796898683252291,0.0145233719042568
Komagataella (n=1193348),0.797886023952339,0.0250831402665202
Komagataella (n=1193348),0.798873364652387,0.0831876188802353
Komagataella (n=1193348),0.799860705352436,0.142763037233184
Komagataella (n=1193348),0.800848046052484,0.11018258671149
Komagataella (n=1193348),0.801835386752532,0.0353470924881542
Komagataella (n=1193348),0.80282272745258,0.0131555951093235
Komagataella (n=1193348),0.803810068152629,0.0172018283332994
Komagataella (n=1193348),0.804797408852677,0.0167241325394432
Komagataella (n=1193348),0.805784749552725,0.0148975375102229
Komagataella (n=1193348),0.806772090252773,0.017102983770703
Komagataella (n=1193348),0.807759430952821,0.0263875355553867
Komagataella (n=1193348),0.80874677165287,0.0540531537152139
Komagataella (n=1193348),0.809734112352918,0.0700562096256342
Komagataella (n=1193348),0.810721453052966,0.0418398965608689
Komagataella (n=1193348),0.811708793753014,0.0348703560530083
Komagataella (n=1193348),0.812696134453063,0.0475571150412656
Komagataella (n=1193348),0.813683475153111,0.0405694651906481
Komagataella (n=1193348),0.814670815853159,0.0309703115715916
Komagataella (n=1193348),0.815658156553207,0.0302699063256695
Komagataella (n=1193348),0.816645497253256,0.0385906721797001
Komagataella (n=1193348),0.817632837953304,0.048025793251081
Komagataella (n=1193348),0.818620178653352,0.0520009214385032
Komagataella (n=1193348),0.8196075193534,0.0330388932034758
Komagataella (n=1193348),0.820594860053449,0.0255409340985596
Komagataella (n=1193348),0.821582200753497,0.0330785458316953
Komagataella (n=1193348),0.822569541453545,0.0539938059872168
Komagataella (n=1193348),0.823556882153593,0.0656769172469654
Komagataella (n=1193348),0.824544222853641,0.0421176518980619
Komagataella (n=1193348),0.82553156355369,0.0385781490528141
Komagataella (n=1193348),0.826518904253738,0.0491300260115299
Komagataella (n=1193348),0.827506244953786,0.046135132095658
Komagataella (n=1193348),0.828493585653834,0.0461899763653004
Komagataella (n=1193348),0.829480926353883,0.0480210174646395
Komagataella (n=1193348),0.830468267053931,0.0407318108615535
Komagataella (n=1193348),0.831455607753979,0.0275221010740683
Komagataella (n=1193348),0.832442948454027,0.0547271604754914
Komagataella (n=1193348),0.833430289154076,0.100477711763346
Komagataella (n=1193348),0.834417629854124,0.0495928751944827
Komagataella (n=1193348),0.835404970554172,0.0373752166755723
Komagataella (n=1193348),0.83639231125422,0.0551375835238638
Komagataella (n=1193348),0.837379651954268,0.0500148580673444
Komagataella (n=1193348),0.838366992654317,0.0461638991680377
Komagataella (n=1193348),0.839354333354365,0.0563635536224754
Komagataella (n=1193348),0.840341674054413,0.0635628052028225
Komagataella (n=1193348),0.841329014754461,0.065660161465601
Komagataella (n=1193348),0.84231635545451,0.0831403510099255
Komagataella (n=1193348),0.843303696154558,0.0894465930124694
Komagataella (n=1193348),0.844291036854606,0.0783612093432682
Komagataella (n=1193348),0.845278377554654,0.084477288841575
Komagataella (n=1193348),0.846265718254703,0.101153716050272
Komagataella (n=1193348),0.847253058954751,0.0896556370053624
Komagataella (n=1193348),0.848240399654799,0.0938578627802353
Komagataella (n=1193348),0.849227740354847,0.0997161899241109
Komagataella (n=1193348),0.850215081054895,0.104341862119384
Komagataella (n=1193348),0.851202421754944,0.10525700061794
Komagataella (n=1193348),0.852189762454992,0.10292404473619
Komagataella (n=1193348),0.85317710315504,0.106747702528106
Komagataella (n=1193348),0.854164443855088,0.112707521862072
Komagataella (n=1193348),0.855151784555137,0.103239381158881
Komagataella (n=1193348),0.856139125255185,0.10926921213014
Komagataella (n=1193348),0.857126465955233,0.135288497730089
Komagataella (n=1193348),0.858113806655281,0.116067985699455
Komagataella (n=1193348),0.859101147355329,0.117607948551102
Komagataella (n=1193348),0.860088488055378,0.13208592255231
Komagataella (n=1193348),0.861075828755426,0.132855912982976
Komagataella (n=1193348),0.862063169455474,0.130851812907284
Komagataella (n=1193348),0.863050510155522,0.140011652109789
Komagataella (n=1193348),0.864037850855571,0.146931103465756
Komagataella (n=1193348),0.865025191555619,0.155896283463881
Komagataella (n=1193348),0.866012532255667,0.201213968927853
Komagataella (n=1193348),0.866999872955715,0.214974112247924
Komagataella (n=1193348),0.867987213655763,0.204648275868495
Komagataella (n=1193348),0.868974554355812,0.204601170485472
Komagataella (n=1193348),0.86996189505586,0.199748820948366
Komagataella (n=1193348),0.870949235755908,0.202111908892821
Komagataella (n=1193348),0.871936576455956,0.220944094340519
Komagataella (n=1193348),0.872923917156005,0.245441800442879
Komagataella (n=1193348),0.873911257856053,0.295362504427255
Komagataella (n=1193348),0.874898598556101,0.347464979814063
Komagataella (n=1193348),0.875885939256149,0.315748007330929
Komagataella (n=1193348),0.876873279956198,0.255718537358153
Komagataella (n=1193348),0.877860620656246,0.249282984767995
Komagataella (n=1193348),0.878847961356294,0.259782866363633
Komagataella (n=1193348),0.879835302056342,0.26964574991227
Komagataella (n=1193348),0.88082264275639,0.298385590956078
Komagataella (n=1193348),0.881809983456439,0.376343530659633
Komagataella (n=1193348),0.882797324156487,0.397900511981583
Komagataella (n=1193348),0.883784664856535,0.318775169038045
Komagataella (n=1193348),0.884772005556583,0.29913807633171
Komagataella (n=1193348),0.885759346256632,0.313492317274889
Komagataella (n=1193348),0.88674668695668,0.324880721285638
Komagataella (n=1193348),0.887734027656728,0.339880407426333
Komagataella (n=1193348),0.888721368356776,0.363906890099374
Komagataella (n=1193348),0.889708709056825,0.363005665628334
Komagataella (n=1193348),0.890696049756873,0.349252219327119
Komagataella (n=1193348),0.891683390456921,0.352214427736718
Komagataella (n=1193348),0.892670731156969,0.354733099188348
Komagataella (n=1193348),0.893658071857017,0.360651981146489
Komagataella (n=1193348),0.894645412557066,0.362846865425929
Komagataella (n=1193348),0.895632753257114,0.36253513362506
Komagataella (n=1193348),0.896620093957162,0.375660786309473
Komagataella (n=1193348),0.89760743465721,0.386352029389844
Komagataella (n=1193348),0.898594775357259,0.383358366711935
Komagataella (n=1193348),0.899582116057307,0.390073160728907
Komagataella (n=1193348),0.900569456757355,0.416662021644063
Komagataella (n=1193348),0.901556797457403,0.424169691601409
Komagataella (n=1193348),0.902544138157451,0.440632557374806
Komagataella (n=1193348),0.9035314788575,0.440226028159663
Komagataella (n=1193348),0.904518819557548,0.431384254766496
Komagataella (n=1193348),0.905506160257596,0.423308625056292
Komagataella (n=1193348),0.906493500957644,0.437960337291553
Komagataella (n=1193348),0.907480841657693,0.444984992060224
Komagataella (n=1193348),0.908468182357741,0.447794247818926
Komagataella (n=1193348),0.909455523057789,0.471076428190969
Komagataella (n=1193348),0.910442863757837,0.459210951654887
Komagataella (n=1193348),0.911430204457885,0.469780225594132
Komagataella (n=1193348),0.912417545157934,0.490391544077914
Komagataella (n=1193348),0.913404885857982,0.513157414447799
Komagataella (n=1193348),0.91439222655803,0.525188257673555
Komagataella (n=1193348),0.915379567258078,0.550257079524064
Komagataella (n=1193348),0.916366907958127,0.573644039985882
Komagataella (n=1193348),0.917354248658175,0.555907138208194
Komagataella (n=1193348),0.918341589358223,0.572363297243375
Komagataella (n=1193348),0.919328930058271,0.558427189140012
Komagataella (n=1193348),0.92031627075832,0.564083694669742
Komagataella (n=1193348),0.921303611458368,0.583569688205155
Komagataella (n=1193348),0.922290952158416,0.595957355958986
Komagataella (n=1193348),0.923278292858464,0.630005607330579
Komagataella (n=1193348),0.924265633558513,0.642155416257056
Komagataella (n=1193348),0.925252974258561,0.646216979474967
Komagataella (n=1193348),0.926240314958609,0.632992531175782
Komagataella (n=1193348),0.927227655658657,0.649475603195538
Komagataella (n=1193348),0.928214996358705,0.682189287826373
Komagataella (n=1193348),0.929202337058754,0.701870494637709
Komagataella (n=1193348),0.930189677758802,0.724578416197174
Komagataella (n=1193348),0.93117701845885,0.725075977000904
Komagataella (n=1193348),0.932164359158898,0.749627506127807
Komagataella (n=1193348),0.933151699858947,0.820094381917634
Komagataella (n=1193348),0.934139040558995,0.810991166897472
Komagataella (n=1193348),0.935126381259043,0.815966504356117
Komagataella (n=1193348),0.936113721959091,0.841351940296142
Komagataella (n=1193348),0.93710106265914,0.884271787132563
Komagataella (n=1193348),0.938088403359188,0.917367971458392
Komagataella (n=1193348),0.939075744059236,0.968797471853065
Komagataella (n=1193348),0.940063084759284,0.999071263731498
Komagataella (n=1193348),0.941050425459332,1.02815720829564
Komagataella (n=1193348),0.942037766159381,1.05509764655282
Komagataella (n=1193348),0.943025106859429,1.08995547908421
Komagataella (n=1193348),0.944012447559477,1.14517317239295
Komagataella (n=1193348),0.944999788259525,1.16734724481388
Komagataella (n=1193348),0.945987128959574,1.19998335363984
Komagataella (n=1193348),0.946974469659622,1.29860075598076
Komagataella (n=1193348),0.94796181035967,1.34552790772117
Komagataella (n=1193348),0.948949151059718,1.35263067801498
Komagataella (n=1193348),0.949936491759767,1.39249722263209
Komagataella (n=1193348),0.950923832459815,1.48242942610863
Komagataella (n=1193348),0.951911173159863,1.57999773793985
Komagataella (n=1193348),0.952898513859911,1.63900047404737
Komagataella (n=1193348),0.95388585455996,1.70445005757469
Komagataella (n=1193348),0.954873195260008,1.82045712899712
Komagataella (n=1193348),0.955860535960056,1.96613879375942
Komagataella (n=1193348),0.956847876660104,2.125164986982
Komagataella (n=1193348),0.957835217360152,2.31892193163249
Komagataella (n=1193348),0.958822558060201,2.4649228951445
Komagataella (n=1193348),0.959809898760249,2.55693420627349
Komagataella (n=1193348),0.960797239460297,2.70461924574511
Komagataella (n=1193348),0.961784580160345,2.9064052517087
Komagataella (n=1193348),0.962771920860393,3.10415908300132
Komagataella (n=1193348),0.963759261560442,3.32387435795746
Komagataella (n=1193348),0.96474660226049,3.56895897044944
Komagataella (n=1193348),0.965733942960538,3.81152700484403
Komagataella (n=1193348),0.966721283660586,4.11978616896343
Komagataella (n=1193348),0.967708624360635,4.43550485451772
Komagataella (n=1193348),0.968695965060683,4.75986827951656
Komagataella (n=1193348),0.969683305760731,5.11496379408523
Komagataella (n=1193348),0.970670646460779,5.4677149663055
Komagataella (n=1193348),0.971657987160827,5.82363396169595
Komagataella (n=1193348),0.972645327860876,6.25001162445269
Komagataella (n=1193348),0.973632668560924,6.72530079576914
Komagataella (n=1193348),0.974620009260972,7.1961854118971
Komagataella (n=1193348),0.97560734996102,7.71052123530543
Komagataella (n=1193348),0.976594690661069,8.23071806591126
Komagataella (n=1193348),0.977582031361117,8.79921225335531
Komagataella (n=1193348),0.978569372061165,9.38580237891496
Komagataella (n=1193348),0.979556712761213,9.9572552413622
Komagataella (n=1193348),0.980544053461262,10.4996977688974
Komagataella (n=1193348),0.98153139416131,10.9117255494315
Komagataella (n=1193348),0.982518734861358,11.1012802486046
Komagataella (n=1193348),0.983506075561406,11.0563376481023
Komagataella (n=1193348),0.984493416261454,10.7995104736771
Komagataella (n=1193348),0.985480756961503,10.2378644919566
Komagataella (n=1193348),0.986468097661551,9.35174283493699
Komagataella (n=1193348),0.987455438361599,8.37852729475528
Komagataella (n=1193348),0.988442779061647,7.39328521291505
Komagataella (n=1193348),0.989430119761696,6.33534486826106
Komagataella (n=1193348),0.990417460461744,5.28051001341529
Komagataella (n=1193348),0.991404801161792,4.19051386655301
Komagataella (n=1193348),0.99239214186184,2.73013149963038
Komagataella (n=1193348),0.993379482561889,1.01995126340681
Komagataella (n=1193348),0.994366823261937,0.169839731612286
Komagataella (n=1193348),0.995354163961985,0.0119380416122886
Komagataella (n=1193348),0.996341504662033,0.19652281963639
Komagataella (n=1193348),0.997328845362082,5.05908065624559
Komagataella (n=1193348),0.99831618606213,56.045317971784
Komagataella (n=1193348),0.999303526762178,215.539646487528
Komagataella (n=1193348),1.00029086746223,303.665582444105
Komagataella (n=1193348),1.00127820816227,113.524773564902
Komagataella (n=1193348),1.00226554886232,10.2727467855168
Pinus_taeda (n=487963),0.485717527783118,2.39084721040038e-05
Pinus_taeda (n=487963),0.486751901451286,4.40890532318833e-05
Pinus_taeda (n=487963),0.487786275119454,7.77105564934059e-05
Pinus_taeda (n=487963),0.488820648787622,0.000131950400130532
Pinus_taeda (n=487963),0.48985502245579,0.000215423675789558
Pinus_taeda (n=487963),0.490889396123958,0.000334518736910453
Pinus_taeda (n=487963),0.491923769792125,0.00049442521679865
Pinus_taeda (n=487963),0.492958143460293,0.000696058510602583
Pinus_taeda (n=487963),0.493992517128461,0.000934023192403677
Pinus_taeda (n=487963),0.495026890796629,0.00119539944712437
Pinus_taeda (n=487963),0.496061264464797,0.00145998215327141
Pinus_taeda (n=487963),0.497095638132965,0.00170231746555464
Pinus_taeda (n=487963),0.498130011801132,0.00189540876654473
Pinus_taeda (n=487963),0.4991643854693,0.00201543615558708
Pinus_taeda (n=487963),0.500198759137468,0.0020464245623077
Pinus_taeda (n=487963),0.501233132805636,0.00198366241528087
Pinus_taeda (n=487963),0.502267506473804,0.00183490200124749
Pinus_taeda (n=487963),0.503301880141972,0.0016189368631679
Pinus_taeda (n=487963),0.504336253810139,0.00136149441164087
Pinus_taeda (n=487963),0.505370627478307,0.00109431010694801
Pinus_taeda (n=487963),0.506405001146475,0.000843093046667619
Pinus_taeda (n=487963),0.507439374814643,0.000625670379329126
Pinus_taeda (n=487963),0.508473748482811,0.000452797387964775
Pinus_taeda (n=487963),0.509508122150979,0.000329168911281111
Pinus_taeda (n=487963),0.510542495819146,0.000255359441094249
Pinus_taeda (n=487963),0.511576869487314,0.000229991016608908
Pinus_taeda (n=487963),0.512611243155482,0.000251596644068318
Pinus_taeda (n=487963),0.51364561682365,0.000319915953818127
Pinus_taeda (n=487963),0.514679990491818,0.0004366272867921
Pinus_taeda (n=487963),0.515714364159986,0.000605699580888118
Pinus_taeda (n=487963),0.516748737828153,0.000833579708132393
Pinus_taeda (n=487963),0.517783111496321,0.00112929698350339
Pinus_taeda (n=487963),0.518817485164489,0.00150429646568978
Pinus_taeda (n=487963),0.519851858832657,0.00197693706809273
Pinus_taeda (n=487963),0.520886232500825,0.00255686936067986
Pinus_taeda (n=487963),0.521920606168993,0.0032446009563212
Pinus_taeda (n=487963),0.52295497983716,0.0040288091005759
Pinus_taeda (n=487963),0.523989353505328,0.00487837496715006
Pinus_taeda (n=487963),0.525023727173496,0.00574011362566438
Pinus_taeda (n=487963),0.526058100841664,0.00654191319450083
Pinus_taeda (n=487963),0.527092474509832,0.00720208514075263
Pinus_taeda (n=487963),0.528126848178,0.00764388053789282
Pinus_taeda (n=487963),0.529161221846167,0.00781234877008317
Pinus_taeda (n=487963),0.530195595514335,0.00768963642909941
Pinus_taeda (n=487963),0.531229969182503,0.00730485004374261
Pinus_taeda (n=487963),0.532264342850671,0.00673577159601485
Pinus_taeda (n=487963),0.533298716518839,0.00610165195415807
Pinus_taeda (n=487963),0.534333090187007,0.00554834069001844
Pinus_taeda (n=487963),0.535367463855175,0.00525200572407621
Pinus_taeda (n=487963),0.536401837523342,0.005345631753838
Pinus_taeda (n=487963),0.53743621119151,0.00591025769439219
Pinus_taeda (n=487963),0.538470584859678,0.00697132835290195
Pinus_taeda (n=487963),0.539504958527846,0.00848546498076164
Pinus_taeda (n=487963),0.540539332196014,0.0103408577856208
Pinus_taeda (n=487963),0.541573705864181,0.0123700576142505
Pinus_taeda (n=487963),0.542608079532349,0.0143757297416328
Pinus_taeda (n=487963),0.543642453200517,0.0161663423774137
Pinus_taeda (n=487963),0.544676826868685,0.0175948060136622
Pinus_taeda (n=487963),0.545711200536853,0.0185903034887453
Pinus_taeda (n=487963),0.546745574205021,0.0191733792609813
Pinus_taeda (n=487963),0.547779947873188,0.0194475469906901
Pinus_taeda (n=487963),0.548814321541356,0.019566912334803
Pinus_taeda (n=487963),0.549848695209524,0.0196870473184378
Pinus_taeda (n=487963),0.550883068877692,0.0199206506630647
Pinus_taeda (n=487963),0.55191744254586,0.0202620190532215
Pinus_taeda (n=487963),0.552951816214028,0.0206133358402893
Pinus_taeda (n=487963),0.553986189882195,0.0208227060887987
Pinus_taeda (n=487963),0.555020563550363,0.0207337221149033
Pinus_taeda (n=487963),0.556054937218531,0.0202346470946124
Pinus_taeda (n=487963),0.557089310886699,0.0192913850569674
Pinus_taeda (n=487963),0.558123684554867,0.0179555396757449
Pinus_taeda (n=487963),0.559158058223035,0.0163473891514265
Pinus_taeda (n=487963),0.560192431891202,0.0146213466615349
Pinus_taeda (n=487963),0.56122680555937,0.012926138591338
Pinus_taeda (n=487963),0.562261179227538,0.0113723708512848
Pinus_taeda (n=487963),0.563295552895706,0.0100165785281263
Pinus_taeda (n=487963),0.564329926563874,0.00886469824994831
Pinus_taeda (n=487963),0.565364300232042,0.00789176015796793
Pinus_taeda (n=487963),0.566398673900209,0.00707807945258842
Pinus_taeda (n=487963),0.567433047568377,0.0064077751044725
Pinus_taeda (n=487963),0.568467421236545,0.0059107947513187
Pinus_taeda (n=487963),0.569501794904713,0.00564241858761702
Pinus_taeda (n=487963),0.570536168572881,0.00566582959364754
Pinus_taeda (n=487963),0.571570542241049,0.00602984838443717
Pinus_taeda (n=487963),0.572604915909217,0.00674784038791103
Pinus_taeda (n=487963),0.573639289577384,0.00778323098944209
Pinus_taeda (n=487963),0.574673663245552,0.00904561524578753
Pinus_taeda (n=487963),0.57570803691372,0.0103992987905339
Pinus_taeda (n=487963),0.576742410581888,0.0116834777942168
Pinus_taeda (n=487963),0.577776784250056,0.0127405225714196
Pinus_taeda (n=487963),0.578811157918223,0.0134465032876383
Pinus_taeda (n=487963),0.579845531586391,0.0137368270013912
Pinus_taeda (n=487963),0.580879905254559,0.0136163806752908
Pinus_taeda (n=487963),0.581914278922727,0.0131614778657261
Pinus_taeda (n=487963),0.582948652590895,0.01253637265536
Pinus_taeda (n=487963),0.583983026259063,0.0118860847955249
Pinus_taeda (n=487963),0.585017399927231,0.0113298778953183
Pinus_taeda (n=487963),0.586051773595398,0.0109372407150063
Pinus_taeda (n=487963),0.587086147263566,0.0107181845040194
Pinus_taeda (n=487963),0.588120520931734,0.0106291830667486
Pinus_taeda (n=487963),0.589154894599902,0.0105920114220974
Pinus_taeda (n=487963),0.59018926826807,0.0105195515845699
Pinus_taeda (n=487963),0.591223641936237,0.0103411183180198
Pinus_taeda (n=487963),0.592258015604405,0.0100203991923151
Pinus_taeda (n=487963),0.593292389272573,0.00956156953934965
Pinus_taeda (n=487963),0.594326762940741,0.00900287302939273
Pinus_taeda (n=487963),0.595361136608909,0.00840086962862254
Pinus_taeda (n=487963),0.596395510277077,0.00781254413226923
Pinus_taeda (n=487963),0.597429883945245,0.00728053410285886
Pinus_taeda (n=487963),0.598464257613412,0.00681486504881972
Pinus_taeda (n=487963),0.59949863128158,0.00640885606083787
Pinus_taeda (n=487963),0.600533004949748,0.00604818232512891
Pinus_taeda (n=487963),0.601567378617916,0.0057197615032879
Pinus_taeda (n=487963),0.602601752286084,0.00541649055701868
Pinus_taeda (n=487963),0.603636125954251,0.00513706770381328
Pinus_taeda (n=487963),0.604670499622419,0.00488235256491856
Pinus_taeda (n=487963),0.605704873290587,0.00465091268775796
Pinus_taeda (n=487963),0.606739246958755,0.00443631590432754
Pinus_taeda (n=487963),0.607773620626923,0.00422759060380616
Pinus_taeda (n=487963),0.608807994295091,0.00401266419715098
Pinus_taeda (n=487963),0.609842367963259,0.00378319470608762
Pinus_taeda (n=487963),0.610876741631426,0.00353859459881627
Pinus_taeda (n=487963),0.611911115299594,0.00328779122353867
Pinus_taeda (n=487963),0.612945488967762,0.00304897979794338
Pinus_taeda (n=487963),0.61397986263593,0.00284072684945835
Pinus_taeda (n=487963),0.615014236304098,0.00267805593360379
Pinus_taeda (n=487963),0.616048609972266,0.00257020047639159
Pinus_taeda (n=487963),0.617082983640433,0.00252061317078021
Pinus_taeda (n=487963),0.618117357308601,0.00252947197593165
Pinus_taeda (n=487963),0.619151730976769,0.00259837280959213
Pinus_taeda (n=487963),0.620186104644937,0.00273693434708703
Pinus_taeda (n=487963),0.621220478313105,0.00297111048702215
Pinus_taeda (n=487963),0.622254851981273,0.0033527832037727
Pinus_taeda (n=487963),0.62328922564944,0.00396945611420544
Pinus_taeda (n=487963),0.624323599317608,0.00495157122883447
Pinus_taeda (n=487963),0.625357972985776,0.00647342242464388
Pinus_taeda (n=487963),0.626392346653944,0.00874247453347372
Pinus_taeda (n=487963),0.627426720322112,0.0120182728649514
Pinus_taeda (n=487963),0.62846109399028,0.0164726806899871
Pinus_taeda (n=487963),0.629495467658447,0.0220916276088443
Pinus_taeda (n=487963),0.630529841326615,0.028711969943328
Pinus_taeda (n=487963),0.631564214994783,0.0359572925204303
Pinus_taeda (n=487963),0.632598588662951,0.0432561411268203
Pinus_taeda (n=487963),0.633632962331119,0.0499138735357886
Pinus_taeda (n=487963),0.634667335999287,0.0552293937159869
Pinus_taeda (n=487963),0.635701709667454,0.0586325432944823
Pinus_taeda (n=487963),0.636736083335622,0.0598081700561854
Pinus_taeda (n=487963),0.63777045700379,0.0587727929297459
Pinus_taeda (n=487963),0.638804830671958,0.0558802451326761
Pinus_taeda (n=487963),0.639839204340126,0.0517512018011228
Pinus_taeda (n=487963),0.640873578008294,0.0471427245550682
Pinus_taeda (n=487963),0.641907951676461,0.0427911099120412
Pinus_taeda (n=487963),0.642942325344629,0.0393255539704953
Pinus_taeda (n=487963),0.643976699012797,0.0370296604911098
Pinus_taeda (n=487963),0.645011072680965,0.0358448339827051
Pinus_taeda (n=487963),0.646045446349133,0.0355201884871571
Pinus_taeda (n=487963),0.647079820017301,0.0356770647708497
Pinus_taeda (n=487963),0.648114193685468,0.0359016772200066
Pinus_taeda (n=487963),0.649148567353636,0.0358256527539597
Pinus_taeda (n=487963),0.650182941021804,0.0351856088059845
Pinus_taeda (n=487963),0.651217314689972,0.0338596686032816
Pinus_taeda (n=487963),0.65225168835814,0.0318827316760242
Pinus_taeda (n=487963),0.653286062026307,0.0294434318104961
Pinus_taeda (n=487963),0.654320435694475,0.026864965788227
Pinus_taeda (n=487963),0.655354809362643,0.0245706648285267
Pinus_taeda (n=487963),0.656389183030811,0.0230344786898664
Pinus_taeda (n=487963),0.657423556698979,0.0227171740334684
Pinus_taeda (n=487963),0.658457930367147,0.0240973819610753
Pinus_taeda (n=487963),0.659492304035315,0.0272896423019948
Pinus_taeda (n=487963),0.660526677703482,0.0321525422354156
Pinus_taeda (n=487963),0.66156105137165,0.0382932050019355
Pinus_taeda (n=487963),0.662595425039818,0.045065464382523
Pinus_taeda (n=487963),0.663629798707986,0.0516544254656012
Pinus_taeda (n=487963),0.664664172376154,0.0572116559721981
Pinus_taeda (n=487963),0.665698546044322,0.0610197993035336
Pinus_taeda (n=487963),0.666732919712489,0.0626548994995021
Pinus_taeda (n=487963),0.667767293380657,0.0621117401020786
Pinus_taeda (n=487963),0.668801667048825,0.0598631832636012
Pinus_taeda (n=487963),0.669836040716993,0.0568371634592096
Pinus_taeda (n=487963),0.670870414385161,0.0543107859182893
Pinus_taeda (n=487963),0.671904788053329,0.0537352740749987
Pinus_taeda (n=487963),0.672939161721496,0.0565147755813443
Pinus_taeda (n=487963),0.673973535389664,0.0641122043013191
Pinus_taeda (n=487963),0.675007909057832,0.0767672681200332
Pinus_taeda (n=487963),0.676042282726,0.0941030416789123
Pinus_taeda (n=487963),0.677076656394168,0.114980068916947
Pinus_taeda (n=487963),0.678111030062336,0.137540720876919
Pinus_taeda (n=487963),0.679145403730503,0.159435899452843
Pinus_taeda (n=487963),0.680179777398671,0.178173023889076
Pinus_taeda (n=487963),0.681214151066839,0.191527054269777
Pinus_taeda (n=487963),0.682248524735007,0.197931240927588
Pinus_taeda (n=487963),0.683282898403175,0.196760161066486
Pinus_taeda (n=487963),0.684317272071343,0.188437881346039
Pinus_taeda (n=487963),0.68535164573951,0.174344280475725
Pinus_taeda (n=487963),0.686386019407678,0.156541610227414
Pinus_taeda (n=487963),0.687420393075846,0.137386893481572
Pinus_taeda (n=487963),0.688454766744014,0.119123311611746
Pinus_taeda (n=487963),0.689489140412182,0.103823199419684
Pinus_taeda (n=487963),0.69052351408035,0.0923412003240723
Pinus_taeda (n=487963),0.691557887748517,0.0849263089237917
Pinus_taeda (n=487963),0.692592261416685,0.0813125699743601
Pinus_taeda (n=487963),0.693626635084853,0.0809495234665676
Pinus_taeda (n=487963),0.694661008753021,0.0832416951888731
Pinus_taeda (n=487963),0.695695382421189,0.0877373107361405
Pinus_taeda (n=487963),0.696729756089357,0.0942197610317299
Pinus_taeda (n=487963),0.697764129757525,0.102679082783289
Pinus_taeda (n=487963),0.698798503425692,0.113171907683188
Pinus_taeda (n=487963),0.69983287709386,0.125611002730448
Pinus_taeda (n=487963),0.700867250762028,0.139551489164911
Pinus_taeda (n=487963),0.701901624430196,0.154051547412184
Pinus_taeda (n=487963),0.702935998098364,0.167674491840898
Pinus_taeda (n=487963),0.703970371766531,0.178618501488772
Pinus_taeda (n=487963),0.705004745434699,0.18477889908655
Pinus_taeda (n=487963),0.706039119102867,0.185235595681875
Pinus_taeda (n=487963),0.707073492771035,0.17979496156249
Pinus_taeda (n=487963),0.708107866439203,0.169315930766023
Pinus_taeda (n=487963),0.709142240107371,0.155653866409211
Pinus_taeda (n=487963),0.710176613775538,0.141425812388878
Pinus_taeda (n=487963),0.711210987443706,0.129655850058699
Pinus_taeda (n=487963),0.712245361111874,0.123368244259219
Pinus_taeda (n=487963),0.713279734780042,0.125186031253643
Pinus_taeda (n=487963),0.71431410844821,0.136975126101635
Pinus_taeda (n=487963),0.715348482116378,0.159560140373222
Pinus_taeda (n=487963),0.716382855784545,0.192534106774096
Pinus_taeda (n=487963),0.717417229452713,0.234188987082195
Pinus_taeda (n=487963),0.718451603120881,0.281598908052083
Pinus_taeda (n=487963),0.719485976789049,0.330822822848758
Pinus_taeda (n=487963),0.720520350457217,0.376908545570702
Pinus_taeda (n=487963),0.721554724125385,0.415594923102454
Pinus_taeda (n=487963),0.722589097793552,0.443589408437822
Pinus_taeda (n=487963),0.72362347146172,0.458906319837431
Pinus_taeda (n=487963),0.724657845129888,0.461103593383723
Pinus_taeda (n=487963),0.725692218798056,0.451290786586245
Pinus_taeda (n=487963),0.726726592466224,0.431921415955198
Pinus_taeda (n=487963),0.727760966134392,0.406406811199745
Pinus_taeda (n=487963),0.72879533980256,0.378602592713216
Pinus_taeda (n=487963),0.729829713470727,0.352229716827125
Pinus_taeda (n=487963),0.730864087138895,0.330304518285917
Pinus_taeda (n=487963),0.731898460807063,0.31466514851701
Pinus_taeda (n=487963),0.732932834475231,0.305687737797957
Pinus_taeda (n=487963),0.733967208143399,0.302273225319132
Pinus_taeda (n=487963),0.735001581811567,0.302149634884209
Pinus_taeda (n=487963),0.736035955479734,0.302163279410422
Pinus_taeda (n=487963),0.737070329147902,0.299705658731068
Pinus_taeda (n=487963),0.73810470281607,0.293417034238507
Pinus_taeda (n=487963),0.739139076484238,0.283383602580986
Pinus_taeda (n=487963),0.740173450152406,0.271105177793232
Pinus_taeda (n=487963),0.741207823820574,0.259088853503067
Pinus_taeda (n=487963),0.742242197488741,0.250171047054005
Pinus_taeda (n=487963),0.743276571156909,0.246736071273274
Pinus_taeda (n=487963),0.744310944825077,0.250025543070275
Pinus_taeda (n=487963),0.745345318493245,0.25971527402694
Pinus_taeda (n=487963),0.746379692161413,0.273878572196389
Pinus_taeda (n=487963),0.747414065829581,0.289368105836202
Pinus_taeda (n=487963),0.748448439497748,0.302549576592136
Pinus_taeda (n=487963),0.749482813165916,0.310230451908803
Pinus_taeda (n=487963),0.750517186834084,0.310303556027168
Pinus_taeda (n=487963),0.751551560502252,0.303295517410529
Pinus_taeda (n=487963),0.75258593417042,0.292407285748598
Pinus_taeda (n=487963),0.753620307838587,0.282236357019003
Pinus_taeda (n=487963),0.754654681506755,0.278205270220627
Pinus_taeda (n=487963),0.755689055174923,0.285502504800701
Pinus_taeda (n=487963),0.756723428843091,0.308003215769264
Pinus_taeda (n=487963),0.757757802511259,0.347349548414748
Pinus_taeda (n=487963),0.758792176179427,0.402354742994793
Pinus_taeda (n=487963),0.759826549847595,0.468866964211079
Pinus_taeda (n=487963),0.760860923515762,0.540179210842662
Pinus_taeda (n=487963),0.76189529718393,0.607992356183828
Pinus_taeda (n=487963),0.762929670852098,0.663829736472143
Pinus_taeda (n=487963),0.763964044520266,0.700679111126854
Pinus_taeda (n=487963),0.764998418188434,0.714533198681951
Pinus_taeda (n=487963),0.766032791856602,0.70461617315242
Pinus_taeda (n=487963),0.767067165524769,0.676807839688913
Pinus_taeda (n=487963),0.768101539192937,0.640267467855328
Pinus_taeda (n=487963),0.769135912861105,0.604752484475573
Pinus_taeda (n=487963),0.770170286529273,0.579212104674532
Pinus_taeda (n=487963),0.771204660197441,0.569917888097915
Pinus_taeda (n=487963),0.772239033865608,0.579194803388502
Pinus_taeda (n=487963),0.773273407533776,0.605012933621359
Pinus_taeda (n=487963),0.774307781201944,0.641517103830101
Pinus_taeda (n=487963),0.775342154870112,0.680376160024608
Pinus_taeda (n=487963),0.77637652853828,0.712658647127056
Pinus_taeda (n=487963),0.777410902206448,0.730820587572317
Pinus_taeda (n=487963),0.778445275874615,0.730353156018254
Pinus_taeda (n=487963),0.779479649542783,0.710701591704885
Pinus_taeda (n=487963),0.780514023210951,0.675230640646215
Pinus_taeda (n=487963),0.781548396879119,0.630190640497761
Pinus_taeda (n=487963),0.782582770547287,0.584145988290306
Pinus_taeda (n=487963),0.783617144215455,0.543629264230984
Pinus_taeda (n=487963),0.784651517883623,0.51255095485125
Pinus_taeda (n=487963),0.78568589155179,0.491903462230018
Pinus_taeda (n=487963),0.786720265219958,0.480062657115191
Pinus_taeda (n=487963),0.787754638888126,0.473678247738649
Pinus_taeda (n=487963),0.788789012556294,0.468846562163509
Pinus_taeda (n=487963),0.789823386224462,0.462232970408972
Pinus_taeda (n=487963),0.79085775989263,0.451868907430112
Pinus_taeda (n=487963),0.791892133560797,0.437466255378992
Pinus_taeda (n=487963),0.792926507228965,0.420235714585843
Pinus_taeda (n=487963),0.793960880897133,0.40232897202932
Pinus_taeda (n=487963),0.794995254565301,0.386114562733576
Pinus_taeda (n=487963),0.796029628233469,0.373522869307825
Pinus_taeda (n=487963),0.797064001901637,0.365979946156004
Pinus_taeda (n=487963),0.798098375569804,0.363370334885264
Pinus_taeda (n=487963),0.799132749237972,0.365255385862968
Pinus_taeda (n=487963),0.80016712290614,0.37122643074549
Pinus_taeda (n=487963),0.801201496574308,0.381167262840727
Pinus_taeda (n=487963),0.802235870242476,0.395351407094164
Pinus_taeda (n=487963),0.803270243910644,0.414313828412691
Pinus_taeda (n=487963),0.804304617578811,0.438566643340002
Pinus_taeda (n=487963),0.805338991246979,0.468276264858571
Pinus_taeda (n=487963),0.806373364915147,0.503023900912727
Pinus_taeda (n=487963),0.807407738583315,0.541735922415275
Pinus_taeda (n=487963),0.808442112251483,0.582809982959255
Pinus_taeda (n=487963),0.809476485919651,0.624397796650113
Pinus_taeda (n=487963),0.810510859587818,0.664757181929245
Pinus_taeda (n=487963),0.811545233255986,0.702569267843922
Pinus_taeda (n=487963),0.812579606924154,0.736890889017525
Pinus_taeda (n=487963),0.813613980592322,0.76802080244838
Pinus_taeda (n=487963),0.81464835426049,0.796547733516226
Pinus_taeda (n=487963),0.815682727928658,0.823335573328452
Pinus_taeda (n=487963),0.816717101596825,0.849341057086811
Pinus_taeda (n=487963),0.817751475264993,0.875476760223544
Pinus_taeda (n=487963),0.818785848933161,0.902529754255568
Pinus_taeda (n=487963),0.819820222601329,0.931124740443146
Pinus_taeda (n=487963),0.820854596269497,0.961713234328177
Pinus_taeda (n=487963),0.821888969937665,0.994572874328019
Pinus_taeda (n=487963),0.822923343605832,1.0298088510243
Pinus_taeda (n=487963),0.823957717274,1.06735794461137
Pinus_taeda (n=487963),0.824992090942168,1.10700110373371
Pinus_taeda (n=487963),0.826026464610336,1.14839159721621
Pinus_taeda (n=487963),0.827060838278504,1.19111094619004
Pinus_taeda (n=487963),0.828095211946672,1.23474872127447
Pinus_taeda (n=487963),0.82912958561484,1.27891928285773
Pinus_taeda (n=487963),0.830163959283007,1.32357533052978
Pinus_taeda (n=487963),0.831198332951175,1.36904076418966
Pinus_taeda (n=487963),0.832232706619343,1.41611802447379
Pinus_taeda (n=487963),0.833267080287511,1.46614781036567
Pinus_taeda (n=487963),0.834301453955679,1.52098549324241
Pinus_taeda (n=487963),0.835335827623846,1.5828643801249
Pinus_taeda (n=487963),0.836370201292014,1.65413463729254
Pinus_taeda (n=487963),0.837404574960182,1.73689630132084
Pinus_taeda (n=487963),0.83843894862835,1.83257908675974
Pinus_taeda (n=487963),0.839473322296518,1.94155107418883
Pinus_taeda (n=487963),0.840507695964686,2.06285218105941
Pinus_taeda (n=487963),0.841542069632853,2.19413782966004
Pinus_taeda (n=487963),0.842576443301021,2.33191152767565
Pinus_taeda (n=487963),0.843610816969189,2.4715369705423
Pinus_taeda (n=487963),0.844645190637357,2.60836733097709
Pinus_taeda (n=487963),0.845679564305525,2.73881716898762
Pinus_taeda (n=487963),0.846713937973693,2.86037136666851
Pinus_taeda (n=487963),0.84774831164186,2.97173307579374
Pinus_taeda (n=487963),0.848782685310028,3.07274366085307
Pinus_taeda (n=487963),0.849817058978196,3.16414197245429
Pinus_taeda (n=487963),0.850851432646364,3.2472570426026
Pinus_taeda (n=487963),0.851885806314532,3.32372523921315
Pinus_taeda (n=487963),0.8529201799827,3.39529624939322
Pinus_taeda (n=487963),0.853954553650867,3.46375285819987
Pinus_taeda (n=487963),0.854988927319035,3.53092929774371
Pinus_taeda (n=487963),0.856023300987203,3.59878205029189
Pinus_taeda (n=487963),0.857057674655371,3.66945170274569
Pinus_taeda (n=487963),0.858092048323539,3.74546991746221
Pinus_taeda (n=487963),0.859126421991707,3.82962998491276
Pinus_taeda (n=487963),0.860160795659875,3.92373212428264
Pinus_taeda (n=487963),0.861195169328042,4.02920672708913
Pinus_taeda (n=487963),0.86222954299621,4.14653970552658
Pinus_taeda (n=487963),0.863263916664378,4.27506422613683
Pinus_taeda (n=487963),0.864298290332546,4.41292102067391
Pinus_taeda (n=487963),0.865332664000714,4.55721592237866
Pinus_taeda (n=487963),0.866367037668882,4.70436033765408
Pinus_taeda (n=487963),0.867401411337049,4.85054029182163
Pinus_taeda (n=487963),0.868435785005217,4.99223245321608
Pinus_taeda (n=487963),0.869470158673385,5.12667697402845
Pinus_taeda (n=487963),0.870504532341553,5.2522274736654
Pinus_taeda (n=487963),0.871538906009721,5.36852330234134
Pinus_taeda (n=487963),0.872573279677889,5.4764604075027
Pinus_taeda (n=487963),0.873607653346056,5.5778360058255
Pinus_taeda (n=487963),0.874642027014224,5.67552897450267
Pinus_taeda (n=487963),0.875676400682392,5.7723825365592
Pinus_taeda (n=487963),0.87671077435056,5.87040921557286
Pinus_taeda (n=487963),0.877745148018728,5.97065779685951
Pinus_taeda (n=487963),0.878779521686895,6.0730224245296
Pinus_taeda (n=487963),0.879813895355063,6.1762968510007
Pinus_taeda (n=487963),0.880848269023231,6.27846369199022
Pinus_taeda (n=487963),0.881882642691399,6.37714955375635
Pinus_taeda (n=487963),0.882917016359567,6.47013339071151
Pinus_taeda (n=487963),0.883951390027735,6.55578189442526
Pinus_taeda (n=487963),0.884985763695902,6.6333074639155
Pinus_taeda (n=487963),0.88602013736407,6.70279589350822
Pinus_taeda (n=487963),0.887054511032238,6.76501731986813
Pinus_taeda (n=487963),0.888088884700406,6.82109468887778
Pinus_taeda (n=487963),0.889123258368574,6.87194525905454
Pinus_taeda (n=487963),0.890157632036742,6.9184834498535
Pinus_taeda (n=487963),0.89119200570491,6.96113797303711
Pinus_taeda (n=487963),0.892226379373077,6.99983106542746
Pinus_taeda (n=487963),0.893260753041245,7.03430153227559
Pinus_taeda (n=487963),0.894295126709413,7.06428591701917
Pinus_taeda (n=487963),0.895329500377581,7.08966021872493
Pinus_taeda (n=487963),0.896363874045749,7.11051292121067
Pinus_taeda (n=487963),0.897398247713916,7.12714444679674
Pinus_taeda (n=487963),0.898432621382084,7.14000615185921
Pinus_taeda (n=487963),0.899466995050252,7.14960125522687
Pinus_taeda (n=487963),0.90050136871842,7.15637172797591
Pinus_taeda (n=487963),0.901535742386588,7.16059233361973
Pinus_taeda (n=487963),0.902570116054756,7.16228917755051
Pinus_taeda (n=487963),0.903604489722924,7.16119741173359
Pinus_taeda (n=487963),0.904638863391091,7.1565353273482
Pinus_taeda (n=487963),0.905673237059259,7.14757252192829
Pinus_taeda (n=487963),0.906707610727427,7.1335775509654
Pinus_taeda (n=487963),0.907741984395595,7.11389563748195
Pinus_taeda (n=487963),0.908776358063763,7.08817049526135
Pinus_taeda (n=487963),0.909810731731931,7.05643412534263
Pinus_taeda (n=487963),0.910845105400098,7.01911494843444
Pinus_taeda (n=487963),0.911879479068266,6.97696359351994
Pinus_taeda (n=487963),0.912913852736434,6.93091817356083
Pinus_taeda (n=487963),0.913948226404602,6.88194609855353
Pinus_taeda (n=487963),0.91498260007277,6.83090288920641
Pinus_taeda (n=487963),0.916016973740937,6.77843958419487
Pinus_taeda (n=487963),0.917051347409105,6.72497262060547
Pinus_taeda (n=487963),0.918085721077273,6.67070971120917
Pinus_taeda (n=487963),0.919120094745441,6.61570919365097
Pinus_taeda (n=487963),0.920154468413609,6.55988819513167
Pinus_taeda (n=487963),0.921188842081777,6.50320595247314
Pinus_taeda (n=487963),0.922223215749944,6.44556123926306
Pinus_taeda (n=487963),0.923257589418112,6.38679581395435
Pinus_taeda (n=487963),0.92429196308628,6.32669156970235
Pinus_taeda (n=487963),0.925326336754448,6.26497768109506
Pinus_taeda (n=487963),0.926360710422616,6.20136502480519
Pinus_taeda (n=487963),0.927395084090784,6.13560554748578
Pinus_taeda (n=487963),0.928429457758952,6.06756510833944
Pinus_taeda (n=487963),0.929463831427119,5.99729245291109
Pinus_taeda (n=487963),0.930498205095287,5.92506567616598
Pinus_taeda (n=487963),0.931532578763455,5.85140107395249
Pinus_taeda (n=487963),0.932566952431623,5.77701693822962
Pinus_taeda (n=487963),0.933601326099791,5.70275504667222
Pinus_taeda (n=487963),0.934635699767959,5.62947312880709
Pinus_taeda (n=487963),0.935670073436126,5.55810537946092
Pinus_taeda (n=487963),0.936704447104294,5.48908715523229
Pinus_taeda (n=487963),0.937738820772462,5.42266291340109
Pinus_taeda (n=487963),0.93877319444063,5.35885807065986
Pinus_taeda (n=487963),0.939807568108798,5.29754411718724
Pinus_taeda (n=487963),0.940841941776966,5.23853390201826
Pinus_taeda (n=487963),0.941876315445133,5.18167944553193
Pinus_taeda (n=487963),0.942910689113301,5.12695177570488
Pinus_taeda (n=487963),0.943945062781469,5.07448899940042
Pinus_taeda (n=487963),0.944979436449637,5.02460775111918
Pinus_taeda (n=487963),0.946013810117805,4.97778175394232
Pinus_taeda (n=487963),0.947048183785973,4.9345973126101
Pinus_taeda (n=487963),0.94808255745414,4.8956978334313
Pinus_taeda (n=487963),0.949116931122308,4.86172776658863
Pinus_taeda (n=487963),0.950151304790476,4.83332223861708
Pinus_taeda (n=487963),0.951185678458644,4.81139820134718
Pinus_taeda (n=487963),0.952220052126812,4.7958691886294
Pinus_taeda (n=487963),0.953254425794979,4.78682851186419
Pinus_taeda (n=487963),0.954288799463147,4.78410192468371
Pinus_taeda (n=487963),0.955323173131315,4.78719837610558
Pinus_taeda (n=487963),0.956357546799483,4.79527941284755
Pinus_taeda (n=487963),0.957391920467651,4.80715958596835
Pinus_taeda (n=487963),0.958426294135819,4.82134563078316
Pinus_taeda (n=487963),0.959460667803986,4.83611470873943
Pinus_taeda (n=487963),0.960495041472154,4.84962367137467
Pinus_taeda (n=487963),0.961529415140322,4.86003428492281
Pinus_taeda (n=487963),0.96256378880849,4.8656353844865
Pinus_taeda (n=487963),0.963598162476658,4.86494298588992
Pinus_taeda (n=487963),0.964632536144826,4.85676350076998
Pinus_taeda (n=487963),0.965666909812994,4.84006679838193
Pinus_taeda (n=487963),0.966701283481162,4.81380958171247
Pinus_taeda (n=487963),0.967735657149329,4.77817431454126
Pinus_taeda (n=487963),0.968770030817497,4.73294790707908
Pinus_taeda (n=487963),0.969804404485665,4.67796538419355
Pinus_taeda (n=487963),0.970838778153833,4.61305436417274
Pinus_taeda (n=487963),0.971873151822001,4.53799936548079
Pinus_taeda (n=487963),0.972907525490168,4.45252503299003
Pinus_taeda (n=487963),0.973941899158336,4.3562945938004
Pinus_taeda (n=487963),0.974976272826504,4.248919426503
Pinus_taeda (n=487963),0.976010646494672,4.12997778388571
Pinus_taeda (n=487963),0.97704502016284,3.99904546821575
Pinus_taeda (n=487963),0.978079393831008,3.85574847119554
Pinus_taeda (n=487963),0.979113767499175,3.69985701232832
Pinus_taeda (n=487963),0.980148141167343,3.53145179840235
Pinus_taeda (n=487963),0.981182514835511,3.35095922755196
Pinus_taeda (n=487963),0.982216888503679,3.16032086930228
Pinus_taeda (n=487963),0.983251262171847,2.96447714526638
Pinus_taeda (n=487963),0.984285635840014,2.77117371208881
Pinus_taeda (n=487963),0.985320009508182,2.59315211906008
Pinus_taeda (n=487963),0.98635438317635,2.4498619093858
Pinus_taeda (n=487963),0.987388756844518,2.36884559436189
Pinus_taeda (n=487963),0.988423130512686,2.38604484817283
Pinus_taeda (n=487963),0.989457504180854,2.54408000309501
Pinus_taeda (n=487963),0.990491877849021,2.88761504855547
Pinus_taeda (n=487963),0.991526251517189,3.45537774115031
Pinus_taeda (n=487963),0.992560625185357,4.26930236430735
Pinus_taeda (n=487963),0.993594998853525,5.32248414516775
Pinus_taeda (n=487963),0.994629372521693,6.56887518616533
Pinus_taeda (n=487963),0.995663746189861,7.91844346044266
Pinus_taeda (n=487963),0.996698119858029,9.23432505396534
Pinus_taeda (n=487963),0.997732493526197,10.3425684274679
Pinus_taeda (n=487963),0.998766867194364,11.0989876652578
Pinus_taeda (n=487963),0.999801240862532,11.3973636689688
Pinus_taeda (n=487963),1.0008356145307,11.1919110101641
Pinus_taeda (n=487963),1.00186998819887,10.5056029933755
Pinus_taeda (n=487963),1.00290436186704,9.42386462174754
Pinus_taeda (n=487963),1.0039387355352,8.07587720109374
Pinus_taeda (n=487963),1.00497310920337,6.6088674998035
Pinus_taeda (n=487963),1.00600748287154,5.16202859875359
Pinus_taeda (n=487963),1.00704185653971,3.84598631088304
Pinus_taeda (n=487963),1.00807623020787,2.73146227833847
Pinus_taeda (n=487963),1.00911060387604,1.84786324321653
Pinus_taeda (n=487963),1.01014497754421,1.18990529119738
Pinus_taeda (n=487963),1.01117935121238,0.728801358551593
Pinus_taeda (n=487963),1.01221372488055,0.429205611072167
Pinus_taeda (n=487963),1.01324809854871,0.243504741506121
Pinus_taeda (n=487963),1.01428247221688,0.132045091420957
Trex_cells_scaffolds_len10k (n=6683278),0.498216445270632,6.4869997357935e-05
Trex_cells_scaffolds_len10k (n=6683278),0.499201899496579,0.000364303796195629
Trex_cells_scaffolds_len10k (n=6683278),0.500187353722525,0.000549742998263207
Trex_cells_scaffolds_len10k (n=6683278),0.501172807948472,0.000211153167843882
Trex_cells_scaffolds_len10k (n=6683278),0.502158262174419,2.52826823066099e-05
Trex_cells_scaffolds_len10k (n=6683278),0.503143716400365,3.5958988212746e-07
Trex_cells_scaffolds_len10k (n=6683278),0.504129170626312,3.31437722672672e-10
Trex_cells_scaffolds_len10k (n=6683278),0.505114624852259,1.97999832708865e-14
Trex_cells_scaffolds_len10k (n=6683278),0.506100079078205,4.20654442722749e-16
Trex_cells_scaffolds_len10k (n=6683278),0.507085533304152,1.07714948593388e-15
Trex_cells_scaffolds_len10k (n=6683278),0.508070987530099,3.51204004762787e-16
Trex_cells_scaffolds_len10k (n=6683278),0.509056441756045,8.06439137399766e-16
Trex_cells_scaffolds_len10k (n=6683278),0.510041895981992,3.0929950051286e-15
Trex_cells_scaffolds_len10k (n=6683278),0.511027350207939,2.81022343404665e-15
Trex_cells_scaffolds_len10k (n=6683278),0.512012804433885,0
Trex_cells_scaffolds_len10k (n=6683278),0.512998258659832,0
Trex_cells_scaffolds_len10k (n=6683278),0.513983712885779,5.88373755253983e-16
Trex_cells_scaffolds_len10k (n=6683278),0.514969167111725,1.87697015597191e-15
Trex_cells_scaffolds_len10k (n=6683278),0.515954621337672,0
Trex_cells_scaffolds_len10k (n=6683278),0.516940075563618,3.46089787824499e-14
Trex_cells_scaffolds_len10k (n=6683278),0.517925529789565,5.97951350278514e-10
Trex_cells_scaffolds_len10k (n=6683278),0.518910984015512,6.27323551872686e-07
Trex_cells_scaffolds_len10k (n=6683278),0.519896438241458,4.22941824948128e-05
Trex_cells_scaffolds_len10k (n=6683278),0.520881892467405,0.000331116380838291
Trex_cells_scaffolds_len10k (n=6683278),0.521867346693352,0.000773719517799577
Trex_cells_scaffolds_len10k (n=6683278),0.522852800919298,0.000211080241977559
Trex_cells_scaffolds_len10k (n=6683278),0.523838255145245,9.82328018932041e-06
Trex_cells_scaffolds_len10k (n=6683278),0.524823709371192,1.09703002840736e-07
Trex_cells_scaffolds_len10k (n=6683278),0.525809163597138,8.44027460861596e-08
Trex_cells_scaffolds_len10k (n=6683278),0.526794617823085,5.97074064886802e-06
Trex_cells_scaffolds_len10k (n=6683278),0.527780072049032,7.38692232417149e-05
Trex_cells_scaffolds_len10k (n=6683278),0.528765526274978,0.000332257820046068
Trex_cells_scaffolds_len10k (n=6683278),0.529750980500925,0.000530450000528188
Trex_cells_scaffolds_len10k (n=6683278),0.530736434726872,0.000120155750334118
Trex_cells_scaffolds_len10k (n=6683278),0.531721888952818,1.81026841735089e-06
Trex_cells_scaffolds_len10k (n=6683278),0.532707343178765,1.66816540020157e-09
Trex_cells_scaffolds_len10k (n=6683278),0.533692797404711,9.55042676500021e-14
Trex_cells_scaffolds_len10k (n=6683278),0.534678251630658,4.85373249258885e-15
Trex_cells_scaffolds_len10k (n=6683278),0.535663705856605,0
Trex_cells_scaffolds_len10k (n=6683278),0.536649160082551,4.73468543327773e-16
Trex_cells_scaffolds_len10k (n=6683278),0.537634614308498,5.17083265975847e-12
Trex_cells_scaffolds_len10k (n=6683278),0.538620068534445,2.72524202743896e-09
Trex_cells_scaffolds_len10k (n=6683278),0.539605522760391,3.44861610224798e-07
Trex_cells_scaffolds_len10k (n=6683278),0.540590976986338,2.27988118195928e-05
Trex_cells_scaffolds_len10k (n=6683278),0.541576431212285,9.36222364298457e-05
Trex_cells_scaffolds_len10k (n=6683278),0.542561885438231,3.57891764969524e-05
Trex_cells_scaffolds_len10k (n=6683278),0.543547339664178,0.000277645035903192
Trex_cells_scaffolds_len10k (n=6683278),0.544532793890125,0.00276483523344964
Trex_cells_scaffolds_len10k (n=6683278),0.545518248116071,0.00746242524873738
Trex_cells_scaffolds_len10k (n=6683278),0.546503702342018,0.00225097081811483
Trex_cells_scaffolds_len10k (n=6683278),0.547489156567965,0.000168512808841012
Trex_cells_scaffolds_len10k (n=6683278),0.548474610793911,2.42269672664036e-06
Trex_cells_scaffolds_len10k (n=6683278),0.549460065019858,2.42754100545909e-09
Trex_cells_scaffolds_len10k (n=6683278),0.550445519245804,1.49394253132618e-13
Trex_cells_scaffolds_len10k (n=6683278),0.551430973471751,9.025664781671e-13
Trex_cells_scaffolds_len10k (n=6683278),0.552416427697698,1.61065422660318e-08
Trex_cells_scaffolds_len10k (n=6683278),0.553401881923644,1.74629690549285e-05
Trex_cells_scaffolds_len10k (n=6683278),0.554387336149591,0.00115465279778212
Trex_cells_scaffolds_len10k (n=6683278),0.555372790375538,0.00485823660243467
Trex_cells_scaffolds_len10k (n=6683278),0.556358244601484,0.0021613702520768
Trex_cells_scaffolds_len10k (n=6683278),0.557343698827431,0.000312995815262054
Trex_cells_scaffolds_len10k (n=6683278),0.558329153053378,2.24371122029023e-05
Trex_cells_scaffolds_len10k (n=6683278),0.559314607279324,5.32678549844952e-05
Trex_cells_scaffolds_len10k (n=6683278),0.560300061505271,6.25612692708989e-05
Trex_cells_scaffolds_len10k (n=6683278),0.561285515731218,2.29655399028507e-05
Trex_cells_scaffolds_len10k (n=6683278),0.562270969957164,4.14406347393847e-06
Trex_cells_scaffolds_len10k (n=6683278),0.563256424183111,8.72417730177706e-05
Trex_cells_scaffolds_len10k (n=6683278),0.564241878409058,0.000599102267936572
Trex_cells_scaffolds_len10k (n=6683278),0.565227332635004,0.00122377722788895
Trex_cells_scaffolds_len10k (n=6683278),0.566212786860951,0.000586091178573468
Trex_cells_scaffolds_len10k (n=6683278),0.567198241086897,8.67269476689505e-05
Trex_cells_scaffolds_len10k (n=6683278),0.568183695312844,1.29035320093852e-06
Trex_cells_scaffolds_len10k (n=6683278),0.569169149538791,1.21472813795575e-09
Trex_cells_scaffolds_len10k (n=6683278),0.570154603764737,7.00467900718154e-14
Trex_cells_scaffolds_len10k (n=6683278),0.571140057990684,5.33329146569428e-16
Trex_cells_scaffolds_len10k (n=6683278),0.572125512216631,2.53682637103758e-17
Trex_cells_scaffolds_len10k (n=6683278),0.573110966442577,7.9388285677439e-16
Trex_cells_scaffolds_len10k (n=6683278),0.574096420668524,3.77513890337743e-13
Trex_cells_scaffolds_len10k (n=6683278),0.575081874894471,6.60301583928269e-09
Trex_cells_scaffolds_len10k (n=6683278),0.576067329120417,7.14342256565041e-06
Trex_cells_scaffolds_len10k (n=6683278),0.577052783346364,0.000480952881821709
Trex_cells_scaffolds_len10k (n=6683278),0.578038237572311,0.00270167734611678
Trex_cells_scaffolds_len10k (n=6683278),0.579023691798257,0.00412454810465206
Trex_cells_scaffolds_len10k (n=6683278),0.580009146024204,0.00220586806549094
Trex_cells_scaffolds_len10k (n=6683278),0.58099460025015,0.000374335590764132
Trex_cells_scaffolds_len10k (n=6683278),0.581980054476097,0.000282541448720671
Trex_cells_scaffolds_len10k (n=6683278),0.582965508702044,0.00109613977801673
Trex_cells_scaffolds_len10k (n=6683278),0.58395096292799,0.000875996707859352
Trex_cells_scaffolds_len10k (n=6683278),0.584936417153937,0.000167214126537181
Trex_cells_scaffolds_len10k (n=6683278),0.585921871379884,2.51478717520766e-06
Trex_cells_scaffolds_len10k (n=6683278),0.58690732560583,4.33422527736086e-09
Trex_cells_scaffolds_len10k (n=6683278),0.587892779831777,2.15085836700699e-06
Trex_cells_scaffolds_len10k (n=6683278),0.588878234057724,0.00014528046216079
Trex_cells_scaffolds_len10k (n=6683278),0.58986368828367,0.000874016662851247
Trex_cells_scaffolds_len10k (n=6683278),0.590849142509617,0.00157709973061941
Trex_cells_scaffolds_len10k (n=6683278),0.591834596735564,0.00107579674025238
Trex_cells_scaffolds_len10k (n=6683278),0.59282005096151,0.000247049283265179
Trex_cells_scaffolds_len10k (n=6683278),0.593805505187457,2.91492757910761e-05
Trex_cells_scaffolds_len10k (n=6683278),0.594790959413404,3.63032461635838e-06
Trex_cells_scaffolds_len10k (n=6683278),0.59577641363935,5.39389928228376e-08
Trex_cells_scaffolds_len10k (n=6683278),0.596761867865297,1.37648212262983e-06
Trex_cells_scaffolds_len10k (n=6683278),0.597747322091243,9.45268683747934e-05
Trex_cells_scaffolds_len10k (n=6683278),0.59873277631719,0.000687770829291516
Trex_cells_scaffolds_len10k (n=6683278),0.599718230543137,0.00168727089935133
Trex_cells_scaffolds_len10k (n=6683278),0.600703684769083,0.00148678781013489
Trex_cells_scaffolds_len10k (n=6683278),0.60168913899503,0.000296215675901022
Trex_cells_scaffolds_len10k (n=6683278),0.602674593220977,4.44553222779022e-06
Trex_cells_scaffolds_len10k (n=6683278),0.603660047446923,2.00863024093663e-08
Trex_cells_scaffolds_len10k (n=6683278),0.60464550167287,1.18118661441035e-06
Trex_cells_scaffolds_len10k (n=6683278),0.605630955898817,1.4464578749913e-05
Trex_cells_scaffolds_len10k (n=6683278),0.606616410124763,7.47879902181562e-05
Trex_cells_scaffolds_len10k (n=6683278),0.60760186435071,0.000196394240402624
Trex_cells_scaffolds_len10k (n=6683278),0.608587318576657,0.00026958564936195
Trex_cells_scaffolds_len10k (n=6683278),0.609572772802603,0.000172529416398508
Trex_cells_scaffolds_len10k (n=6683278),0.61055822702855,3.10083371080367e-05
Trex_cells_scaffolds_len10k (n=6683278),0.611543681254497,4.61188147735738e-07
Trex_cells_scaffolds_len10k (n=6683278),0.612529135480443,5.62532323561326e-07
Trex_cells_scaffolds_len10k (n=6683278),0.61351458970639,3.76457272124858e-05
Trex_cells_scaffolds_len10k (n=6683278),0.614500043932336,0.000237413447461278
Trex_cells_scaffolds_len10k (n=6683278),0.615485498158283,0.000441266091920137
Trex_cells_scaffolds_len10k (n=6683278),0.61647095238423,0.000187466450010488
Trex_cells_scaffolds_len10k (n=6683278),0.617456406610176,0.000165146351238075
Trex_cells_scaffolds_len10k (n=6683278),0.618441860836123,0.000594651433126077
Trex_cells_scaffolds_len10k (n=6683278),0.61942731506207,0.000927803014030782
Trex_cells_scaffolds_len10k (n=6683278),0.620412769288016,0.000322061225848698
Trex_cells_scaffolds_len10k (n=6683278),0.621398223513963,0.000107280112582969
Trex_cells_scaffolds_len10k (n=6683278),0.62238367773991,2.87126947092428e-05
Trex_cells_scaffolds_len10k (n=6683278),0.623369131965856,9.75606956927728e-05
Trex_cells_scaffolds_len10k (n=6683278),0.624354586191803,0.000420381214052077
Trex_cells_scaffolds_len10k (n=6683278),0.625340040417749,0.000684335575456261
Trex_cells_scaffolds_len10k (n=6683278),0.626325494643696,0.000155976288329949
Trex_cells_scaffolds_len10k (n=6683278),0.627310948869643,1.13346012341432e-05
Trex_cells_scaffolds_len10k (n=6683278),0.628296403095589,8.19356303911949e-05
Trex_cells_scaffolds_len10k (n=6683278),0.629281857321536,0.000251240884164597
Trex_cells_scaffolds_len10k (n=6683278),0.630267311547483,0.000221885413069977
Trex_cells_scaffolds_len10k (n=6683278),0.631252765773429,4.90549989654221e-05
Trex_cells_scaffolds_len10k (n=6683278),0.632238219999376,5.47192260066826e-05
Trex_cells_scaffolds_len10k (n=6683278),0.633223674225323,0.000166782455912505
Trex_cells_scaffolds_len10k (n=6683278),0.634209128451269,0.000651486731630121
Trex_cells_scaffolds_len10k (n=6683278),0.635194582677216,0.00667300044632074
Trex_cells_scaffolds_len10k (n=6683278),0.636180036903163,0.0216160001202713
Trex_cells_scaffolds_len10k (n=6683278),0.637165491129109,0.011752434055959
Trex_cells_scaffolds_len10k (n=6683278),0.638150945355056,0.00182472713642928
Trex_cells_scaffolds_len10k (n=6683278),0.639136399581003,0.000298982326185173
Trex_cells_scaffolds_len10k (n=6683278),0.640121853806949,0.000731776954422403
Trex_cells_scaffolds_len10k (n=6683278),0.641107308032896,0.000202981351044823
Trex_cells_scaffolds_len10k (n=6683278),0.642092762258842,0.00016874700274192
Trex_cells_scaffolds_len10k (n=6683278),0.643078216484789,0.000337010106685148
Trex_cells_scaffolds_len10k (n=6683278),0.644063670710736,0.000145966615624228
Trex_cells_scaffolds_len10k (n=6683278),0.645049124936682,0.000283692283646316
Trex_cells_scaffolds_len10k (n=6683278),0.646034579162629,0.000534203587960368
Trex_cells_scaffolds_len10k (n=6683278),0.647020033388576,0.00176564964183982
Trex_cells_scaffolds_len10k (n=6683278),0.648005487614522,0.000510541512000568
Trex_cells_scaffolds_len10k (n=6683278),0.648990941840469,3.26880796277172e-05
Trex_cells_scaffolds_len10k (n=6683278),0.649976396066416,2.87258155849568e-05
Trex_cells_scaffolds_len10k (n=6683278),0.650961850292362,0.00184921208380252
Trex_cells_scaffolds_len10k (n=6683278),0.651947304518309,0.00793492723076223
Trex_cells_scaffolds_len10k (n=6683278),0.652932758744256,0.00438653611814801
Trex_cells_scaffolds_len10k (n=6683278),0.653918212970202,0.00202673127869584
Trex_cells_scaffolds_len10k (n=6683278),0.654903667196149,0.000579802189204211
Trex_cells_scaffolds_len10k (n=6683278),0.655889121422096,0.000158064258611125
Trex_cells_scaffolds_len10k (n=6683278),0.656874575648042,5.74494489957074e-05
Trex_cells_scaffolds_len10k (n=6683278),0.657860029873989,1.19530748570021e-05
Trex_cells_scaffolds_len10k (n=6683278),0.658845484099935,9.82426175260715e-07
Trex_cells_scaffolds_len10k (n=6683278),0.659830938325882,1.38208561566478e-08
Trex_cells_scaffolds_len10k (n=6683278),0.660816392551829,1.33272793017518e-11
Trex_cells_scaffolds_len10k (n=6683278),0.661801846777775,1.07566600617259e-12
Trex_cells_scaffolds_len10k (n=6683278),0.662787301003722,1.91054983243356e-08
Trex_cells_scaffolds_len10k (n=6683278),0.663772755229669,2.07495964782189e-05
Trex_cells_scaffolds_len10k (n=6683278),0.664758209455615,0.00142317753630161
Trex_cells_scaffolds_len10k (n=6683278),0.665743663681562,0.00942025932959696
Trex_cells_scaffolds_len10k (n=6683278),0.666729117907509,0.0181505114762745
Trex_cells_scaffolds_len10k (n=6683278),0.667714572133455,0.00790485973035072
Trex_cells_scaffolds_len10k (n=6683278),0.668700026359402,0.00108572706424106
Trex_cells_scaffolds_len10k (n=6683278),0.669685480585349,1.61043993630065e-05
Trex_cells_scaffolds_len10k (n=6683278),0.670670934811295,1.58416192489791e-08
Trex_cells_scaffolds_len10k (n=6683278),0.671656389037242,6.63284530783479e-07
Trex_cells_scaffolds_len10k (n=6683278),0.672641843263189,4.45444468824373e-05
Trex_cells_scaffolds_len10k (n=6683278),0.673627297489135,0.000237839595072959
Trex_cells_scaffolds_len10k (n=6683278),0.674612751715082,0.000316409000892313
Trex_cells_scaffolds_len10k (n=6683278),0.675598205941028,0.000149811644564247
Trex_cells_scaffolds_len10k (n=6683278),0.676583660166975,0.000147795114405676
Trex_cells_scaffolds_len10k (n=6683278),0.677569114392922,0.000607479442423469
Trex_cells_scaffolds_len10k (n=6683278),0.678554568618868,0.00196995976318034
Trex_cells_scaffolds_len10k (n=6683278),0.679540022844815,0.00553041305804417
Trex_cells_scaffolds_len10k (n=6683278),0.680525477070762,0.0192441247370087
Trex_cells_scaffolds_len10k (n=6683278),0.681510931296708,0.0622628882373949
Trex_cells_scaffolds_len10k (n=6683278),0.682496385522655,0.0439439438994657
Trex_cells_scaffolds_len10k (n=6683278),0.683481839748602,0.0162081184433756
Trex_cells_scaffolds_len10k (n=6683278),0.684467293974548,0.0101452095314259
Trex_cells_scaffolds_len10k (n=6683278),0.685452748200495,0.00432868857081562
Trex_cells_scaffolds_len10k (n=6683278),0.686438202426442,0.00062704694015233
Trex_cells_scaffolds_len10k (n=6683278),0.687423656652388,6.13041987697508e-05
Trex_cells_scaffolds_len10k (n=6683278),0.688409110878335,0.000474580781089939
Trex_cells_scaffolds_len10k (n=6683278),0.689394565104282,0.00136434756939361
Trex_cells_scaffolds_len10k (n=6683278),0.690380019330228,0.0012713787360664
Trex_cells_scaffolds_len10k (n=6683278),0.691365473556175,0.0013965444556997
Trex_cells_scaffolds_len10k (n=6683278),0.692350927782121,0.0018582048253008
Trex_cells_scaffolds_len10k (n=6683278),0.693336382008068,0.00206018897356329
Trex_cells_scaffolds_len10k (n=6683278),0.694321836234015,0.00952406858107266
Trex_cells_scaffolds_len10k (n=6683278),0.695307290459961,0.0289086729572641
Trex_cells_scaffolds_len10k (n=6683278),0.696292744685908,0.025052233883028
Trex_cells_scaffolds_len10k (n=6683278),0.697278198911855,0.00511471913618009
Trex_cells_scaffolds_len10k (n=6683278),0.698263653137801,0.00100093593148243
Trex_cells_scaffolds_len10k (n=6683278),0.699249107363748,0.0043316612681173
Trex_cells_scaffolds_len10k (n=6683278),0.700234561589694,0.00554267923768424
Trex_cells_scaffolds_len10k (n=6683278),0.701220015815641,0.00229619369144123
Trex_cells_scaffolds_len10k (n=6683278),0.702205470041588,0.000772192660102508
Trex_cells_scaffolds_len10k (n=6683278),0.703190924267534,0.00155804087565598
Trex_cells_scaffolds_len10k (n=6683278),0.704176378493481,0.00347895287939422
Trex_cells_scaffolds_len10k (n=6683278),0.705161832719428,0.0104933301434061
Trex_cells_scaffolds_len10k (n=6683278),0.706147286945374,0.0146375441836978
Trex_cells_scaffolds_len10k (n=6683278),0.707132741171321,0.012259126020225
Trex_cells_scaffolds_len10k (n=6683278),0.708118195397268,0.0175258736298595
Trex_cells_scaffolds_len10k (n=6683278),0.709103649623214,0.0153474316038592
Trex_cells_scaffolds_len10k (n=6683278),0.710089103849161,0.00506097932036216
Trex_cells_scaffolds_len10k (n=6683278),0.711074558075108,0.000828735102672786
Trex_cells_scaffolds_len10k (n=6683278),0.712060012301054,0.000426388977335231
Trex_cells_scaffolds_len10k (n=6683278),0.713045466527001,0.00226771219046177
Trex_cells_scaffolds_len10k (n=6683278),0.714030920752948,0.00524131594950827
Trex_cells_scaffolds_len10k (n=6683278),0.715016374978894,0.00450248021430773
Trex_cells_scaffolds_len10k (n=6683278),0.716001829204841,0.000936169878168666
Trex_cells_scaffolds_len10k (n=6683278),0.716987283430787,0.000424120825613911
Trex_cells_scaffolds_len10k (n=6683278),0.717972737656734,0.0024600060603073
Trex_cells_scaffolds_len10k (n=6683278),0.718958191882681,0.00779531025503527
Trex_cells_scaffolds_len10k (n=6683278),0.719943646108627,0.0154409817730668
Trex_cells_scaffolds_len10k (n=6683278),0.720929100334574,0.0340045695401761
Trex_cells_scaffolds_len10k (n=6683278),0.721914554560521,0.0681716871513209
Trex_cells_scaffolds_len10k (n=6683278),0.722900008786467,0.0605993066125087
Trex_cells_scaffolds_len10k (n=6683278),0.723885463012414,0.0131803231950842
Trex_cells_scaffolds_len10k (n=6683278),0.724870917238361,0.00600320548843405
Trex_cells_scaffolds_len10k (n=6683278),0.725856371464307,0.0401046745585015
Trex_cells_scaffolds_len10k (n=6683278),0.726841825690254,0.120083777390571
Trex_cells_scaffolds_len10k (n=6683278),0.727827279916201,0.132638541347759
Trex_cells_scaffolds_len10k (n=6683278),0.728812734142147,0.0285110479909103
Trex_cells_scaffolds_len10k (n=6683278),0.729798188368094,0.00327789517922352
Trex_cells_scaffolds_len10k (n=6683278),0.730783642594041,0.00615956294150313
Trex_cells_scaffolds_len10k (n=6683278),0.731769096819987,0.00343669431244834
Trex_cells_scaffolds_len10k (n=6683278),0.732754551045934,0.00306243977524234
Trex_cells_scaffolds_len10k (n=6683278),0.73374000527188,0.00445243257657136
Trex_cells_scaffolds_len10k (n=6683278),0.734725459497827,0.00574608462141223
Trex_cells_scaffolds_len10k (n=6683278),0.735710913723774,0.0257044029638982
Trex_cells_scaffolds_len10k (n=6683278),0.73669636794972,0.0678984890148876
Trex_cells_scaffolds_len10k (n=6683278),0.737681822175667,0.0578947832522886
Trex_cells_scaffolds_len10k (n=6683278),0.738667276401614,0.0824965477144066
Trex_cells_scaffolds_len10k (n=6683278),0.73965273062756,0.0827013316561163
Trex_cells_scaffolds_len10k (n=6683278),0.740638184853507,0.0208462397351602
Trex_cells_scaffolds_len10k (n=6683278),0.741623639079454,0.00390141875871165
Trex_cells_scaffolds_len10k (n=6683278),0.7426090933054,0.00486513568203684
Trex_cells_scaffolds_len10k (n=6683278),0.743594547531347,0.00506437957009762
Trex_cells_scaffolds_len10k (n=6683278),0.744580001757293,0.00721370060275007
Trex_cells_scaffolds_len10k (n=6683278),0.74556545598324,0.0028524951894689
Trex_cells_scaffolds_len10k (n=6683278),0.746550910209187,0.000710927826812264
Trex_cells_scaffolds_len10k (n=6683278),0.747536364435133,0.000703163911082355
Trex_cells_scaffolds_len10k (n=6683278),0.74852181866108,0.0168272139590951
Trex_cells_scaffolds_len10k (n=6683278),0.749507272887027,0.0793568825659312
Trex_cells_scaffolds_len10k (n=6683278),0.750492727112973,0.0793568815724302
Trex_cells_scaffolds_len10k (n=6683278),0.75147818133892,0.0168261363740936
Trex_cells_scaffolds_len10k (n=6683278),0.752463635564867,0.000638468566876249
Trex_cells_scaffolds_len10k (n=6683278),0.753449089790813,0.000880613040922266
Trex_cells_scaffolds_len10k (n=6683278),0.75443454401676,0.00492091372908551
Trex_cells_scaffolds_len10k (n=6683278),0.755419998242707,0.00944253831824384
Trex_cells_scaffolds_len10k (n=6683278),0.756405452468653,0.00732625307096364
Trex_cells_scaffolds_len10k (n=6683278),0.7573909066946,0.00535734858494233
Trex_cells_scaffolds_len10k (n=6683278),0.758376360920547,0.00796775544392571
Trex_cells_scaffolds_len10k (n=6683278),0.759361815146493,0.0245675530602758
Trex_cells_scaffolds_len10k (n=6683278),0.76034726937244,0.0334299830219184
Trex_cells_scaffolds_len10k (n=6683278),0.761332723598386,0.0273655315316431
Trex_cells_scaffolds_len10k (n=6683278),0.762318177824333,0.0217055512511294
Trex_cells_scaffolds_len10k (n=6683278),0.76330363205028,0.0367736916692552
Trex_cells_scaffolds_len10k (n=6683278),0.764289086276226,0.121954778746465
Trex_cells_scaffolds_len10k (n=6683278),0.765274540502173,0.0903691546865268
Trex_cells_scaffolds_len10k (n=6683278),0.76625999472812,0.0283442335028086
Trex_cells_scaffolds_len10k (n=6683278),0.767245448954066,0.00781619352827179
Trex_cells_scaffolds_len10k (n=6683278),0.768230903180013,0.01464269198579
Trex_cells_scaffolds_len10k (n=6683278),0.76921635740596,0.033368979323231
Trex_cells_scaffolds_len10k (n=6683278),0.770201811631906,0.0180350468865372
Trex_cells_scaffolds_len10k (n=6683278),0.771187265857853,0.0100509057083912
Trex_cells_scaffolds_len10k (n=6683278),0.7721727200838,0.0142474538904823
Trex_cells_scaffolds_len10k (n=6683278),0.773158174309746,0.0159494618579249
Trex_cells_scaffolds_len10k (n=6683278),0.774143628535693,0.0127315773488177
Trex_cells_scaffolds_len10k (n=6683278),0.77512908276164,0.0138654341503985
Trex_cells_scaffolds_len10k (n=6683278),0.776114536987586,0.0449271361791244
Trex_cells_scaffolds_len10k (n=6683278),0.777099991213533,0.1869566500066
Trex_cells_scaffolds_len10k (n=6683278),0.778085445439479,0.204567917036673
Trex_cells_scaffolds_len10k (n=6683278),0.779070899665426,0.0864146105893563
Trex_cells_scaffolds_len10k (n=6683278),0.780056353891373,0.0253703446148209
Trex_cells_scaffolds_len10k (n=6683278),0.781041808117319,0.0168288118333269
Trex_cells_scaffolds_len10k (n=6683278),0.782027262343266,0.0166910728706669
Trex_cells_scaffolds_len10k (n=6683278),0.783012716569213,0.0131985302326361
Trex_cells_scaffolds_len10k (n=6683278),0.783998170795159,0.0160248896454703
Trex_cells_scaffolds_len10k (n=6683278),0.784983625021106,0.0286607916102952
Trex_cells_scaffolds_len10k (n=6683278),0.785969079247053,0.0286450149974537
Trex_cells_scaffolds_len10k (n=6683278),0.786954533472999,0.0175837960231531
Trex_cells_scaffolds_len10k (n=6683278),0.787939987698946,0.0449515545723134
Trex_cells_scaffolds_len10k (n=6683278),0.788925441924893,0.164099120116429
Trex_cells_scaffolds_len10k (n=6683278),0.789910896150839,0.152947990652775
Trex_cells_scaffolds_len10k (n=6683278),0.790896350376786,0.06245696965345
Trex_cells_scaffolds_len10k (n=6683278),0.791881804602733,0.0286371101680268
Trex_cells_scaffolds_len10k (n=6683278),0.792867258828679,0.0307436213181329
Trex_cells_scaffolds_len10k (n=6683278),0.793852713054626,0.0259220341224926
Trex_cells_scaffolds_len10k (n=6683278),0.794838167280572,0.0225970951327285
Trex_cells_scaffolds_len10k (n=6683278),0.795823621506519,0.0247759260065612
Trex_cells_scaffolds_len10k (n=6683278),0.796809075732466,0.0194768145064746
Trex_cells_scaffolds_len10k (n=6683278),0.797794529958412,0.0155952282631736
Trex_cells_scaffolds_len10k (n=6683278),0.798779984184359,0.0573113394459062
Trex_cells_scaffolds_len10k (n=6683278),0.799765438410306,0.138488290625602
Trex_cells_scaffolds_len10k (n=6683278),0.800750892636252,0.108295104191116
Trex_cells_scaffolds_len10k (n=6683278),0.801736346862199,0.0252878681394956
Trex_cells_scaffolds_len10k (n=6683278),0.802721801088146,0.0177815082297544
Trex_cells_scaffolds_len10k (n=6683278),0.803707255314092,0.0289788817589691
Trex_cells_scaffolds_len10k (n=6683278),0.804692709540039,0.0289221569907612
Trex_cells_scaffolds_len10k (n=6683278),0.805678163765986,0.0324259523380729
Trex_cells_scaffolds_len10k (n=6683278),0.806663617991932,0.0367610294952808
Trex_cells_scaffolds_len10k (n=6683278),0.807649072217879,0.0406749039268066
Trex_cells_scaffolds_len10k (n=6683278),0.808634526443825,0.0734930080055027
Trex_cells_scaffolds_len10k (n=6683278),0.809619980669772,0.0924846285091798
Trex_cells_scaffolds_len10k (n=6683278),0.810605434895719,0.0595085021715141
Trex_cells_scaffolds_len10k (n=6683278),0.811590889121666,0.0429756051227989
Trex_cells_scaffolds_len10k (n=6683278),0.812576343347612,0.0552100301689746
Trex_cells_scaffolds_len10k (n=6683278),0.813561797573559,0.0556478961114981
Trex_cells_scaffolds_len10k (n=6683278),0.814547251799505,0.0461157440440157
Trex_cells_scaffolds_len10k (n=6683278),0.815532706025452,0.0369409931861462
Trex_cells_scaffolds_len10k (n=6683278),0.816518160251399,0.0436050233335483
Trex_cells_scaffolds_len10k (n=6683278),0.817503614477345,0.0761395992573325
Trex_cells_scaffolds_len10k (n=6683278),0.818489068703292,0.0991910725513685
Trex_cells_scaffolds_len10k (n=6683278),0.819474522929239,0.052853913754288
Trex_cells_scaffolds_len10k (n=6683278),0.820459977155185,0.0446393530606809
Trex_cells_scaffolds_len10k (n=6683278),0.821445431381132,0.0482513578436086
Trex_cells_scaffolds_len10k (n=6683278),0.822430885607079,0.0675197923779817
Trex_cells_scaffolds_len10k (n=6683278),0.823416339833025,0.0664535761990362
Trex_cells_scaffolds_len10k (n=6683278),0.824401794058972,0.0527693048722224
Trex_cells_scaffolds_len10k (n=6683278),0.825387248284919,0.0625377294559062
Trex_cells_scaffolds_len10k (n=6683278),0.826372702510865,0.0854236434846605
Trex_cells_scaffolds_len10k (n=6683278),0.827358156736812,0.0637829232102271
Trex_cells_scaffolds_len10k (n=6683278),0.828343610962758,0.0656762563592288
Trex_cells_scaffolds_len10k (n=6683278),0.829329065188705,0.0754350819184447
Trex_cells_scaffolds_len10k (n=6683278),0.830314519414652,0.0770226723285614
Trex_cells_scaffolds_len10k (n=6683278),0.831299973640598,0.0475757373526419
Trex_cells_scaffolds_len10k (n=6683278),0.832285427866545,0.0669559649234305
Trex_cells_scaffolds_len10k (n=6683278),0.833270882092492,0.134996584061361
Trex_cells_scaffolds_len10k (n=6683278),0.834256336318438,0.0777434454141991
Trex_cells_scaffolds_len10k (n=6683278),0.835241790544385,0.0473133042325778
Trex_cells_scaffolds_len10k (n=6683278),0.836227244770332,0.0776505839230655
Trex_cells_scaffolds_len10k (n=6683278),0.837212698996278,0.0865988585289476
Trex_cells_scaffolds_len10k (n=6683278),0.838198153222225,0.0810473257518429
Trex_cells_scaffolds_len10k (n=6683278),0.839183607448172,0.0804490563667631
Trex_cells_scaffolds_len10k (n=6683278),0.840169061674118,0.0974557819174148
Trex_cells_scaffolds_len10k (n=6683278),0.841154515900065,0.0701544380122468
Trex_cells_scaffolds_len10k (n=6683278),0.842139970126011,0.110635133621588
Trex_cells_scaffolds_len10k (n=6683278),0.843125424351958,0.110386093829766
Trex_cells_scaffolds_len10k (n=6683278),0.844110878577905,0.091451990582369
Trex_cells_scaffolds_len10k (n=6683278),0.845096332803851,0.105431062468988
Trex_cells_scaffolds_len10k (n=6683278),0.846081787029798,0.157431826067074
Trex_cells_scaffolds_len10k (n=6683278),0.847067241255745,0.108775980612967
Trex_cells_scaffolds_len10k (n=6683278),0.848052695481691,0.0938477982498905
Trex_cells_scaffolds_len10k (n=6683278),0.849038149707638,0.121146906915602
Trex_cells_scaffolds_len10k (n=6683278),0.850023603933585,0.141979825458593
Trex_cells_scaffolds_len10k (n=6683278),0.851009058159531,0.107580157600496
Trex_cells_scaffolds_len10k (n=6683278),0.851994512385478,0.135927272113376
Trex_cells_scaffolds_len10k (n=6683278),0.852979966611425,0.130947179203075
Trex_cells_scaffolds_len10k (n=6683278),0.853965420837371,0.125091463449248
Trex_cells_scaffolds_len10k (n=6683278),0.854950875063318,0.126944987574412
Trex_cells_scaffolds_len10k (n=6683278),0.855936329289265,0.090632120623025
Trex_cells_scaffolds_len10k (n=6683278),0.856921783515211,0.204642197314656
Trex_cells_scaffolds_len10k (n=6683278),0.857907237741158,0.121225800671436
Trex_cells_scaffolds_len10k (n=6683278),0.858892691967104,0.118887371897148
Trex_cells_scaffolds_len10k (n=6683278),0.859878146193051,0.146283743367563
Trex_cells_scaffolds_len10k (n=6683278),0.860863600418998,0.146704794901775
Trex_cells_scaffolds_len10k (n=6683278),0.861849054644944,0.154386844124593
Trex_cells_scaffolds_len10k (n=6683278),0.862834508870891,0.144633500096781
Trex_cells_scaffolds_len10k (n=6683278),0.863819963096838,0.163237724130618
Trex_cells_scaffolds_len10k (n=6683278),0.864805417322784,0.148434805061703
Trex_cells_scaffolds_len10k (n=6683278),0.865790871548731,0.154500400540758
Trex_cells_scaffolds_len10k (n=6683278),0.866776325774677,0.196155518201718
Trex_cells_scaffolds_len10k (n=6683278),0.867761780000624,0.150549740631401
Trex_cells_scaffolds_len10k (n=6683278),0.868747234226571,0.175444107053338
Trex_cells_scaffolds_len10k (n=6683278),0.869732688452517,0.180575087541142
Trex_cells_scaffolds_len10k (n=6683278),0.870718142678464,0.186126231888696
Trex_cells_scaffolds_len10k (n=6683278),0.871703596904411,0.195694593251883
Trex_cells_scaffolds_len10k (n=6683278),0.872689051130357,0.19476624308221
Trex_cells_scaffolds_len10k (n=6683278),0.873674505356304,0.163723407755903
Trex_cells_scaffolds_len10k (n=6683278),0.874659959582251,0.257623105551908
Trex_cells_scaffolds_len10k (n=6683278),0.875645413808197,0.190904238060744
Trex_cells_scaffolds_len10k (n=6683278),0.876630868034144,0.192187257666626
Trex_cells_scaffolds_len10k (n=6683278),0.877616322260091,0.211411668939047
Trex_cells_scaffolds_len10k (n=6683278),0.878601776486037,0.222348573255835
Trex_cells_scaffolds_len10k (n=6683278),0.879587230711984,0.228586642814845
Trex_cells_scaffolds_len10k (n=6683278),0.880572684937931,0.216659615301952
Trex_cells_scaffolds_len10k (n=6683278),0.881558139163877,0.239256050083908
Trex_cells_scaffolds_len10k (n=6683278),0.882543593389824,0.260791239069976
Trex_cells_scaffolds_len10k (n=6683278),0.88352904761577,0.238733594783369
Trex_cells_scaffolds_len10k (n=6683278),0.884514501841717,0.241472211334082
Trex_cells_scaffolds_len10k (n=6683278),0.885499956067664,0.25136942656755
Trex_cells_scaffolds_len10k (n=6683278),0.88648541029361,0.258987365578046
Trex_cells_scaffolds_len10k (n=6683278),0.887470864519557,0.236998981959504
Trex_cells_scaffolds_len10k (n=6683278),0.888456318745504,0.326496208041583
Trex_cells_scaffolds_len10k (n=6683278),0.88944177297145,0.281824952021509
Trex_cells_scaffolds_len10k (n=6683278),0.890427227197397,0.265830617154756
Trex_cells_scaffolds_len10k (n=6683278),0.891412681423344,0.291731759164428
Trex_cells_scaffolds_len10k (n=6683278),0.89239813564929,0.291799858678136
Trex_cells_scaffolds_len10k (n=6683278),0.893383589875237,0.277336408354846
Trex_cells_scaffolds_len10k (n=6683278),0.894369044101184,0.367424313717132
Trex_cells_scaffolds_len10k (n=6683278),0.89535449832713,0.345733235690531
Trex_cells_scaffolds_len10k (n=6683278),0.896339952553077,0.313713422734377
Trex_cells_scaffolds_len10k (n=6683278),0.897325406779024,0.327811797411774
Trex_cells_scaffolds_len10k (n=6683278),0.89831086100497,0.323234216746857
Trex_cells_scaffolds_len10k (n=6683278),0.899296315230917,0.365955855195354
Trex_cells_scaffolds_len10k (n=6683278),0.900281769456863,0.364311240979356
Trex_cells_scaffolds_len10k (n=6683278),0.90126722368281,0.360618245112186
Trex_cells_scaffolds_len10k (n=6683278),0.902252677908757,0.372062326841379
Trex_cells_scaffolds_len10k (n=6683278),0.903238132134703,0.364134417405974
Trex_cells_scaffolds_len10k (n=6683278),0.90422358636065,0.418378911769111
Trex_cells_scaffolds_len10k (n=6683278),0.905209040586597,0.42327378714808
Trex_cells_scaffolds_len10k (n=6683278),0.906194494812543,0.391967481667773
Trex_cells_scaffolds_len10k (n=6683278),0.90717994903849,0.412152155646049
Trex_cells_scaffolds_len10k (n=6683278),0.908165403264437,0.436442221758137
Trex_cells_scaffolds_len10k (n=6683278),0.909150857490383,0.443743371805485
Trex_cells_scaffolds_len10k (n=6683278),0.91013631171633,0.447796826341714
Trex_cells_scaffolds_len10k (n=6683278),0.911121765942277,0.462086213967003
Trex_cells_scaffolds_len10k (n=6683278),0.912107220168223,0.481978438684586
Trex_cells_scaffolds_len10k (n=6683278),0.91309267439417,0.500579116385127
Trex_cells_scaffolds_len10k (n=6683278),0.914078128620116,0.500449842724714
Trex_cells_scaffolds_len10k (n=6683278),0.915063582846063,0.492073751868055
Trex_cells_scaffolds_len10k (n=6683278),0.91604903707201,0.557626959224413
Trex_cells_scaffolds_len10k (n=6683278),0.917034491297956,0.598625532732634
Trex_cells_scaffolds_len10k (n=6683278),0.918019945523903,0.532984785387313
Trex_cells_scaffolds_len10k (n=6683278),0.91900539974985,0.582805889861863
Trex_cells_scaffolds_len10k (n=6683278),0.919990853975796,0.613368598495796
Trex_cells_scaffolds_len10k (n=6683278),0.920976308201743,0.633523215781167
Trex_cells_scaffolds_len10k (n=6683278),0.92196176242769,0.656542458113275
Trex_cells_scaffolds_len10k (n=6683278),0.922947216653636,0.645542839121647
Trex_cells_scaffolds_len10k (n=6683278),0.923932670879583,0.667680243488779
Trex_cells_scaffolds_len10k (n=6683278),0.92491812510553,0.71163761353125
Trex_cells_scaffolds_len10k (n=6683278),0.925903579331476,0.718369421533778
Trex_cells_scaffolds_len10k (n=6683278),0.926889033557423,0.714331358669746
Trex_cells_scaffolds_len10k (n=6683278),0.92787448778337,0.791402643448876
Trex_cells_scaffolds_len10k (n=6683278),0.928859942009316,0.888174030768103
Trex_cells_scaffolds_len10k (n=6683278),0.929845396235263,0.812552029151444
Trex_cells_scaffolds_len10k (n=6683278),0.930830850461209,0.861075941733535
Trex_cells_scaffolds_len10k (n=6683278),0.931816304687156,0.882506793092565
Trex_cells_scaffolds_len10k (n=6683278),0.932801758913103,0.918466648301876
Trex_cells_scaffolds_len10k (n=6683278),0.933787213139049,0.977477228647131
Trex_cells_scaffolds_len10k (n=6683278),0.934772667364996,0.981161609373547
Trex_cells_scaffolds_len10k (n=6683278),0.935758121590943,1.06449896348962
Trex_cells_scaffolds_len10k (n=6683278),0.936743575816889,1.06892585119302
Trex_cells_scaffolds_len10k (n=6683278),0.937729030042836,1.20338829299608
Trex_cells_scaffolds_len10k (n=6683278),0.938714484268783,1.14602468358145
Trex_cells_scaffolds_len10k (n=6683278),0.939699938494729,1.24725041408937
Trex_cells_scaffolds_len10k (n=6683278),0.940685392720676,1.24534456604289
Trex_cells_scaffolds_len10k (n=6683278),0.941670846946623,1.32566335867421
Trex_cells_scaffolds_len10k (n=6683278),0.942656301172569,1.38045525649639
Trex_cells_scaffolds_len10k (n=6683278),0.943641755398516,1.44516345678282
Trex_cells_scaffolds_len10k (n=6683278),0.944627209624463,1.61553372127632
Trex_cells_scaffolds_len10k (n=6683278),0.945612663850409,1.53216411424003
Trex_cells_scaffolds_len10k (n=6683278),0.946598118076356,1.63856661853131
Trex_cells_scaffolds_len10k (n=6683278),0.947583572302302,1.84235970525211
Trex_cells_scaffolds_len10k (n=6683278),0.948569026528249,1.81309616325672
Trex_cells_scaffolds_len10k (n=6683278),0.949554480754196,1.83500873429904
Trex_cells_scaffolds_len10k (n=6683278),0.950539934980142,1.93317774869621
Trex_cells_scaffolds_len10k (n=6683278),0.951525389206089,2.08609197498189
Trex_cells_scaffolds_len10k (n=6683278),0.952510843432036,2.2792952963356
Trex_cells_scaffolds_len10k (n=6683278),0.953496297657982,2.3906631470724
Trex_cells_scaffolds_len10k (n=6683278),0.954481751883929,2.5047749523284
Trex_cells_scaffolds_len10k (n=6683278),0.955467206109876,2.69002127604599
Trex_cells_scaffolds_len10k (n=6683278),0.956452660335822,2.9212065078113
Trex_cells_scaffolds_len10k (n=6683278),0.957438114561769,3.21729571539789
Trex_cells_scaffolds_len10k (n=6683278),0.958423568787716,3.44998967023129
Trex_cells_scaffolds_len10k (n=6683278),0.959409023013662,3.61104369299334
Trex_cells_scaffolds_len10k (n=6683278),0.960394477239609,3.83482805322506
Trex_cells_scaffolds_len10k (n=6683278),0.961379931465556,4.18132144815658
Trex_cells_scaffolds_len10k (n=6683278),0.962365385691502,4.52190454875873
Trex_cells_scaffolds_len10k (n=6683278),0.963350839917449,4.73428850739084
Trex_cells_scaffolds_len10k (n=6683278),0.964336294143395,5.18981344278919
Trex_cells_scaffolds_len10k (n=6683278),0.965321748369342,5.45162235966717
Trex_cells_scaffolds_len10k (n=6683278),0.966307202595289,5.75194026369967
Trex_cells_scaffolds_len10k (n=6683278),0.967292656821235,6.16508531524378
Trex_cells_scaffolds_len10k (n=6683278),0.968278111047182,6.55969560587762
Trex_cells_scaffolds_len10k (n=6683278),0.969263565273129,6.87708190772987
Trex_cells_scaffolds_len10k (n=6683278),0.970249019499075,7.15872201029663
Trex_cells_scaffolds_len10k (n=6683278),0.971234473725022,7.49241335483873
Trex_cells_scaffolds_len10k (n=6683278),0.972219927950969,7.73512293406276
Trex_cells_scaffolds_len10k (n=6683278),0.973205382176915,8.06315355126026
Trex_cells_scaffolds_len10k (n=6683278),0.974190836402862,8.24874415490587
Trex_cells_scaffolds_len10k (n=6683278),0.975176290628809,8.5006810601029
Trex_cells_scaffolds_len10k (n=6683278),0.976161744854755,8.63660324906814
Trex_cells_scaffolds_len10k (n=6683278),0.977147199080702,8.85881941812006
Trex_cells_scaffolds_len10k (n=6683278),0.978132653306649,8.99526544120727
Trex_cells_scaffolds_len10k (n=6683278),0.979118107532595,9.00345868312986
Trex_cells_scaffolds_len10k (n=6683278),0.980103561758542,9.03434736275088
Trex_cells_scaffolds_len10k (n=6683278),0.981089015984488,9.05587196249207
Trex_cells_scaffolds_len10k (n=6683278),0.982074470210435,9.00279105161428
Trex_cells_scaffolds_len10k (n=6683278),0.983059924436382,8.90940296585198
Trex_cells_scaffolds_len10k (n=6683278),0.984045378662328,8.74049173279329
Trex_cells_scaffolds_len10k (n=6683278),0.985030832888275,8.39037195600558
Trex_cells_scaffolds_len10k (n=6683278),0.986016287114222,7.81929342876186
Trex_cells_scaffolds_len10k (n=6683278),0.987001741340168,7.26030276842521
Trex_cells_scaffolds_len10k (n=6683278),0.987987195566115,6.71266274521827
Trex_cells_scaffolds_len10k (n=6683278),0.988972649792061,6.06938867518818
Trex_cells_scaffolds_len10k (n=6683278),0.989958104018008,5.30164375110192
Trex_cells_scaffolds_len10k (n=6683278),0.990943558243955,4.53391218791142
Trex_cells_scaffolds_len10k (n=6683278),0.991929012469901,3.52931188171721
Trex_cells_scaffolds_len10k (n=6683278),0.992914466695848,1.76393217184785
Trex_cells_scaffolds_len10k (n=6683278),0.993899920921795,0.454663133094052
Trex_cells_scaffolds_len10k (n=6683278),0.994885375147741,0.0477531658614244
Trex_cells_scaffolds_len10k (n=6683278),0.995870829373688,0.000865963612320805
Trex_cells_scaffolds_len10k (n=6683278),0.996856283599635,0.205631969505461
Trex_cells_scaffolds_len10k (n=6683278),0.997841737825581,14.4578923955545
Trex_cells_scaffolds_len10k (n=6683278),0.998827192051528,120.747859854795
Trex_cells_scaffolds_len10k (n=6683278),0.999812646277475,314.370327421416
Trex_cells_scaffolds_len10k (n=6683278),1.00079810050342,208.326989255187
Trex_cells_scaffolds_len10k (n=6683278),1.00178355472937,37.0958836666061
Trex_vessels_scaffolds_len10k (n=1606856),0.497944388459292,0.000319921287922478
Trex_vessels_scaffolds_len10k (n=1606856),0.498930907486849,0.00199946573437826
Trex_vessels_scaffolds_len10k (n=1606856),0.499917426514405,0.00415874812357436
Trex_vessels_scaffolds_len10k (n=1606856),0.500903945541962,0.00245461011005456
Trex_vessels_scaffolds_len10k (n=1606856),0.501890464569518,0.00049896924091578
Trex_vessels_scaffolds_len10k (n=1606856),0.502876983597075,1.96778120486747e-05
Trex_vessels_scaffolds_len10k (n=1606856),0.503863502624632,1.01020406699529e-07
Trex_vessels_scaffolds_len10k (n=1606856),0.504850021652188,6.29024736335749e-11
Trex_vessels_scaffolds_len10k (n=1606856),0.505836540679745,4.79859955019233e-15
Trex_vessels_scaffolds_len10k (n=1606856),0.506823059707302,0
Trex_vessels_scaffolds_len10k (n=1606856),0.507809578734858,7.47019723913083e-16
Trex_vessels_scaffolds_len10k (n=1606856),0.508796097762415,4.31254118239157e-16
Trex_vessels_scaffolds_len10k (n=1606856),0.509782616789971,8.85236432215448e-16
Trex_vessels_scaffolds_len10k (n=1606856),0.510769135817528,5.59551731375889e-16
Trex_vessels_scaffolds_len10k (n=1606856),0.511755654845084,0
Trex_vessels_scaffolds_len10k (n=1606856),0.512742173872641,0
Trex_vessels_scaffolds_len10k (n=1606856),0.513728692900198,0
Trex_vessels_scaffolds_len10k (n=1606856),0.514715211927754,7.8481197600272e-16
Trex_vessels_scaffolds_len10k (n=1606856),0.515701730955311,1.1799101542844e-15
Trex_vessels_scaffolds_len10k (n=1606856),0.516688249982867,1.01147761447157e-11
Trex_vessels_scaffolds_len10k (n=1606856),0.517674769010424,1.64637278270846e-08
Trex_vessels_scaffolds_len10k (n=1606856),0.518661288037981,3.2522751400106e-06
Trex_vessels_scaffolds_len10k (n=1606856),0.519647807065537,8.33766720653717e-05
Trex_vessels_scaffolds_len10k (n=1606856),0.520634326093094,0.000406344577042926
Trex_vessels_scaffolds_len10k (n=1606856),0.52162084512065,0.000730465742387994
Trex_vessels_scaffolds_len10k (n=1606856),0.522607364148207,0.000534229675222213
Trex_vessels_scaffolds_len10k (n=1606856),0.523593883175763,0.000129695474085549
Trex_vessels_scaffolds_len10k (n=1606856),0.52458040220332,5.22635121019892e-06
Trex_vessels_scaffolds_len10k (n=1606856),0.525566921230877,7.48222536913026e-07
Trex_vessels_scaffolds_len10k (n=1606856),0.526553440258433,0.00014153647446056
Trex_vessels_scaffolds_len10k (n=1606856),0.52753995928599,0.00352667126143123
Trex_vessels_scaffolds_len10k (n=1606856),0.528526478313546,0.0152073749856751
Trex_vessels_scaffolds_len10k (n=1606856),0.529512997341103,0.0222592180370055
Trex_vessels_scaffolds_len10k (n=1606856),0.53049951636866,0.0119739458265615
Trex_vessels_scaffolds_len10k (n=1606856),0.531486035396216,0.00231840890633284
Trex_vessels_scaffolds_len10k (n=1606856),0.532472554423773,8.89196164582589e-05
Trex_vessels_scaffolds_len10k (n=1606856),0.533459073451329,4.47777454271975e-07
Trex_vessels_scaffolds_len10k (n=1606856),0.534445592478886,2.74118134331076e-10
Trex_vessels_scaffolds_len10k (n=1606856),0.535432111506442,2.06066990211887e-14
Trex_vessels_scaffolds_len10k (n=1606856),0.536418630533999,3.35299189081014e-16
Trex_vessels_scaffolds_len10k (n=1606856),0.537405149561556,6.53366676019643e-16
Trex_vessels_scaffolds_len10k (n=1606856),0.538391668589112,1.91742114079752e-15
Trex_vessels_scaffolds_len10k (n=1606856),0.539378187616669,1.34805872030383e-14
Trex_vessels_scaffolds_len10k (n=1606856),0.540364706644225,1.63062367940854e-10
Trex_vessels_scaffolds_len10k (n=1606856),0.541351225671782,2.60716092389259e-07
Trex_vessels_scaffolds_len10k (n=1606856),0.542337744699339,5.07195838132722e-05
Trex_vessels_scaffolds_len10k (n=1606856),0.543324263726895,0.00131895994286312
Trex_vessels_scaffolds_len10k (n=1606856),0.544310782754452,0.00738606777474026
Trex_vessels_scaffolds_len10k (n=1606856),0.545297301782008,0.0152207659847315
Trex_vessels_scaffolds_len10k (n=1606856),0.546283820809565,0.0106918748849338
Trex_vessels_scaffolds_len10k (n=1606856),0.547270339837121,0.00245536673545587
Trex_vessels_scaffolds_len10k (n=1606856),0.548256858864678,9.7282926548269e-05
Trex_vessels_scaffolds_len10k (n=1606856),0.549243377892235,4.90425308720744e-07
Trex_vessels_scaffolds_len10k (n=1606856),0.550229896919791,4.72042944980606e-10
Trex_vessels_scaffolds_len10k (n=1606856),0.551216415947348,2.70012701131009e-07
Trex_vessels_scaffolds_len10k (n=1606856),0.552202934974904,5.18348518199888e-05
Trex_vessels_scaffolds_len10k (n=1606856),0.553189454002461,0.00144684964557935
Trex_vessels_scaffolds_len10k (n=1606856),0.554175973030018,0.0110558568944634
Trex_vessels_scaffolds_len10k (n=1606856),0.555162492057574,0.0305663885875204
Trex_vessels_scaffolds_len10k (n=1606856),0.556149011085131,0.0289370081415593
Trex_vessels_scaffolds_len10k (n=1606856),0.557135530112687,0.00774678862728582
Trex_vessels_scaffolds_len10k (n=1606856),0.558122049140244,0.000314890649226786
Trex_vessels_scaffolds_len10k (n=1606856),0.559108568167801,1.59040487995518e-06
Trex_vessels_scaffolds_len10k (n=1606856),0.560095087195357,9.77647232480619e-10
Trex_vessels_scaffolds_len10k (n=1606856),0.561081606222914,1.134513306927e-08
Trex_vessels_scaffolds_len10k (n=1606856),0.56206812525047,2.01955799931355e-06
Trex_vessels_scaffolds_len10k (n=1606856),0.563054644278027,7.08267360496537e-05
Trex_vessels_scaffolds_len10k (n=1606856),0.564041163305583,0.000959295291430123
Trex_vessels_scaffolds_len10k (n=1606856),0.56502768233314,0.00279866297498493
Trex_vessels_scaffolds_len10k (n=1606856),0.566014201360697,0.00156408792424956
Trex_vessels_scaffolds_len10k (n=1606856),0.567000720388253,0.00027761491583244
Trex_vessels_scaffolds_len10k (n=1606856),0.56798723941581,1.39734318705243e-05
Trex_vessels_scaffolds_len10k (n=1606856),0.568973758443366,3.0776207444568e-07
Trex_vessels_scaffolds_len10k (n=1606856),0.569960277470923,1.83838065000244e-09
Trex_vessels_scaffolds_len10k (n=1606856),0.57094679649848,1.40673998116795e-12
Trex_vessels_scaffolds_len10k (n=1606856),0.571933315526036,0
Trex_vessels_scaffolds_len10k (n=1606856),0.572919834553593,4.61828682044675e-15
Trex_vessels_scaffolds_len10k (n=1606856),0.573906353581149,1.9340270981095e-11
Trex_vessels_scaffolds_len10k (n=1606856),0.574892872608706,3.23513868998927e-08
Trex_vessels_scaffolds_len10k (n=1606856),0.575879391636263,7.45209051394179e-06
Trex_vessels_scaffolds_len10k (n=1606856),0.576865910663819,0.000388895536966886
Trex_vessels_scaffolds_len10k (n=1606856),0.577852429691376,0.00616908531844348
Trex_vessels_scaffolds_len10k (n=1606856),0.578838948718932,0.0172975069999098
Trex_vessels_scaffolds_len10k (n=1606856),0.579825467746489,0.00828980800361009
Trex_vessels_scaffolds_len10k (n=1606856),0.580811986774045,0.00125702945598685
Trex_vessels_scaffolds_len10k (n=1606856),0.581798505801602,0.000521176211224494
Trex_vessels_scaffolds_len10k (n=1606856),0.582785024829159,0.00167930780707608
Trex_vessels_scaffolds_len10k (n=1606856),0.583771543856715,0.00157654048059462
Trex_vessels_scaffolds_len10k (n=1606856),0.584758062884272,0.000578431211258853
Trex_vessels_scaffolds_len10k (n=1606856),0.585744581911828,8.43000673466866e-05
Trex_vessels_scaffolds_len10k (n=1606856),0.586731100939385,3.09653633037112e-06
Trex_vessels_scaffolds_len10k (n=1606856),0.587717619966942,2.42282322453142e-06
Trex_vessels_scaffolds_len10k (n=1606856),0.588704138994498,0.000115259497909028
Trex_vessels_scaffolds_len10k (n=1606856),0.589690658022055,0.00172802546939291
Trex_vessels_scaffolds_len10k (n=1606856),0.590677177049611,0.00507947747803399
Trex_vessels_scaffolds_len10k (n=1606856),0.591663696077168,0.00332120506857873
Trex_vessels_scaffolds_len10k (n=1606856),0.592650215104724,0.000911592975511205
Trex_vessels_scaffolds_len10k (n=1606856),0.593636734132281,0.000168351109256472
Trex_vessels_scaffolds_len10k (n=1606856),0.594623253159838,2.83592718898916e-05
Trex_vessels_scaffolds_len10k (n=1606856),0.595609772187394,1.10614554211458e-06
Trex_vessels_scaffolds_len10k (n=1606856),0.596596291214951,3.45062727500667e-07
Trex_vessels_scaffolds_len10k (n=1606856),0.597582810242507,6.67831258471859e-05
Trex_vessels_scaffolds_len10k (n=1606856),0.598569329270064,0.00161202900820366
Trex_vessels_scaffolds_len10k (n=1606856),0.599555848297621,0.00547067960131963
Trex_vessels_scaffolds_len10k (n=1606856),0.600542367325177,0.00458993209532888
Trex_vessels_scaffolds_len10k (n=1606856),0.601528886352734,0.00137044253880738
Trex_vessels_scaffolds_len10k (n=1606856),0.60251540538029,0.000134175537858695
Trex_vessels_scaffolds_len10k (n=1606856),0.603501924407847,4.03231133244895e-06
Trex_vessels_scaffolds_len10k (n=1606856),0.604488443435403,4.07575026486167e-08
Trex_vessels_scaffolds_len10k (n=1606856),0.60547496246296,4.20920572548167e-06
Trex_vessels_scaffolds_len10k (n=1606856),0.606461481490517,0.00011655362967543
Trex_vessels_scaffolds_len10k (n=1606856),0.607448000518073,0.000755675394064755
Trex_vessels_scaffolds_len10k (n=1606856),0.60843451954563,0.00175209288747942
Trex_vessels_scaffolds_len10k (n=1606856),0.609421038573187,0.00141557699832903
Trex_vessels_scaffolds_len10k (n=1606856),0.610407557600743,0.000357412753351495
Trex_vessels_scaffolds_len10k (n=1606856),0.6113940766283,1.45547377854435e-05
Trex_vessels_scaffolds_len10k (n=1606856),0.612380595655856,5.23671496013385e-06
Trex_vessels_scaffolds_len10k (n=1606856),0.613367114683413,0.000130416339251707
Trex_vessels_scaffolds_len10k (n=1606856),0.614353633710969,0.000594837210500484
Trex_vessels_scaffolds_len10k (n=1606856),0.615340152738526,0.000975236163856691
Trex_vessels_scaffolds_len10k (n=1606856),0.616326671766083,0.000666512526682943
Trex_vessels_scaffolds_len10k (n=1606856),0.617313190793639,0.000347050897953661
Trex_vessels_scaffolds_len10k (n=1606856),0.618299709821196,0.000794213288514566
Trex_vessels_scaffolds_len10k (n=1606856),0.619286228848752,0.00102042019923478
Trex_vessels_scaffolds_len10k (n=1606856),0.620272747876309,0.000443187590562272
Trex_vessels_scaffolds_len10k (n=1606856),0.621259266903866,6.78264957188523e-05
Trex_vessels_scaffolds_len10k (n=1606856),0.622245785931422,6.21091479415416e-05
Trex_vessels_scaffolds_len10k (n=1606856),0.623232304958979,0.00148381362853611
Trex_vessels_scaffolds_len10k (n=1606856),0.624218823986535,0.00640037161336637
Trex_vessels_scaffolds_len10k (n=1606856),0.625205343014092,0.00906935753044458
Trex_vessels_scaffolds_len10k (n=1606856),0.626191862041648,0.00387098969498605
Trex_vessels_scaffolds_len10k (n=1606856),0.627178381069205,0.000546166608748562
Trex_vessels_scaffolds_len10k (n=1606856),0.628164900096762,1.90745041939941e-05
Trex_vessels_scaffolds_len10k (n=1606856),0.629151419124318,9.46978764383618e-08
Trex_vessels_scaffolds_len10k (n=1606856),0.630137938151875,5.78519991737457e-11
Trex_vessels_scaffolds_len10k (n=1606856),0.631124457179431,4.35202266611947e-10
Trex_vessels_scaffolds_len10k (n=1606856),0.632110976206988,6.9695117031346e-07
Trex_vessels_scaffolds_len10k (n=1606856),0.633097495234545,0.000136043183799233
Trex_vessels_scaffolds_len10k (n=1606856),0.634084014262101,0.00359163319080405
Trex_vessels_scaffolds_len10k (n=1606856),0.635070533289658,0.0212546462383386
Trex_vessels_scaffolds_len10k (n=1606856),0.636057052317214,0.0490103169403833
Trex_vessels_scaffolds_len10k (n=1606856),0.637043571344771,0.0438995901340865
Trex_vessels_scaffolds_len10k (n=1606856),0.638030090372327,0.0117014979417457
Trex_vessels_scaffolds_len10k (n=1606856),0.639016609399884,0.00105915562428609
Trex_vessels_scaffolds_len10k (n=1606856),0.640003128427441,0.00115525020870771
Trex_vessels_scaffolds_len10k (n=1606856),0.640989647454997,0.000685531052632817
Trex_vessels_scaffolds_len10k (n=1606856),0.641976166482554,0.000732095578099345
Trex_vessels_scaffolds_len10k (n=1606856),0.64296268551011,0.00125690233139124
Trex_vessels_scaffolds_len10k (n=1606856),0.643949204537667,0.000654534577169329
Trex_vessels_scaffolds_len10k (n=1606856),0.644935723565224,0.00479604113860223
Trex_vessels_scaffolds_len10k (n=1606856),0.64592224259278,0.0341378297478215
Trex_vessels_scaffolds_len10k (n=1606856),0.646908761620337,0.0806863471869555
Trex_vessels_scaffolds_len10k (n=1606856),0.647895280647893,0.0492372760615672
Trex_vessels_scaffolds_len10k (n=1606856),0.64888179967545,0.0098263253550417
Trex_vessels_scaffolds_len10k (n=1606856),0.649868318703006,0.00104076616030225
Trex_vessels_scaffolds_len10k (n=1606856),0.650854837730563,0.00619541620762907
Trex_vessels_scaffolds_len10k (n=1606856),0.65184135675812,0.0177221395257832
Trex_vessels_scaffolds_len10k (n=1606856),0.652827875785676,0.0148087368609986
Trex_vessels_scaffolds_len10k (n=1606856),0.653814394813233,0.00519263987251682
Trex_vessels_scaffolds_len10k (n=1606856),0.654800913840789,0.00109992715119213
Trex_vessels_scaffolds_len10k (n=1606856),0.655787432868346,0.000291697152923916
Trex_vessels_scaffolds_len10k (n=1606856),0.656773951895903,5.60040064556318e-05
Trex_vessels_scaffolds_len10k (n=1606856),0.657760470923459,2.16473704284667e-06
Trex_vessels_scaffolds_len10k (n=1606856),0.658746989951016,2.16085533495353e-08
Trex_vessels_scaffolds_len10k (n=1606856),0.659733508978572,1.76479348592368e-10
Trex_vessels_scaffolds_len10k (n=1606856),0.660720028006129,2.04736471211783e-13
Trex_vessels_scaffolds_len10k (n=1606856),0.661706547033686,4.03884500714474e-10
Trex_vessels_scaffolds_len10k (n=1606856),0.662693066061242,6.67556638708349e-07
Trex_vessels_scaffolds_len10k (n=1606856),0.663679585088799,0.000140161640853809
Trex_vessels_scaffolds_len10k (n=1606856),0.664666104116355,0.00500723583753561
Trex_vessels_scaffolds_len10k (n=1606856),0.665652623143912,0.0543786114199033
Trex_vessels_scaffolds_len10k (n=1606856),0.666639142171468,0.136987184747507
Trex_vessels_scaffolds_len10k (n=1606856),0.667625661199025,0.0589440135085438
Trex_vessels_scaffolds_len10k (n=1606856),0.668612180226582,0.00735537557280498
Trex_vessels_scaffolds_len10k (n=1606856),0.669598699254138,0.000261404639295507
Trex_vessels_scaffolds_len10k (n=1606856),0.670585218281695,1.38098323932769e-06
Trex_vessels_scaffolds_len10k (n=1606856),0.671571737309251,8.96339983529972e-10
Trex_vessels_scaffolds_len10k (n=1606856),0.672558256336808,3.82650904659592e-12
Trex_vessels_scaffolds_len10k (n=1606856),0.673544775364365,6.16582636895343e-09
Trex_vessels_scaffolds_len10k (n=1606856),0.674531294391921,1.22864139062103e-06
Trex_vessels_scaffolds_len10k (n=1606856),0.675517813419478,3.2020406927175e-05
Trex_vessels_scaffolds_len10k (n=1606856),0.676504332447034,0.000162248525209612
Trex_vessels_scaffolds_len10k (n=1606856),0.677490851474591,0.000369228750957072
Trex_vessels_scaffolds_len10k (n=1606856),0.678477370502147,0.00245819496506896
Trex_vessels_scaffolds_len10k (n=1606856),0.679463889529704,0.0103837964726441
Trex_vessels_scaffolds_len10k (n=1606856),0.680450408557261,0.0633145143886691
Trex_vessels_scaffolds_len10k (n=1606856),0.681436927584817,0.185700845460891
Trex_vessels_scaffolds_len10k (n=1606856),0.682423446612374,0.140775821485872
Trex_vessels_scaffolds_len10k (n=1606856),0.68340996563993,0.0634410150521045
Trex_vessels_scaffolds_len10k (n=1606856),0.684396484667487,0.0370460101829018
Trex_vessels_scaffolds_len10k (n=1606856),0.685383003695044,0.0212608858942654
Trex_vessels_scaffolds_len10k (n=1606856),0.6863695227226,0.0357645859188452
Trex_vessels_scaffolds_len10k (n=1606856),0.687356041750157,0.0723037443643343
Trex_vessels_scaffolds_len10k (n=1606856),0.688342560777713,0.0467787219584595
Trex_vessels_scaffolds_len10k (n=1606856),0.68932907980527,0.0107548929619444
Trex_vessels_scaffolds_len10k (n=1606856),0.690315598832826,0.00148209986926667
Trex_vessels_scaffolds_len10k (n=1606856),0.691302117860383,0.0032651968329065
Trex_vessels_scaffolds_len10k (n=1606856),0.69228863688794,0.00532349734347248
Trex_vessels_scaffolds_len10k (n=1606856),0.693275155915496,0.00431723760286214
Trex_vessels_scaffolds_len10k (n=1606856),0.694261674943053,0.0248340566870142
Trex_vessels_scaffolds_len10k (n=1606856),0.69524819397061,0.0821276704801117
Trex_vessels_scaffolds_len10k (n=1606856),0.696234712998166,0.0688890029509307
Trex_vessels_scaffolds_len10k (n=1606856),0.697221232025723,0.0175461813377439
Trex_vessels_scaffolds_len10k (n=1606856),0.698207751053279,0.00270285072902126
Trex_vessels_scaffolds_len10k (n=1606856),0.699194270080836,0.00779144134520035
Trex_vessels_scaffolds_len10k (n=1606856),0.700180789108392,0.0099250862162071
Trex_vessels_scaffolds_len10k (n=1606856),0.701167308135949,0.0053062750454293
Trex_vessels_scaffolds_len10k (n=1606856),0.702153827163506,0.00195210645625159
Trex_vessels_scaffolds_len10k (n=1606856),0.703140346191062,0.00585136590786398
Trex_vessels_scaffolds_len10k (n=1606856),0.704126865218619,0.0790639432594434
Trex_vessels_scaffolds_len10k (n=1606856),0.705113384246175,0.304711883349765
Trex_vessels_scaffolds_len10k (n=1606856),0.706099903273732,0.387038877451673
Trex_vessels_scaffolds_len10k (n=1606856),0.707086422301289,0.203135970578143
Trex_vessels_scaffolds_len10k (n=1606856),0.708072941328845,0.0787658313560899
Trex_vessels_scaffolds_len10k (n=1606856),0.709059460356402,0.0425359414515914
Trex_vessels_scaffolds_len10k (n=1606856),0.710045979383958,0.0125415730223618
Trex_vessels_scaffolds_len10k (n=1606856),0.711032498411515,0.00153602632977088
Trex_vessels_scaffolds_len10k (n=1606856),0.712019017439071,0.000710226453657407
Trex_vessels_scaffolds_len10k (n=1606856),0.713005536466628,0.00238040941240395
Trex_vessels_scaffolds_len10k (n=1606856),0.713992055494185,0.00516067754255825
Trex_vessels_scaffolds_len10k (n=1606856),0.714978574521741,0.00467113612978897
Trex_vessels_scaffolds_len10k (n=1606856),0.715965093549298,0.00133768621096028
Trex_vessels_scaffolds_len10k (n=1606856),0.716951612576854,0.000570176383450463
Trex_vessels_scaffolds_len10k (n=1606856),0.717938131604411,0.00346047655664851
Trex_vessels_scaffolds_len10k (n=1606856),0.718924650631967,0.014086741644718
Trex_vessels_scaffolds_len10k (n=1606856),0.719911169659524,0.0545721223849737
Trex_vessels_scaffolds_len10k (n=1606856),0.720897688687081,0.207578974051845
Trex_vessels_scaffolds_len10k (n=1606856),0.721884207714637,0.451349147130304
Trex_vessels_scaffolds_len10k (n=1606856),0.722870726742194,0.428714102931193
Trex_vessels_scaffolds_len10k (n=1606856),0.72385724576975,0.118968695857565
Trex_vessels_scaffolds_len10k (n=1606856),0.724843764797307,0.0238314727168598
Trex_vessels_scaffolds_len10k (n=1606856),0.725830283824864,0.118861498770751
Trex_vessels_scaffolds_len10k (n=1606856),0.72681680285242,0.321919540004282
Trex_vessels_scaffolds_len10k (n=1606856),0.727803321879977,0.358954215698831
Trex_vessels_scaffolds_len10k (n=1606856),0.728789840907533,0.105351605748967
Trex_vessels_scaffolds_len10k (n=1606856),0.72977635993509,0.0125696071198575
Trex_vessels_scaffolds_len10k (n=1606856),0.730762878962647,0.0162005166661112
Trex_vessels_scaffolds_len10k (n=1606856),0.731749397990203,0.0158103012501759
Trex_vessels_scaffolds_len10k (n=1606856),0.73273591701776,0.0282472529442445
Trex_vessels_scaffolds_len10k (n=1606856),0.733722436045316,0.0373850731586522
Trex_vessels_scaffolds_len10k (n=1606856),0.734708955072873,0.025331014044881
Trex_vessels_scaffolds_len10k (n=1606856),0.735695474100429,0.0923288237038192
Trex_vessels_scaffolds_len10k (n=1606856),0.736681993127986,0.217530347933254
Trex_vessels_scaffolds_len10k (n=1606856),0.737668512155543,0.191075197784333
Trex_vessels_scaffolds_len10k (n=1606856),0.738655031183099,0.195817059703798
Trex_vessels_scaffolds_len10k (n=1606856),0.739641550210656,0.185823853857219
Trex_vessels_scaffolds_len10k (n=1606856),0.740628069238212,0.0590087861517113
Trex_vessels_scaffolds_len10k (n=1606856),0.741614588265769,0.00769984930780209
Trex_vessels_scaffolds_len10k (n=1606856),0.742601107293326,0.00377686175318203
Trex_vessels_scaffolds_len10k (n=1606856),0.743587626320882,0.00431127473854389
Trex_vessels_scaffolds_len10k (n=1606856),0.744574145348439,0.00546131239775708
Trex_vessels_scaffolds_len10k (n=1606856),0.745560664375995,0.00252422116401154
Trex_vessels_scaffolds_len10k (n=1606856),0.746547183403552,0.000697743147592938
Trex_vessels_scaffolds_len10k (n=1606856),0.747533702431108,0.0115366715752461
Trex_vessels_scaffolds_len10k (n=1606856),0.748520221458665,0.182152803497403
Trex_vessels_scaffolds_len10k (n=1606856),0.749506740486222,0.65048402696818
Trex_vessels_scaffolds_len10k (n=1606856),0.750493259513778,0.650484027002958
Trex_vessels_scaffolds_len10k (n=1606856),0.751479778541335,0.182152860977489
Trex_vessels_scaffolds_len10k (n=1606856),0.752466297568891,0.0115480497466047
Trex_vessels_scaffolds_len10k (n=1606856),0.753452816596448,0.000975655670034219
Trex_vessels_scaffolds_len10k (n=1606856),0.754439335624005,0.00351918647429534
Trex_vessels_scaffolds_len10k (n=1606856),0.755425854651561,0.00658870957990515
Trex_vessels_scaffolds_len10k (n=1606856),0.756412373679118,0.00511194920928883
Trex_vessels_scaffolds_len10k (n=1606856),0.757398892706674,0.00405157910413872
Trex_vessels_scaffolds_len10k (n=1606856),0.758385411734231,0.0160387444239359
Trex_vessels_scaffolds_len10k (n=1606856),0.759371930761787,0.0514185574240577
Trex_vessels_scaffolds_len10k (n=1606856),0.760358449789344,0.0670784772003437
Trex_vessels_scaffolds_len10k (n=1606856),0.761344968816901,0.0591181190261374
Trex_vessels_scaffolds_len10k (n=1606856),0.762331487844457,0.0555093147103425
Trex_vessels_scaffolds_len10k (n=1606856),0.763318006872014,0.34587670339929
Trex_vessels_scaffolds_len10k (n=1606856),0.76430452589957,1.0878546535217
Trex_vessels_scaffolds_len10k (n=1606856),0.765291044927127,0.819220564577128
Trex_vessels_scaffolds_len10k (n=1606856),0.766277563954684,0.251371809253619
Trex_vessels_scaffolds_len10k (n=1606856),0.76726408298224,0.0391783974198821
Trex_vessels_scaffolds_len10k (n=1606856),0.768250602009797,0.0304650502149899
Trex_vessels_scaffolds_len10k (n=1606856),0.769237121037353,0.0548728420224858
Trex_vessels_scaffolds_len10k (n=1606856),0.77022364006491,0.0312771384622791
Trex_vessels_scaffolds_len10k (n=1606856),0.771210159092466,0.0178801550348019
Trex_vessels_scaffolds_len10k (n=1606856),0.772196678120023,0.0325606517045436
Trex_vessels_scaffolds_len10k (n=1606856),0.77318319714758,0.0311469165545935
Trex_vessels_scaffolds_len10k (n=1606856),0.774169716175136,0.0169571606993809
Trex_vessels_scaffolds_len10k (n=1606856),0.775156235202693,0.0184593893815453
Trex_vessels_scaffolds_len10k (n=1606856),0.77614275423025,0.235984929686223
Trex_vessels_scaffolds_len10k (n=1606856),0.777129273257806,0.846822831242014
Trex_vessels_scaffolds_len10k (n=1606856),0.778115792285363,0.884796977435465
Trex_vessels_scaffolds_len10k (n=1606856),0.779102311312919,0.384674162319728
Trex_vessels_scaffolds_len10k (n=1606856),0.780088830340476,0.0741626922014112
Trex_vessels_scaffolds_len10k (n=1606856),0.781075349368032,0.0159911547817773
Trex_vessels_scaffolds_len10k (n=1606856),0.782061868395589,0.0193868920221915
Trex_vessels_scaffolds_len10k (n=1606856),0.783048387423146,0.0175409483597187
Trex_vessels_scaffolds_len10k (n=1606856),0.784034906450702,0.0206472831911652
Trex_vessels_scaffolds_len10k (n=1606856),0.785021425478259,0.0416632239773094
Trex_vessels_scaffolds_len10k (n=1606856),0.786007944505815,0.0426616013925548
Trex_vessels_scaffolds_len10k (n=1606856),0.786994463533372,0.0274621750389932
Trex_vessels_scaffolds_len10k (n=1606856),0.787980982560929,0.14598436403063
Trex_vessels_scaffolds_len10k (n=1606856),0.788967501588485,0.489330831760253
Trex_vessels_scaffolds_len10k (n=1606856),0.789954020616042,0.464181306431447
Trex_vessels_scaffolds_len10k (n=1606856),0.790940539643598,0.162266110248033
Trex_vessels_scaffolds_len10k (n=1606856),0.791927058671155,0.0443806524866926
Trex_vessels_scaffolds_len10k (n=1606856),0.792913577698711,0.0426114109909856
Trex_vessels_scaffolds_len10k (n=1606856),0.793900096726268,0.0361285853153561
Trex_vessels_scaffolds_len10k (n=1606856),0.794886615753825,0.0246736734317798
Trex_vessels_scaffolds_len10k (n=1606856),0.795873134781381,0.0217421677062181
Trex_vessels_scaffolds_len10k (n=1606856),0.796859653808938,0.0161972955364495
Trex_vessels_scaffolds_len10k (n=1606856),0.797846172836494,0.0336123256926885
Trex_vessels_scaffolds_len10k (n=1606856),0.798832691864051,0.143602746504446
Trex_vessels_scaffolds_len10k (n=1606856),0.799819210891608,0.275704971719072
Trex_vessels_scaffolds_len10k (n=1606856),0.800805729919164,0.217436746992482
Trex_vessels_scaffolds_len10k (n=1606856),0.801792248946721,0.0576870253008411
Trex_vessels_scaffolds_len10k (n=1606856),0.802778767974277,0.0132194659512417
Trex_vessels_scaffolds_len10k (n=1606856),0.803765287001834,0.0219304691517312
Trex_vessels_scaffolds_len10k (n=1606856),0.804751806029391,0.0277545176568362
Trex_vessels_scaffolds_len10k (n=1606856),0.805738325056947,0.0351493690485656
Trex_vessels_scaffolds_len10k (n=1606856),0.806724844084504,0.0415245795378079
Trex_vessels_scaffolds_len10k (n=1606856),0.80771136311206,0.0537669375680681
Trex_vessels_scaffolds_len10k (n=1606856),0.808697882139617,0.131295912281458
Trex_vessels_scaffolds_len10k (n=1606856),0.809684401167173,0.179170385457153
Trex_vessels_scaffolds_len10k (n=1606856),0.81067092019473,0.0976086609118851
Trex_vessels_scaffolds_len10k (n=1606856),0.811657439222287,0.0627183403724113
Trex_vessels_scaffolds_len10k (n=1606856),0.812643958249843,0.0826548931031172
Trex_vessels_scaffolds_len10k (n=1606856),0.8136304772774,0.0720028902091745
Trex_vessels_scaffolds_len10k (n=1606856),0.814616996304956,0.0515059435842888
Trex_vessels_scaffolds_len10k (n=1606856),0.815603515332513,0.0344922181936733
Trex_vessels_scaffolds_len10k (n=1606856),0.81659003436007,0.0524264101633516
Trex_vessels_scaffolds_len10k (n=1606856),0.817576553387626,0.113133921034286
Trex_vessels_scaffolds_len10k (n=1606856),0.818563072415183,0.148904821382178
Trex_vessels_scaffolds_len10k (n=1606856),0.819549591442739,0.0651397926237414
Trex_vessels_scaffolds_len10k (n=1606856),0.820536110470296,0.0375715593591336
Trex_vessels_scaffolds_len10k (n=1606856),0.821522629497853,0.0602248619643929
Trex_vessels_scaffolds_len10k (n=1606856),0.822509148525409,0.102582114105651
Trex_vessels_scaffolds_len10k (n=1606856),0.823495667552966,0.0990601291740466
Trex_vessels_scaffolds_len10k (n=1606856),0.824482186580522,0.0663553818650677
Trex_vessels_scaffolds_len10k (n=1606856),0.825468705608079,0.0819597794102288
Trex_vessels_scaffolds_len10k (n=1606856),0.826455224635635,0.110194290587253
Trex_vessels_scaffolds_len10k (n=1606856),0.827441743663192,0.0754261547664151
Trex_vessels_scaffolds_len10k (n=1606856),0.828428262690748,0.0798257789284502
Trex_vessels_scaffolds_len10k (n=1606856),0.829414781718305,0.093422464450554
Trex_vessels_scaffolds_len10k (n=1606856),0.830401300745862,0.084388181898953
Trex_vessels_scaffolds_len10k (n=1606856),0.831387819773418,0.0502737421497244
Trex_vessels_scaffolds_len10k (n=1606856),0.832374338800975,0.0972843313883156
Trex_vessels_scaffolds_len10k (n=1606856),0.833360857828532,0.209145588305319
Trex_vessels_scaffolds_len10k (n=1606856),0.834347376856088,0.0919488342299623
Trex_vessels_scaffolds_len10k (n=1606856),0.835333895883645,0.0507429920665863
Trex_vessels_scaffolds_len10k (n=1606856),0.836320414911201,0.093145420246469
Trex_vessels_scaffolds_len10k (n=1606856),0.837306933938758,0.0991573607073411
Trex_vessels_scaffolds_len10k (n=1606856),0.838293452966314,0.0850518778089221
Trex_vessels_scaffolds_len10k (n=1606856),0.839279971993871,0.101477676010597
Trex_vessels_scaffolds_len10k (n=1606856),0.840266491021428,0.119538299173852
Trex_vessels_scaffolds_len10k (n=1606856),0.841253010048984,0.0966686282186703
Trex_vessels_scaffolds_len10k (n=1606856),0.842239529076541,0.143679251421546
Trex_vessels_scaffolds_len10k (n=1606856),0.843226048104097,0.154025240135895
Trex_vessels_scaffolds_len10k (n=1606856),0.844212567131654,0.109538935371813
Trex_vessels_scaffolds_len10k (n=1606856),0.845199086159211,0.125973025552274
Trex_vessels_scaffolds_len10k (n=1606856),0.846185605186767,0.199860438378071
Trex_vessels_scaffolds_len10k (n=1606856),0.847172124214324,0.118979568575971
Trex_vessels_scaffolds_len10k (n=1606856),0.84815864324188,0.0988105172452521
Trex_vessels_scaffolds_len10k (n=1606856),0.849145162269437,0.133940614772744
Trex_vessels_scaffolds_len10k (n=1606856),0.850131681296993,0.145708206432894
Trex_vessels_scaffolds_len10k (n=1606856),0.85111820032455,0.135956035796177
Trex_vessels_scaffolds_len10k (n=1606856),0.852104719352107,0.144899785346093
Trex_vessels_scaffolds_len10k (n=1606856),0.853091238379663,0.149175708298369
Trex_vessels_scaffolds_len10k (n=1606856),0.85407775740722,0.154532639234308
Trex_vessels_scaffolds_len10k (n=1606856),0.855064276434776,0.134076856016211
Trex_vessels_scaffolds_len10k (n=1606856),0.856050795462333,0.122715602909387
Trex_vessels_scaffolds_len10k (n=1606856),0.85703731448989,0.199363772799801
Trex_vessels_scaffolds_len10k (n=1606856),0.858023833517446,0.132862622540726
Trex_vessels_scaffolds_len10k (n=1606856),0.859010352545003,0.130950450229785
Trex_vessels_scaffolds_len10k (n=1606856),0.859996871572559,0.149403982184359
Trex_vessels_scaffolds_len10k (n=1606856),0.860983390600116,0.151506258507648
Trex_vessels_scaffolds_len10k (n=1606856),0.861969909627673,0.158362244888507
Trex_vessels_scaffolds_len10k (n=1606856),0.862956428655229,0.154815240596584
Trex_vessels_scaffolds_len10k (n=1606856),0.863942947682786,0.155126682691482
Trex_vessels_scaffolds_len10k (n=1606856),0.864929466710342,0.153168697593103
Trex_vessels_scaffolds_len10k (n=1606856),0.865915985737899,0.190944612543171
Trex_vessels_scaffolds_len10k (n=1606856),0.866902504765455,0.20775813626585
Trex_vessels_scaffolds_len10k (n=1606856),0.867889023793012,0.182934137443489
Trex_vessels_scaffolds_len10k (n=1606856),0.868875542820569,0.17632441281343
Trex_vessels_scaffolds_len10k (n=1606856),0.869862061848125,0.168015839605112
Trex_vessels_scaffolds_len10k (n=1606856),0.870848580875682,0.166758726974583
Trex_vessels_scaffolds_len10k (n=1606856),0.871835099903238,0.180297259941875
Trex_vessels_scaffolds_len10k (n=1606856),0.872821618930795,0.189145002411479
Trex_vessels_scaffolds_len10k (n=1606856),0.873808137958352,0.227425702701084
Trex_vessels_scaffolds_len10k (n=1606856),0.874794656985908,0.339974504681434
Trex_vessels_scaffolds_len10k (n=1606856),0.875781176013465,0.285215370185128
Trex_vessels_scaffolds_len10k (n=1606856),0.876767695041021,0.20635797661814
Trex_vessels_scaffolds_len10k (n=1606856),0.877754214068578,0.197387266479866
Trex_vessels_scaffolds_len10k (n=1606856),0.878740733096134,0.195328402572913
Trex_vessels_scaffolds_len10k (n=1606856),0.879727252123691,0.208328548223443
Trex_vessels_scaffolds_len10k (n=1606856),0.880713771151248,0.240053708772239
Trex_vessels_scaffolds_len10k (n=1606856),0.881700290178804,0.34045109137808
Trex_vessels_scaffolds_len10k (n=1606856),0.882686809206361,0.346582927473554
Trex_vessels_scaffolds_len10k (n=1606856),0.883673328233917,0.256698970356866
Trex_vessels_scaffolds_len10k (n=1606856),0.884659847261474,0.215387650965728
Trex_vessels_scaffolds_len10k (n=1606856),0.88564636628903,0.214481274133723
Trex_vessels_scaffolds_len10k (n=1606856),0.886632885316587,0.223547324810826
Trex_vessels_scaffolds_len10k (n=1606856),0.887619404344144,0.253175827183812
Trex_vessels_scaffolds_len10k (n=1606856),0.8886059233717,0.328363390193496
Trex_vessels_scaffolds_len10k (n=1606856),0.889592442399257,0.324127356293506
Trex_vessels_scaffolds_len10k (n=1606856),0.890578961426813,0.252888296936726
Trex_vessels_scaffolds_len10k (n=1606856),0.89156548045437,0.245586775225959
Trex_vessels_scaffolds_len10k (n=1606856),0.892551999481927,0.253510910292553
Trex_vessels_scaffolds_len10k (n=1606856),0.893538518509483,0.275587298504605
Trex_vessels_scaffolds_len10k (n=1606856),0.89452503753704,0.312071811188593
Trex_vessels_scaffolds_len10k (n=1606856),0.895511556564596,0.311718026117103
Trex_vessels_scaffolds_len10k (n=1606856),0.896498075592153,0.276442840399017
Trex_vessels_scaffolds_len10k (n=1606856),0.89748459461971,0.264140129691205
Trex_vessels_scaffolds_len10k (n=1606856),0.898471113647266,0.256919572504201
Trex_vessels_scaffolds_len10k (n=1606856),0.899457632674823,0.290131733409866
Trex_vessels_scaffolds_len10k (n=1606856),0.900444151702379,0.329971744154097
Trex_vessels_scaffolds_len10k (n=1606856),0.901430670729936,0.2978919565651
Trex_vessels_scaffolds_len10k (n=1606856),0.902417189757492,0.312618866139298
Trex_vessels_scaffolds_len10k (n=1606856),0.903403708785049,0.322958578238915
Trex_vessels_scaffolds_len10k (n=1606856),0.904390227812606,0.338967327961552
Trex_vessels_scaffolds_len10k (n=1606856),0.905376746840162,0.350033194864859
Trex_vessels_scaffolds_len10k (n=1606856),0.906363265867719,0.325851644095385
Trex_vessels_scaffolds_len10k (n=1606856),0.907349784895275,0.315624512899316
Trex_vessels_scaffolds_len10k (n=1606856),0.908336303922832,0.345602550122974
Trex_vessels_scaffolds_len10k (n=1606856),0.909322822950389,0.400985956321873
Trex_vessels_scaffolds_len10k (n=1606856),0.910309341977945,0.357276172611156
Trex_vessels_scaffolds_len10k (n=1606856),0.911295861005502,0.363978547901466
Trex_vessels_scaffolds_len10k (n=1606856),0.912282380033058,0.378862978891272
Trex_vessels_scaffolds_len10k (n=1606856),0.913268899060615,0.425773821322627
Trex_vessels_scaffolds_len10k (n=1606856),0.914255418088171,0.399005698513123
Trex_vessels_scaffolds_len10k (n=1606856),0.915241937115728,0.417738471592368
Trex_vessels_scaffolds_len10k (n=1606856),0.916228456143285,0.426938630745823
Trex_vessels_scaffolds_len10k (n=1606856),0.917214975170841,0.450162743189836
Trex_vessels_scaffolds_len10k (n=1606856),0.918201494198398,0.454593261415584
Trex_vessels_scaffolds_len10k (n=1606856),0.919188013225954,0.474809691305705
Trex_vessels_scaffolds_len10k (n=1606856),0.920174532253511,0.534061159741984
Trex_vessels_scaffolds_len10k (n=1606856),0.921161051281068,0.492971850524729
Trex_vessels_scaffolds_len10k (n=1606856),0.922147570308624,0.49754632191483
Trex_vessels_scaffolds_len10k (n=1606856),0.923134089336181,0.56050503363743
Trex_vessels_scaffolds_len10k (n=1606856),0.924120608363737,0.514431737929478
Trex_vessels_scaffolds_len10k (n=1606856),0.925107127391294,0.551535124715564
Trex_vessels_scaffolds_len10k (n=1606856),0.926093646418851,0.613339630510336
Trex_vessels_scaffolds_len10k (n=1606856),0.927080165446407,0.602870075609572
Trex_vessels_scaffolds_len10k (n=1606856),0.928066684473964,0.630146391375675
Trex_vessels_scaffolds_len10k (n=1606856),0.92905320350152,0.667704981322822
Trex_vessels_scaffolds_len10k (n=1606856),0.930039722529077,0.70043205660012
Trex_vessels_scaffolds_len10k (n=1606856),0.931026241556633,0.756982728039422
Trex_vessels_scaffolds_len10k (n=1606856),0.93201276058419,0.723819105521302
Trex_vessels_scaffolds_len10k (n=1606856),0.932999279611747,0.754090495978208
Trex_vessels_scaffolds_len10k (n=1606856),0.933985798639303,0.782814198752428
Trex_vessels_scaffolds_len10k (n=1606856),0.93497231766686,0.817632119598627
Trex_vessels_scaffolds_len10k (n=1606856),0.935958836694416,0.834924796807871
Trex_vessels_scaffolds_len10k (n=1606856),0.936945355721973,0.850435263413123
Trex_vessels_scaffolds_len10k (n=1606856),0.93793187474953,0.875694696136354
Trex_vessels_scaffolds_len10k (n=1606856),0.938918393777086,0.911315827505367
Trex_vessels_scaffolds_len10k (n=1606856),0.939904912804643,0.948880740428538
Trex_vessels_scaffolds_len10k (n=1606856),0.940891431832199,1.00578645379978
Trex_vessels_scaffolds_len10k (n=1606856),0.941877950859756,1.0420427850371
Trex_vessels_scaffolds_len10k (n=1606856),0.942864469887312,1.11405966874197
Trex_vessels_scaffolds_len10k (n=1606856),0.943850988914869,1.13136514095421
Trex_vessels_scaffolds_len10k (n=1606856),0.944837507942426,1.18458299766711
Trex_vessels_scaffolds_len10k (n=1606856),0.945824026969982,1.32317502642941
Trex_vessels_scaffolds_len10k (n=1606856),0.946810545997539,1.33523207860683
Trex_vessels_scaffolds_len10k (n=1606856),0.947797065025095,1.39326913017447
Trex_vessels_scaffolds_len10k (n=1606856),0.948783584052652,1.4877115599324
Trex_vessels_scaffolds_len10k (n=1606856),0.949770103080209,1.62475082970296
Trex_vessels_scaffolds_len10k (n=1606856),0.950756622107765,1.67673404370462
Trex_vessels_scaffolds_len10k (n=1606856),0.951743141135322,1.74759689683461
Trex_vessels_scaffolds_len10k (n=1606856),0.952729660162878,1.85862428182257
Trex_vessels_scaffolds_len10k (n=1606856),0.953716179190435,1.98354184675588
Trex_vessels_scaffolds_len10k (n=1606856),0.954702698217991,2.10869530235217
Trex_vessels_scaffolds_len10k (n=1606856),0.955689217245548,2.25864837577804
Trex_vessels_scaffolds_len10k (n=1606856),0.956675736273105,2.43271412503412
Trex_vessels_scaffolds_len10k (n=1606856),0.957662255300661,2.6081594226138
Trex_vessels_scaffolds_len10k (n=1606856),0.958648774328218,2.78124376922233
Trex_vessels_scaffolds_len10k (n=1606856),0.959635293355774,2.97260448335249
Trex_vessels_scaffolds_len10k (n=1606856),0.960621812383331,3.13717789050988
Trex_vessels_scaffolds_len10k (n=1606856),0.961608331410888,3.32929639388279
Trex_vessels_scaffolds_len10k (n=1606856),0.962594850438444,3.63881900081626
Trex_vessels_scaffolds_len10k (n=1606856),0.963581369466001,3.88466786794625
Trex_vessels_scaffolds_len10k (n=1606856),0.964567888493557,4.19774352383086
Trex_vessels_scaffolds_len10k (n=1606856),0.965554407521114,4.47188718168167
Trex_vessels_scaffolds_len10k (n=1606856),0.966540926548671,4.7711497106825
Trex_vessels_scaffolds_len10k (n=1606856),0.967527445576227,5.14282034282859
Trex_vessels_scaffolds_len10k (n=1606856),0.968513964603784,5.48023751330527
Trex_vessels_scaffolds_len10k (n=1606856),0.96950048363134,5.75963868472069
Trex_vessels_scaffolds_len10k (n=1606856),0.970487002658897,6.05738229680772
Trex_vessels_scaffolds_len10k (n=1606856),0.971473521686453,6.39263920440536
Trex_vessels_scaffolds_len10k (n=1606856),0.97246004071401,6.66781872547695
Trex_vessels_scaffolds_len10k (n=1606856),0.973446559741567,6.90727083131611
Trex_vessels_scaffolds_len10k (n=1606856),0.974433078769123,7.22773714126004
Trex_vessels_scaffolds_len10k (n=1606856),0.97541959779668,7.61405248320375
Trex_vessels_scaffolds_len10k (n=1606856),0.976406116824236,7.91323051416286
Trex_vessels_scaffolds_len10k (n=1606856),0.977392635851793,8.12405871164267
Trex_vessels_scaffolds_len10k (n=1606856),0.978379154879349,8.30378230038873
Trex_vessels_scaffolds_len10k (n=1606856),0.979365673906906,8.45092908021359
Trex_vessels_scaffolds_len10k (n=1606856),0.980352192934463,8.61894653600854
Trex_vessels_scaffolds_len10k (n=1606856),0.981338711962019,8.79925377519365
Trex_vessels_scaffolds_len10k (n=1606856),0.982325230989576,8.89764350024421
Trex_vessels_scaffolds_len10k (n=1606856),0.983311750017132,8.96267664263271
Trex_vessels_scaffolds_len10k (n=1606856),0.984298269044689,8.99101046616972
Trex_vessels_scaffolds_len10k (n=1606856),0.985284788072246,8.78384628405863
Trex_vessels_scaffolds_len10k (n=1606856),0.986271307099802,8.40011344235105
Trex_vessels_scaffolds_len10k (n=1606856),0.987257826127359,8.08223377234948
Trex_vessels_scaffolds_len10k (n=1606856),0.988244345154915,7.81726546758894
Trex_vessels_scaffolds_len10k (n=1606856),0.989230864182472,7.37635533446468
Trex_vessels_scaffolds_len10k (n=1606856),0.990217383210029,6.73406958720937
Trex_vessels_scaffolds_len10k (n=1606856),0.991203902237585,5.91365857266482
Trex_vessels_scaffolds_len10k (n=1606856),0.992190421265142,4.41139077191524
Trex_vessels_scaffolds_len10k (n=1606856),0.993176940292699,2.13048660819301
Trex_vessels_scaffolds_len10k (n=1606856),0.994163459320255,0.44222554971972
Trex_vessels_scaffolds_len10k (n=1606856),0.995149978347811,0.0196437544423263
Trex_vessels_scaffolds_len10k (n=1606856),0.996136497375368,0.00771226195043932
Trex_vessels_scaffolds_len10k (n=1606856),0.997123016402925,1.46304334630247
Trex_vessels_scaffolds_len10k (n=1606856),0.998109535430481,37.0982965336016
Trex_vessels_scaffolds_len10k (n=1606856),0.999096054458038,182.499934402729
Trex_vessels_scaffolds_len10k (n=1606856),1.00008257348559,309.202368489223
Trex_vessels_scaffolds_len10k (n=1606856),1.00106909251315,148.66001075461
Trex_vessels_scaffolds_len10k (n=1606856),1.00205561154071,23.7861051002635
allMis1 (n=78257),0.501739987437138,8.82050050502103e-06
allMis1 (n=78257),0.502754193221014,1.37775532161233e-05
allMis1 (n=78257),0.503768399004889,2.09795375605172e-05
allMis1 (n=78257),0.504782604788765,3.11579238138117e-05
allMis1 (n=78257),0.505796810572641,4.5154735191598e-05
allMis1 (n=78257),0.506811016356517,6.38878354104098e-05
allMis1 (n=78257),0.507825222140392,8.82935763399031e-05
allMis1 (n=78257),0.508839427924268,0.000119245671106011
allMis1 (n=78257),0.509853633708144,0.000157451786598657
allMis1 (n=78257),0.51086783949202,0.000203340333244115
allMis1 (n=78257),0.511882045275895,0.000257674827949155
allMis1 (n=78257),0.512896251059771,0.000318771394705178
allMis1 (n=78257),0.513910456843647,0.000385169718130111
allMis1 (n=78257),0.514924662627523,0.000454783412223086
allMis1 (n=78257),0.515938868411398,0.000525004629379171
allMis1 (n=78257),0.516953074195274,0.000592893283465279
allMis1 (n=78257),0.51796727997915,0.000655444675648239
allMis1 (n=78257),0.518981485763026,0.000709920422477094
allMis1 (n=78257),0.519995691546901,0.000754219584961777
allMis1 (n=78257),0.521009897330777,0.000787260229876326
allMis1 (n=78257),0.522024103114653,0.000809061388769685
allMis1 (n=78257),0.523038308898529,0.000821941151731017
allMis1 (n=78257),0.524052514682404,0.000831440545325962
allMis1 (n=78257),0.52506672046628,0.000844030102650171
allMis1 (n=78257),0.526080926250156,0.000867750808430578
allMis1 (n=78257),0.527095132034032,0.000911814597145633
allMis1 (n=78257),0.528109337817907,0.000986058705104655
allMis1 (n=78257),0.529123543601783,0.0011002712623046
allMis1 (n=78257),0.530137749385659,0.00126341430797937
allMis1 (n=78257),0.531151955169535,0.00148278055833643
allMis1 (n=78257),0.53216616095341,0.00176313174009027
allMis1 (n=78257),0.533180366737286,0.00210969093924714
allMis1 (n=78257),0.534194572521162,0.00251704813770933
allMis1 (n=78257),0.535208778305038,0.00297306875526438
allMis1 (n=78257),0.536222984088913,0.0034644171660986
allMis1 (n=78257),0.537237189872789,0.00397428987329255
allMis1 (n=78257),0.538251395656665,0.00448367624974489
allMis1 (n=78257),0.539265601440541,0.00497306025072014
allMis1 (n=78257),0.540279807224416,0.0054244683529295
allMis1 (n=78257),0.541294013008292,0.00582372443953951
allMis1 (n=78257),0.542308218792168,0.00616273473920663
allMis1 (n=78257),0.543322424576044,0.00644159764107149
allMis1 (n=78257),0.544336630359919,0.00666830897539238
allMis1 (n=78257),0.545350836143795,0.00687421355864696
allMis1 (n=78257),0.546365041927671,0.00709637476765109
allMis1 (n=78257),0.547379247711547,0.00737986036404814
allMis1 (n=78257),0.548393453495422,0.00777587197162043
allMis1 (n=78257),0.549407659279298,0.00833824407370325
allMis1 (n=78257),0.550421865063174,0.00911926567726758
allMis1 (n=78257),0.55143607084705,0.010165043302081
allMis1 (n=78257),0.552450276630925,0.0115106752270043
allMis1 (n=78257),0.553464482414801,0.0131755562294252
allMis1 (n=78257),0.554478688198677,0.0151637101658861
allMis1 (n=78257),0.555492893982553,0.0174670080057928
allMis1 (n=78257),0.556507099766428,0.0199947559680208
allMis1 (n=78257),0.557521305550304,0.022665171773922
allMis1 (n=78257),0.55853551133418,0.0253786886390596
allMis1 (n=78257),0.559549717118055,0.0280250884959834
allMis1 (n=78257),0.560563922901931,0.0304926015207089
allMis1 (n=78257),0.561578128685807,0.0326783295086456
allMis1 (n=78257),0.562592334469683,0.0344991309543811
allMis1 (n=78257),0.563606540253559,0.035901940387758
allMis1 (n=78257),0.564620746037434,0.0368723967713451
allMis1 (n=78257),0.56563495182131,0.0374261069933038
allMis1 (n=78257),0.566649157605186,0.037658007704066
allMis1 (n=78257),0.567663363389061,0.0377278720370974
allMis1 (n=78257),0.568677569172937,0.0377948566581783
allMis1 (n=78257),0.569691774956813,0.0380286511572285
allMis1 (n=78257),0.570705980740689,0.0385922824804574
allMis1 (n=78257),0.571720186524565,0.0396246378262986
allMis1 (n=78257),0.57273439230844,0.0412243841396849
allMis1 (n=78257),0.573748598092316,0.0434369211448302
allMis1 (n=78257),0.574762803876192,0.0462458592218648
allMis1 (n=78257),0.575777009660067,0.0495702660685419
allMis1 (n=78257),0.576791215443943,0.053279411818266
allMis1 (n=78257),0.577805421227819,0.0571276434192839
allMis1 (n=78257),0.578819627011695,0.0608831643808095
allMis1 (n=78257),0.579833832795571,0.0643375439247892
allMis1 (n=78257),0.580848038579446,0.0673202312108634
allMis1 (n=78257),0.581862244363322,0.0697227816585205
allMis1 (n=78257),0.582876450147198,0.0715178248753719
allMis1 (n=78257),0.583890655931073,0.0727702727543242
allMis1 (n=78257),0.584904861714949,0.0736388000028691
allMis1 (n=78257),0.585919067498825,0.0743663686489534
allMis1 (n=78257),0.586933273282701,0.0752594976374795
allMis1 (n=78257),0.587947479066576,0.0767581708711612
allMis1 (n=78257),0.588961684850452,0.0791536532095127
allMis1 (n=78257),0.589975890634328,0.0826744423637649
allMis1 (n=78257),0.590990096418204,0.0874366649886974
allMis1 (n=78257),0.592004302202079,0.0934193299419819
allMis1 (n=78257),0.593018507985955,0.100455391902168
allMis1 (n=78257),0.594032713769831,0.108239539711604
allMis1 (n=78257),0.595046919553707,0.116352927657807
allMis1 (n=78257),0.596061125337582,0.124303305483099
allMis1 (n=78257),0.597075331121458,0.131577239813302
allMis1 (n=78257),0.598089536905334,0.137651872354917
allMis1 (n=78257),0.59910374268921,0.142040178382663
allMis1 (n=78257),0.600117948473085,0.144695380759155
allMis1 (n=78257),0.601132154256961,0.145664095235934
allMis1 (n=78257),0.602146360040837,0.145177696571787
allMis1 (n=78257),0.603160565824713,0.143623397282377
allMis1 (n=78257),0.604174771608588,0.141496631975044
allMis1 (n=78257),0.605188977392464,0.139340431222639
allMis1 (n=78257),0.60620318317634,0.137678822669726
allMis1 (n=78257),0.607217388960216,0.136951991864888
allMis1 (n=78257),0.608231594744091,0.137460936812166
allMis1 (n=78257),0.609245800527967,0.139405762720777
allMis1 (n=78257),0.610260006311843,0.142639644269494
allMis1 (n=78257),0.611274212095719,0.14677742554881
allMis1 (n=78257),0.612288417879594,0.151389058945726
allMis1 (n=78257),0.61330262366347,0.155988855172448
allMis1 (n=78257),0.614316829447346,0.16009739028818
allMis1 (n=78257),0.615331035231222,0.16329872944028
allMis1 (n=78257),0.616345241015097,0.16528660910616
allMis1 (n=78257),0.617359446798973,0.165894802542661
allMis1 (n=78257),0.618373652582849,0.165108849037012
allMis1 (n=78257),0.619387858366725,0.163058547127226
allMis1 (n=78257),0.6204020641506,0.159935580342055
allMis1 (n=78257),0.621416269934476,0.156199034709103
allMis1 (n=78257),0.622430475718352,0.152220179616296
allMis1 (n=78257),0.623444681502228,0.148319861134803
allMis1 (n=78257),0.624458887286103,0.144760123650662
allMis1 (n=78257),0.625473093069979,0.141728994431965
allMis1 (n=78257),0.626487298853855,0.13933712021222
allMis1 (n=78257),0.627501504637731,0.137624573024317
allMis1 (n=78257),0.628515710421606,0.136575147377696
allMis1 (n=78257),0.629529916205482,0.136134897992888
allMis1 (n=78257),0.630544121989358,0.136237483402241
allMis1 (n=78257),0.631558327773234,0.136842299228982
allMis1 (n=78257),0.632572533557109,0.137842689732754
allMis1 (n=78257),0.633586739340985,0.139209510480538
allMis1 (n=78257),0.634600945124861,0.140938715730104
allMis1 (n=78257),0.635615150908737,0.143052084499027
allMis1 (n=78257),0.636629356692612,0.1455971529257
allMis1 (n=78257),0.637643562476488,0.14864622680446
allMis1 (n=78257),0.638657768260364,0.152293771185884
allMis1 (n=78257),0.63967197404424,0.156651107329334
allMis1 (n=78257),0.640686179828115,0.161837252091161
allMis1 (n=78257),0.641700385611991,0.16801181167981
allMis1 (n=78257),0.642714591395867,0.175289721230313
allMis1 (n=78257),0.643728797179743,0.183614180685888
allMis1 (n=78257),0.644743002963618,0.192918049058874
allMis1 (n=78257),0.645757208747494,0.203053885983681
allMis1 (n=78257),0.64677141453137,0.213804179648252
allMis1 (n=78257),0.647785620315245,0.224907486080948
allMis1 (n=78257),0.648799826099121,0.236099066489162
allMis1 (n=78257),0.649814031882997,0.247161860262779
allMis1 (n=78257),0.650828237666873,0.257981102196808
allMis1 (n=78257),0.651842443450749,0.268593803507838
allMis1 (n=78257),0.652856649234624,0.279266864943582
allMis1 (n=78257),0.6538708550185,0.290525623309661
allMis1 (n=78257),0.654885060802376,0.302976043761799
allMis1 (n=78257),0.655899266586252,0.317260108389065
allMis1 (n=78257),0.656913472370127,0.333950440738543
allMis1 (n=78257),0.657927678154003,0.35344820794332
allMis1 (n=78257),0.658941883937879,0.375899724442486
allMis1 (n=78257),0.659956089721755,0.401147618553126
allMis1 (n=78257),0.66097029550563,0.428728683029295
allMis1 (n=78257),0.661984501289506,0.457924989710805
allMis1 (n=78257),0.662998707073382,0.487867717405215
allMis1 (n=78257),0.664012912857257,0.517589011858153
allMis1 (n=78257),0.665027118641133,0.546437703654743
allMis1 (n=78257),0.666041324425009,0.574258926311389
allMis1 (n=78257),0.667055530208885,0.601360510023012
allMis1 (n=78257),0.66806973599276,0.628494244059406
allMis1 (n=78257),0.669083941776636,0.656756273874635
allMis1 (n=78257),0.670098147560512,0.687420308674978
allMis1 (n=78257),0.671112353344388,0.721727095300041
allMis1 (n=78257),0.672126559128263,0.760661676125416
allMis1 (n=78257),0.673140764912139,0.804754798033729
allMis1 (n=78257),0.674154970696015,0.854062199758742
allMis1 (n=78257),0.675169176479891,0.907925176630826
allMis1 (n=78257),0.676183382263766,0.964533433003816
allMis1 (n=78257),0.677197588047642,1.02235933415421
allMis1 (n=78257),0.678211793831518,1.08002556923016
allMis1 (n=78257),0.679225999615394,1.13659761213757
allMis1 (n=78257),0.68024020539927,1.19180913164229
allMis1 (n=78257),0.681254411183145,1.24617933856826
allMis1 (n=78257),0.682268616967021,1.30099608744592
allMis1 (n=78257),0.683282822750897,1.35815682622643
allMis1 (n=78257),0.684297028534772,1.41988003251563
allMis1 (n=78257),0.685311234318648,1.48883018990624
allMis1 (n=78257),0.686325440102524,1.5667005646691
allMis1 (n=78257),0.6873396458864,1.6534181152322
allMis1 (n=78257),0.688353851670275,1.74814736735437
allMis1 (n=78257),0.689368057454151,1.84900687831284
allMis1 (n=78257),0.690382263238027,1.95333600207514
allMis1 (n=78257),0.691396469021903,2.05809815493276
allMis1 (n=78257),0.692410674805778,2.16035889999817
allMis1 (n=78257),0.693424880589654,2.25776539100053
allMis1 (n=78257),0.69443908637353,2.34895031443576
allMis1 (n=78257),0.695453292157406,2.43378903457251
allMis1 (n=78257),0.696467497941281,2.51325101515615
allMis1 (n=78257),0.697481703725157,2.59046869237598
allMis1 (n=78257),0.698495909509033,2.66849251909495
allMis1 (n=78257),0.699510115292909,2.75004975146187
allMis1 (n=78257),0.700524321076784,2.83714893403729
allMis1 (n=78257),0.70153852686066,2.93072644085822
allMis1 (n=78257),0.702552732644536,3.03050508606048
allMis1 (n=78257),0.703566938428412,3.13509307114363
allMis1 (n=78257),0.704581144212287,3.24231637516401
allMis1 (n=78257),0.705595349996163,3.34974258614629
allMis1 (n=78257),0.706609555780039,3.45529416745357
allMis1 (n=78257),0.707623761563915,3.55786919911107
allMis1 (n=78257),0.70863796734779,3.65904270895271
allMis1 (n=78257),0.709652173131666,3.7620597613248
allMis1 (n=78257),0.710666378915542,3.87178879668224
allMis1 (n=78257),0.711680584699418,3.99422490460763
allMis1 (n=78257),0.712694790483293,4.13581153876407
allMis1 (n=78257),0.713708996267169,4.30267175827173
allMis1 (n=78257),0.714723202051045,4.49984480199434
allMis1 (n=78257),0.715737407834921,4.73061865062833
allMis1 (n=78257),0.716751613618796,4.99603542357929
allMis1 (n=78257),0.717765819402672,5.29581630661929
allMis1 (n=78257),0.718780025186548,5.62559959946383
allMis1 (n=78257),0.719794230970424,5.97607455553069
allMis1 (n=78257),0.720808436754299,6.33901461519373
allMis1 (n=78257),0.721822642538175,6.70564700864822
allMis1 (n=78257),0.722836848322051,7.06744263794512
allMis1 (n=78257),0.723851054105927,7.41688019664243
allMis1 (n=78257),0.724865259889802,7.74811223004605
allMis1 (n=78257),0.725879465673678,8.05746050036399
allMis1 (n=78257),0.726893671457554,8.34367322661694
allMis1 (n=78257),0.72790787724143,8.60788875860508
allMis1 (n=78257),0.728922083025305,8.85226689323891
allMis1 (n=78257),0.729936288809181,9.08271082976187
allMis1 (n=78257),0.730950494593057,9.3043138725602
allMis1 (n=78257),0.731964700376933,9.52012643637492
allMis1 (n=78257),0.732978906160808,9.73115918326523
allMis1 (n=78257),0.733993111944684,9.93603486327368
allMis1 (n=78257),0.73500731772856,10.1310857977116
allMis1 (n=78257),0.736021523512436,10.3108857870005
allMis1 (n=78257),0.737035729296311,10.46913299291
allMis1 (n=78257),0.738049935080187,10.5997370361901
allMis1 (n=78257),0.739064140864063,10.6979154700028
allMis1 (n=78257),0.740078346647939,10.7574200998011
allMis1 (n=78257),0.741092552431814,10.7825543883161
allMis1 (n=78257),0.74210675821569,10.7768266719813
allMis1 (n=78257),0.743120963999566,10.7447337731723
allMis1 (n=78257),0.744135169783442,10.6910131256512
allMis1 (n=78257),0.745149375567317,10.6197321042779
allMis1 (n=78257),0.746163581351193,10.5336461338693
allMis1 (n=78257),0.747177787135069,10.4339301941256
allMis1 (n=78257),0.748191992918945,10.3203091973137
allMis1 (n=78257),0.74920619870282,10.1915314909651
allMis1 (n=78257),0.750220404486696,10.0456105791759
allMis1 (n=78257),0.751234610270572,9.88030069858041
allMis1 (n=78257),0.752248816054448,9.69737271170177
allMis1 (n=78257),0.753263021838323,9.49805037228652
allMis1 (n=78257),0.754277227622199,9.28409850264706
allMis1 (n=78257),0.755291433406075,9.05727483717704
allMis1 (n=78257),0.756305639189951,8.81880489609786
allMis1 (n=78257),0.757319844973826,8.56901501764013
allMis1 (n=78257),0.758334050757702,8.30721531395966
allMis1 (n=78257),0.759348256541578,8.03186965269729
allMis1 (n=78257),0.760362462325453,7.74102959438156
allMis1 (n=78257),0.761376668109329,7.43192545186214
allMis1 (n=78257),0.762390873893205,7.1039228102521
allMis1 (n=78257),0.763405079677081,6.75933888332271
allMis1 (n=78257),0.764419285460956,6.40121568223856
allMis1 (n=78257),0.765433491244832,6.03412579720265
allMis1 (n=78257),0.766447697028708,5.66379026014128
allMis1 (n=78257),0.767461902812584,5.29658356411977
allMis1 (n=78257),0.76847610859646,4.93901142850322
allMis1 (n=78257),0.769490314380335,4.59723696465375
allMis1 (n=78257),0.770504520164211,4.27671286600954
allMis1 (n=78257),0.771518725948087,3.98195331270281
allMis1 (n=78257),0.772532931731963,3.71933395882022
allMis1 (n=78257),0.773547137515838,3.48963055425993
allMis1 (n=78257),0.774561343299714,3.29352893590212
allMis1 (n=78257),0.77557554908359,3.1318846558969
allMis1 (n=78257),0.776589754867465,3.00511107806066
allMis1 (n=78257),0.777603960651341,2.9132559006046
allMis1 (n=78257),0.778618166435217,2.85602931082761
allMis1 (n=78257),0.779632372219093,2.83279378251218
allMis1 (n=78257),0.780646578002968,2.84253344335919
allMis1 (n=78257),0.781660783786844,2.88382629325776
allMis1 (n=78257),0.78267498957072,2.95504607817323
allMis1 (n=78257),0.783689195354596,3.05640368231256
allMis1 (n=78257),0.784703401138471,3.18230430850596
allMis1 (n=78257),0.785717606922347,3.33045366309213
allMis1 (n=78257),0.786731812706223,3.49888352651155
allMis1 (n=78257),0.787746018490099,3.68611064815126
allMis1 (n=78257),0.788760224273974,3.89120149744224
allMis1 (n=78257),0.78977443005785,4.11371949216787
allMis1 (n=78257),0.790788635841726,4.35355153493976
allMis1 (n=78257),0.791802841625602,4.61063202482129
allMis1 (n=78257),0.792817047409477,4.88460282954418
allMis1 (n=78257),0.793831253193353,5.17499604189698
allMis1 (n=78257),0.794845458977229,5.47975439815173
allMis1 (n=78257),0.795859664761105,5.79418198503922
allMis1 (n=78257),0.79687387054498,6.11372964353021
allMis1 (n=78257),0.797888076328856,6.43297353368961
allMis1 (n=78257),0.798902282112732,6.74578836341501
allMis1 (n=78257),0.799916487896608,7.04547942494873
allMis1 (n=78257),0.800930693680483,7.32484593463721
allMis1 (n=78257),0.801944899464359,7.57617879413723
allMis1 (n=78257),0.802959105248235,7.79122743101987
allMis1 (n=78257),0.803973311032111,7.96119916522215
allMis1 (n=78257),0.804987516815986,8.07216393941235
allMis1 (n=78257),0.806001722599862,8.1150350510638
allMis1 (n=78257),0.807015928383738,8.08416458282308
allMis1 (n=78257),0.808030134167614,7.97362186635875
allMis1 (n=78257),0.809044339951489,7.78050520364764
allMis1 (n=78257),0.810058545735365,7.50574214873065
allMis1 (n=78257),0.811072751519241,7.15457641215971
allMis1 (n=78257),0.812086957303117,6.73663772562469
allMis1 (n=78257),0.813101163086992,6.26554485204929
allMis1 (n=78257),0.814115368870868,5.75805288689354
allMis1 (n=78257),0.815129574654744,5.23281940143039
allMis1 (n=78257),0.81614378043862,4.71129465700329
allMis1 (n=78257),0.817157986222495,4.21269202410155
allMis1 (n=78257),0.818172192006371,3.75068273922062
allMis1 (n=78257),0.819186397790247,3.3351370062497
allMis1 (n=78257),0.820200603574122,2.97185159170125
allMis1 (n=78257),0.821214809357998,2.66270551433431
allMis1 (n=78257),0.822229015141874,2.40613489659668
allMis1 (n=78257),0.82324322092575,2.19783263865405
allMis1 (n=78257),0.824257426709626,2.03157070106609
allMis1 (n=78257),0.825271632493501,1.90004548687897
allMis1 (n=78257),0.826285838277377,1.79607986137673
allMis1 (n=78257),0.827300044061253,1.71283467032897
allMis1 (n=78257),0.828314249845129,1.64189506467512
allMis1 (n=78257),0.829328455629004,1.57851800005556
allMis1 (n=78257),0.83034266141288,1.51914575315079
allMis1 (n=78257),0.831356867196756,1.46132142545594
allMis1 (n=78257),0.832371072980632,1.40354443799821
allMis1 (n=78257),0.833385278764507,1.34509426587185
allMis1 (n=78257),0.834399484548383,1.28584536881944
allMis1 (n=78257),0.835413690332259,1.22609059419572
allMis1 (n=78257),0.836427896116135,1.16638462899479
allMis1 (n=78257),0.83744210190001,1.10749954047842
allMis1 (n=78257),0.838456307683886,1.0502807675213
allMis1 (n=78257),0.839470513467762,0.995307537678404
allMis1 (n=78257),0.840484719251638,0.94309431302706
allMis1 (n=78257),0.841498925035513,0.894026639040198
allMis1 (n=78257),0.842513130819389,0.848355825579145
allMis1 (n=78257),0.843527336603265,0.806202969745608
allMis1 (n=78257),0.844541542387141,0.767569899065875
allMis1 (n=78257),0.845555748171016,0.732354843839207
allMis1 (n=78257),0.846569953954892,0.7003708891709
allMis1 (n=78257),0.847584159738768,0.671365523303333
allMis1 (n=78257),0.848598365522643,0.645237787391772
allMis1 (n=78257),0.849612571306519,0.621449659170938
allMis1 (n=78257),0.850626777090395,0.599592529077332
allMis1 (n=78257),0.851640982874271,0.579342356714104
allMis1 (n=78257),0.852655188658146,0.56039812245485
allMis1 (n=78257),0.853669394442022,0.542492723505582
allMis1 (n=78257),0.854683600225898,0.525402489232347
allMis1 (n=78257),0.855697806009774,0.508954780376193
allMis1 (n=78257),0.856712011793649,0.493032957324838
allMis1 (n=78257),0.857726217577525,0.4775779339661
allMis1 (n=78257),0.858740423361401,0.462587981206557
allMis1 (n=78257),0.859754629145277,0.448172697254979
allMis1 (n=78257),0.860768834929153,0.434368962126931
allMis1 (n=78257),0.861783040713028,0.42127408733256
allMis1 (n=78257),0.862797246496904,0.40897885207255
allMis1 (n=78257),0.86381145228078,0.397554206663906
allMis1 (n=78257),0.864825658064655,0.387042188887353
allMis1 (n=78257),0.865839863848531,0.377451969605523
allMis1 (n=78257),0.866854069632407,0.368761294429688
allMis1 (n=78257),0.867868275416283,0.360922958981797
allMis1 (n=78257),0.868882481200159,0.353875388973008
allMis1 (n=78257),0.869896686984034,0.347580986814959
allMis1 (n=78257),0.87091089276791,0.34201675496302
allMis1 (n=78257),0.871925098551786,0.337121803517554
allMis1 (n=78257),0.872939304335661,0.332935366018981
allMis1 (n=78257),0.873953510119537,0.329546206222367
allMis1 (n=78257),0.874967715903413,0.327095717861131
allMis1 (n=78257),0.875981921687289,0.325778608204885
allMis1 (n=78257),0.876996127471164,0.325841504890919
allMis1 (n=78257),0.87801033325504,0.327579737756429
allMis1 (n=78257),0.879024539038916,0.331332416828915
allMis1 (n=78257),0.880038744822792,0.337475773048004
allMis1 (n=78257),0.881052950606667,0.346643703062402
allMis1 (n=78257),0.882067156390543,0.359266117729059
allMis1 (n=78257),0.883081362174419,0.375631143113831
allMis1 (n=78257),0.884095567958295,0.396127993043031
allMis1 (n=78257),0.88510977374217,0.421096450768712
allMis1 (n=78257),0.886123979526046,0.450802351774586
allMis1 (n=78257),0.887138185309922,0.485411450386444
allMis1 (n=78257),0.888152391093798,0.524962650292147
allMis1 (n=78257),0.889166596877674,0.56934185209143
allMis1 (n=78257),0.890180802661549,0.618257937019932
allMis1 (n=78257),0.891195008445425,0.671222655263993
allMis1 (n=78257),0.892209214229301,0.727753869061007
allMis1 (n=78257),0.893223420013176,0.786450883221644
allMis1 (n=78257),0.894237625797052,0.846065913316879
allMis1 (n=78257),0.895251831580928,0.905226462435976
allMis1 (n=78257),0.896266037364804,0.96243676769374
allMis1 (n=78257),0.897280243148679,1.01613312947131
allMis1 (n=78257),0.898294448932555,1.06474874549514
allMis1 (n=78257),0.899308654716431,1.1067848674879
allMis1 (n=78257),0.900322860500307,1.14088437349656
allMis1 (n=78257),0.901337066284182,1.1659033150071
allMis1 (n=78257),0.902351272068058,1.18077247242674
allMis1 (n=78257),0.903365477851934,1.18415353619452
allMis1 (n=78257),0.90437968363581,1.17699613113184
allMis1 (n=78257),0.905393889419685,1.15967587573576
allMis1 (n=78257),0.906408095203561,1.13291915919919
allMis1 (n=78257),0.907422300987437,1.09776042163082
allMis1 (n=78257),0.908436506771313,1.05548456251987
allMis1 (n=78257),0.909450712555188,1.00755864001499
allMis1 (n=78257),0.910464918339064,0.955557451651791
allMis1 (n=78257),0.91147912412294,0.901087717321243
allMis1 (n=78257),0.912493329906816,0.845715427008101
allMis1 (n=78257),0.913507535690691,0.7910063983139
allMis1 (n=78257),0.914521741474567,0.738473117828524
allMis1 (n=78257),0.915535947258443,0.689071507514496
allMis1 (n=78257),0.916550153042319,0.643565154610971
allMis1 (n=78257),0.917564358826194,0.602485359273174
allMis1 (n=78257),0.91857856461007,0.566141755924879
allMis1 (n=78257),0.919592770393946,0.534641760282224
allMis1 (n=78257),0.920606976177822,0.507916694367455
allMis1 (n=78257),0.921621181961697,0.485752432346781
allMis1 (n=78257),0.922635387745573,0.467822480352671
allMis1 (n=78257),0.923649593529449,0.453721541700857
allMis1 (n=78257),0.924663799313324,0.443234048596673
allMis1 (n=78257),0.9256780050972,0.435640684065598
allMis1 (n=78257),0.926692210881076,0.430394222498587
allMis1 (n=78257),0.927706416664952,0.427085665553796
allMis1 (n=78257),0.928720622448827,0.425352193264302
allMis1 (n=78257),0.929734828232703,0.424882435212673
allMis1 (n=78257),0.930749034016579,0.425417859968646
allMis1 (n=78257),0.931763239800455,0.426751168367097
allMis1 (n=78257),0.93277744558433,0.42872264139522
allMis1 (n=78257),0.933791651368206,0.431215379341804
allMis1 (n=78257),0.934805857152082,0.434150980597683
allMis1 (n=78257),0.935820062935958,0.437526196799546
allMis1 (n=78257),0.936834268719833,0.441286148832713
allMis1 (n=78257),0.937848474503709,0.445450402355646
allMis1 (n=78257),0.938862680287585,0.45006049066957
allMis1 (n=78257),0.939876886071461,0.455176919098807
allMis1 (n=78257),0.940891091855337,0.460875440293569
allMis1 (n=78257),0.941905297639212,0.467242503658504
allMis1 (n=78257),0.942919503423088,0.474369981110458
allMis1 (n=78257),0.943933709206964,0.482349453026595
allMis1 (n=78257),0.94494791499084,0.491266487696531
allMis1 (n=78257),0.945962120774715,0.501232235621101
allMis1 (n=78257),0.946976326558591,0.512361614490677
allMis1 (n=78257),0.947990532342467,0.524606301515036
allMis1 (n=78257),0.949004738126342,0.53798222391642
allMis1 (n=78257),0.950018943910218,0.552489944842113
allMis1 (n=78257),0.951033149694094,0.568117367047365
allMis1 (n=78257),0.95204735547797,0.584842461035564
allMis1 (n=78257),0.953061561261845,0.602635438927032
allMis1 (n=78257),0.954075767045721,0.62145987890758
allMis1 (n=78257),0.955089972829597,0.64127242528432
allMis1 (n=78257),0.956104178613473,0.662020837497801
allMis1 (n=78257),0.957118384397348,0.683691142676102
allMis1 (n=78257),0.958132590181224,0.70616196930114
allMis1 (n=78257),0.9591467959651,0.729269064339806
allMis1 (n=78257),0.960161001748976,0.752853150650633
allMis1 (n=78257),0.961175207532851,0.776711594698191
allMis1 (n=78257),0.962189413316727,0.800592987774307
allMis1 (n=78257),0.963203619100603,0.824193618613745
allMis1 (n=78257),0.964217824884479,0.84715638908323
allMis1 (n=78257),0.965232030668354,0.86907262623727
allMis1 (n=78257),0.96624623645223,0.889487117512717
allMis1 (n=78257),0.967260442236106,0.907906544461806
allMis1 (n=78257),0.968274648019982,0.923498023494773
allMis1 (n=78257),0.969288853803857,0.93587196150912
allMis1 (n=78257),0.970303059587733,0.944563671463157
allMis1 (n=78257),0.971317265371609,0.949111638598273
allMis1 (n=78257),0.972331471155485,0.949122556112892
allMis1 (n=78257),0.97334567693936,0.944297937182209
allMis1 (n=78257),0.974359882723236,0.934463464333959
allMis1 (n=78257),0.975374088507112,0.919601720600215
allMis1 (n=78257),0.976388294290988,0.899888934372323
allMis1 (n=78257),0.977402500074863,0.875736162188537
allMis1 (n=78257),0.978416705858739,0.847793472148885
allMis1 (n=78257),0.979430911642615,0.817106639517251
allMis1 (n=78257),0.98044511742649,0.78563200182593
allMis1 (n=78257),0.981459323210366,0.755399291864159
allMis1 (n=78257),0.982473528994242,0.728881986757001
allMis1 (n=78257),0.983487734778118,0.708963022339149
allMis1 (n=78257),0.984501940561994,0.698849487497479
allMis1 (n=78257),0.985516146345869,0.701926427102266
allMis1 (n=78257),0.986530352129745,0.721544257897391
allMis1 (n=78257),0.987544557913621,0.760740545613077
allMis1 (n=78257),0.988558763697497,0.821904852537284
allMis1 (n=78257),0.989572969481372,0.907522829097751
allMis1 (n=78257),0.990587175265248,1.01747971570303
allMis1 (n=78257),0.991601381049124,1.14758775734041
allMis1 (n=78257),0.992615586833,1.29321329854734
allMis1 (n=78257),0.993629792616875,1.44784775689292
allMis1 (n=78257),0.994643998400751,1.60342051501287
allMis1 (n=78257),0.995658204184627,1.75080995525951
allMis1 (n=78257),0.996672409968503,1.88051736010727
allMis1 (n=78257),0.997686615752378,1.98344664297302
allMis1 (n=78257),0.998700821536254,2.05171551363375
allMis1 (n=78257),0.99971502732013,2.07941210618606
allMis1 (n=78257),1.00072923310401,2.05967383520906
allMis1 (n=78257),1.00174343888788,1.99503458299343
allMis1 (n=78257),1.00275764467176,1.89075488490944
allMis1 (n=78257),1.00377185045563,1.75302216988442
allMis1 (n=78257),1.00478605623951,1.58975375624953
allMis1 (n=78257),1.00580026202338,1.40982902624575
allMis1 (n=78257),1.00681446780726,1.22230374353086
allMis1 (n=78257),1.00782867359114,1.03568708913609
allMis1 (n=78257),1.00884287937501,0.857347562697051
allMis1 (n=78257),1.00985708515889,0.693094462575741
allMis1 (n=78257),1.01087129094276,0.546958611268541
allMis1 (n=78257),1.01188549672664,0.423518195971448
allMis1 (n=78257),1.01289970251051,0.320741093560422
allMis1 (n=78257),1.01391390829439,0.23747950291685
allMis1 (n=78257),1.01492811407827,0.171830360925925
allMis1 (n=78257),1.01594231986214,0.121442470524428
allMis1 (n=78257),1.01695652564602,0.0837959109926227
allMis1 (n=78257),1.01797073142989,0.056420759757357
allMis1 (n=78257),1.01898493721377,0.0370514753544582
allMis1 (n=78257),1.01999914299764,0.0237202137595221
anoCar2 (n=63514),0.480744108918831,1.12608841195968e-05
anoCar2 (n=63514),0.481797948022867,1.79945165432311e-05
anoCar2 (n=63514),0.482851787126902,2.7988030495554e-05
anoCar2 (n=63514),0.483905626230938,4.2539405867213e-05
anoCar2 (n=63514),0.484959465334974,6.35955605320616e-05
anoCar2 (n=63514),0.48601330443901,9.2333518243143e-05
anoCar2 (n=63514),0.487067143543046,0.000130256168910222
anoCar2 (n=63514),0.488120982647082,0.00017863095362125
anoCar2 (n=63514),0.489174821751118,0.000238256929067267
anoCar2 (n=63514),0.490228660855154,0.000309218940901425
anoCar2 (n=63514),0.491282499959189,0.000390662956433491
anoCar2 (n=63514),0.492336339063225,0.000480632083395429
anoCar2 (n=63514),0.493390178167261,0.000576003290310901
anoCar2 (n=63514),0.494444017271297,0.000672559550495431
anoCar2 (n=63514),0.495497856375333,0.000765220556427857
anoCar2 (n=63514),0.496551695479369,0.000847218372131272
anoCar2 (n=63514),0.497605534583405,0.000912995367477379
anoCar2 (n=63514),0.498659373687441,0.000958685526152305
anoCar2 (n=63514),0.499713212791477,0.000981790900217036
anoCar2 (n=63514),0.500767051895512,0.00098189093820869
anoCar2 (n=63514),0.501820890999548,0.000960880567042065
anoCar2 (n=63514),0.502874730103584,0.000922991261238894
anoCar2 (n=63514),0.50392856920762,0.000874595442269235
anoCar2 (n=63514),0.504982408311656,0.000823815156698397
anoCar2 (n=63514),0.506036247415692,0.000779970562012734
anoCar2 (n=63514),0.507090086519728,0.000752911278737498
anoCar2 (n=63514),0.508143925623764,0.000753204316225055
anoCar2 (n=63514),0.5091977647278,0.000792302565798008
anoCar2 (n=63514),0.510251603831835,0.000873888143293036
anoCar2 (n=63514),0.511305442935871,0.00100083052521775
anoCar2 (n=63514),0.512359282039907,0.00117249862721109
anoCar2 (n=63514),0.513413121143943,0.00138440084349875
anoCar2 (n=63514),0.514466960247979,0.00162812222352602
anoCar2 (n=63514),0.515520799352015,0.0018916415259418
anoCar2 (n=63514),0.516574638456051,0.00216008688106805
anoCar2 (n=63514),0.517628477560087,0.00241694931619304
anoCar2 (n=63514),0.518682316664123,0.00264572199152368
anoCar2 (n=63514),0.519736155768158,0.00283187427419388
anoCar2 (n=63514),0.520789994872194,0.00296057056140925
anoCar2 (n=63514),0.52184383397623,0.00303230337561237
anoCar2 (n=63514),0.522897673080266,0.00305635258248744
anoCar2 (n=63514),0.523951512184302,0.00305040077138838
anoCar2 (n=63514),0.525005351288338,0.00304202216027507
anoCar2 (n=63514),0.526059190392374,0.00306806342744059
anoCar2 (n=63514),0.52711302949641,0.00317325977130194
anoCar2 (n=63514),0.528166868600446,0.00340808318618114
anoCar2 (n=63514),0.529220707704481,0.00382582413656773
anoCar2 (n=63514),0.530274546808517,0.00447891798253853
anoCar2 (n=63514),0.531328385912553,0.0054145539229674
anoCar2 (n=63514),0.532382225016589,0.00667935550814366
anoCar2 (n=63514),0.533436064120625,0.00830967012224249
anoCar2 (n=63514),0.534489903224661,0.0102703827948085
anoCar2 (n=63514),0.535543742328697,0.0125232866297593
anoCar2 (n=63514),0.536597581432733,0.01500103300543
anoCar2 (n=63514),0.537651420536769,0.0176085498032335
anoCar2 (n=63514),0.538705259640804,0.0202277475968484
anoCar2 (n=63514),0.53975909874484,0.0227255386033538
anoCar2 (n=63514),0.540812937848876,0.0249647537044853
anoCar2 (n=63514),0.541866776952912,0.0268171026170485
anoCar2 (n=63514),0.542920616056948,0.0281769322380934
anoCar2 (n=63514),0.543974455160984,0.0289742491811133
anoCar2 (n=63514),0.54502829426502,0.0291410480446594
anoCar2 (n=63514),0.546082133369056,0.0287594717340269
anoCar2 (n=63514),0.547135972473092,0.0279435610509787
anoCar2 (n=63514),0.548189811577128,0.026836232779377
anoCar2 (n=63514),0.549243650681163,0.025609617734849
anoCar2 (n=63514),0.550297489785199,0.0244492995693278
anoCar2 (n=63514),0.551351328889235,0.0235372730574672
anoCar2 (n=63514),0.552405167993271,0.0230351386871516
anoCar2 (n=63514),0.553459007097307,0.0230689134537393
anoCar2 (n=63514),0.554512846201343,0.0237166334836925
anoCar2 (n=63514),0.555566685305379,0.0249996895203258
anoCar2 (n=63514),0.556620524409414,0.0268933376893047
anoCar2 (n=63514),0.55767436351345,0.0292932498031907
anoCar2 (n=63514),0.558728202617486,0.0319874624341778
anoCar2 (n=63514),0.559782041721522,0.0347772221489909
anoCar2 (n=63514),0.560835880825558,0.0374533316132067
anoCar2 (n=63514),0.561889719929594,0.0398191660542853
anoCar2 (n=63514),0.56294355903363,0.0417144405336523
anoCar2 (n=63514),0.563997398137666,0.0430373283423854
anoCar2 (n=63514),0.565051237241702,0.0437623750631698
anoCar2 (n=63514),0.566105076345738,0.0439517622589985
anoCar2 (n=63514),0.567158915449773,0.0437578614084057
anoCar2 (n=63514),0.568212754553809,0.0434156805919177
anoCar2 (n=63514),0.569266593657845,0.0432719487084472
anoCar2 (n=63514),0.570320432761881,0.0436930854458179
anoCar2 (n=63514),0.571374271865917,0.0449876117477181
anoCar2 (n=63514),0.572428110969953,0.0474044028314891
anoCar2 (n=63514),0.573481950073989,0.0510937599448484
anoCar2 (n=63514),0.574535789178025,0.056080692891721
anoCar2 (n=63514),0.575589628282061,0.0622503535379332
anoCar2 (n=63514),0.576643467386096,0.0693482929937607
anoCar2 (n=63514),0.577697306490132,0.0769969183677798
anoCar2 (n=63514),0.578751145594168,0.0847279353972208
anoCar2 (n=63514),0.579804984698204,0.0920287626236939
anoCar2 (n=63514),0.58085882380224,0.0983516411506256
anoCar2 (n=63514),0.581912662906276,0.10317919824577
anoCar2 (n=63514),0.582966502010312,0.106351273462163
anoCar2 (n=63514),0.584020341114348,0.107824949834307
anoCar2 (n=63514),0.585074180218383,0.107748033442076
anoCar2 (n=63514),0.58612801932242,0.106440933623132
anoCar2 (n=63514),0.587181858426455,0.104356702522047
anoCar2 (n=63514),0.588235697530491,0.102024046157003
anoCar2 (n=63514),0.589289536634527,0.0999801529526344
anoCar2 (n=63514),0.590343375738563,0.0987014660985836
anoCar2 (n=63514),0.591397214842599,0.0985409702833754
anoCar2 (n=63514),0.592451053946635,0.0996801227932225
anoCar2 (n=63514),0.593504893050671,0.102188264085966
anoCar2 (n=63514),0.594558732154706,0.105691368114858
anoCar2 (n=63514),0.595612571258742,0.109749468646867
anoCar2 (n=63514),0.596666410362778,0.113871774561335
anoCar2 (n=63514),0.597720249466814,0.117568654036849
anoCar2 (n=63514),0.59877408857085,0.120424431765673
anoCar2 (n=63514),0.599827927674886,0.122159524583333
anoCar2 (n=63514),0.600881766778922,0.122673764315959
anoCar2 (n=63514),0.601935605882958,0.122065051395233
anoCar2 (n=63514),0.602989444986994,0.12062045212394
anoCar2 (n=63514),0.60404328409103,0.118780242976042
anoCar2 (n=63514),0.605097123195065,0.117106859234988
anoCar2 (n=63514),0.606150962299101,0.116249199381737
anoCar2 (n=63514),0.607204801403137,0.116632367473518
anoCar2 (n=63514),0.608258640507173,0.118529544205215
anoCar2 (n=63514),0.609312479611209,0.122015021596619
anoCar2 (n=63514),0.610366318715245,0.12695537786428
anoCar2 (n=63514),0.611420157819281,0.13302772807133
anoCar2 (n=63514),0.612473996923317,0.13976193240598
anoCar2 (n=63514),0.613527836027352,0.146601009668672
anoCar2 (n=63514),0.614581675131388,0.152972031226989
anoCar2 (n=63514),0.615635514235424,0.158358599729079
anoCar2 (n=63514),0.61668935333946,0.162365762657025
anoCar2 (n=63514),0.617743192443496,0.164625479305731
anoCar2 (n=63514),0.618797031547532,0.165279038607314
anoCar2 (n=63514),0.619850870651568,0.164576298910115
anoCar2 (n=63514),0.620904709755604,0.162882562986258
anoCar2 (n=63514),0.62195854885964,0.160649153942258
anoCar2 (n=63514),0.623012387963675,0.158355407118029
anoCar2 (n=63514),0.624066227067711,0.156452968352319
anoCar2 (n=63514),0.625120066171747,0.155318361862877
anoCar2 (n=63514),0.626173905275783,0.155218037387354
anoCar2 (n=63514),0.627227744379819,0.156288171130066
anoCar2 (n=63514),0.628281583483855,0.158529629920288
anoCar2 (n=63514),0.629335422587891,0.161847027937153
anoCar2 (n=63514),0.630389261691927,0.165979923183289
anoCar2 (n=63514),0.631443100795963,0.170544852163742
anoCar2 (n=63514),0.632496939899998,0.175217030429667
anoCar2 (n=63514),0.633550779004034,0.179706704964471
anoCar2 (n=63514),0.63460461810807,0.183803720390834
anoCar2 (n=63514),0.635658457212106,0.187417721725952
anoCar2 (n=63514),0.636712296316142,0.190608843172583
anoCar2 (n=63514),0.637766135420178,0.193603244431569
anoCar2 (n=63514),0.638819974524214,0.196788158012048
anoCar2 (n=63514),0.63987381362825,0.200682379484927
anoCar2 (n=63514),0.640927652732286,0.205880498313028
anoCar2 (n=63514),0.641981491836321,0.213198407695441
anoCar2 (n=63514),0.643035330940357,0.222963557218651
anoCar2 (n=63514),0.644089170044393,0.235312136057822
anoCar2 (n=63514),0.645143009148429,0.250096316098098
anoCar2 (n=63514),0.646196848252465,0.266849707261146
anoCar2 (n=63514),0.647250687356501,0.284830187091361
anoCar2 (n=63514),0.648304526460537,0.303115835451163
anoCar2 (n=63514),0.649358365564573,0.320744022183055
anoCar2 (n=63514),0.650412204668609,0.336875322352107
anoCar2 (n=63514),0.651466043772644,0.350957363453375
anoCar2 (n=63514),0.65251988287668,0.362859935140043
anoCar2 (n=63514),0.653573721980716,0.37292201352785
anoCar2 (n=63514),0.654627561084752,0.382206388207046
anoCar2 (n=63514),0.655681400188788,0.392140362202839
anoCar2 (n=63514),0.656735239292824,0.40409912379167
anoCar2 (n=63514),0.65778907839686,0.419270759278169
anoCar2 (n=63514),0.658842917500896,0.438437447889344
anoCar2 (n=63514),0.659896756604932,0.461827312682518
anoCar2 (n=63514),0.660950595708967,0.489068747539443
anoCar2 (n=63514),0.662004434813003,0.519263161536728
anoCar2 (n=63514),0.663058273917039,0.551172909132829
anoCar2 (n=63514),0.664112113021075,0.58350076769464
anoCar2 (n=63514),0.665165952125111,0.615217930421696
anoCar2 (n=63514),0.666219791229147,0.645850748607839
anoCar2 (n=63514),0.667273630333183,0.676157274797832
anoCar2 (n=63514),0.668327469437219,0.707694946439157
anoCar2 (n=63514),0.669381308541255,0.742604428409569
anoCar2 (n=63514),0.670435147645291,0.783233074481914
anoCar2 (n=63514),0.671488986749326,0.831668242141292
anoCar2 (n=63514),0.672542825853362,0.889272241350039
anoCar2 (n=63514),0.673596664957398,0.956305571946658
anoCar2 (n=63514),0.674650504061434,1.03171627617844
anoCar2 (n=63514),0.67570434316547,1.11315225518802
anoCar2 (n=63514),0.676758182269506,1.19722177213083
anoCar2 (n=63514),0.677812021373542,1.27974067765912
anoCar2 (n=63514),0.678865860477577,1.35639913337963
anoCar2 (n=63514),0.679919699581613,1.42494816455521
anoCar2 (n=63514),0.680973538685649,1.48473839777686
anoCar2 (n=63514),0.682027377789685,1.53698232401636
anoCar2 (n=63514),0.683081216893721,1.58459171351816
anoCar2 (n=63514),0.684135055997757,1.63170285285558
anoCar2 (n=63514),0.685188895101793,1.68296474870185
anoCar2 (n=63514),0.686242734205829,1.74270621502887
anoCar2 (n=63514),0.687296573309865,1.81412219303059
anoCar2 (n=63514),0.688350412413901,1.89862468995369
anoCar2 (n=63514),0.689404251517936,1.99548719512363
anoCar2 (n=63514),0.690458090621972,2.10225231818811
anoCar2 (n=63514),0.691511929726008,2.21289296786588
anoCar2 (n=63514),0.692565768830044,2.32223804091574
anoCar2 (n=63514),0.69361960793408,2.42585999651324
anoCar2 (n=63514),0.694673447038116,2.52082251978486
anoCar2 (n=63514),0.695727286142152,2.60617651681032
anoCar2 (n=63514),0.696781125246188,2.68305745958515
anoCar2 (n=63514),0.697834964350224,2.75436882698148
anoCar2 (n=63514),0.698888803454259,2.82410906239473
anoCar2 (n=63514),0.699942642558295,2.89646476528686
anoCar2 (n=63514),0.700996481662331,2.97484266731281
anoCar2 (n=63514),0.702050320766367,3.0613720091926
anoCar2 (n=63514),0.703104159870403,3.15534128184021
anoCar2 (n=63514),0.704157998974439,3.25339066252988
anoCar2 (n=63514),0.705211838078475,3.35166844050677
anoCar2 (n=63514),0.706265677182511,3.44652383884553
anoCar2 (n=63514),0.707319516286546,3.53571719672482
anoCar2 (n=63514),0.708373355390583,3.6194777151362
anoCar2 (n=63514),0.709427194494618,3.70122167718509
anoCar2 (n=63514),0.710481033598654,3.78779844242026
anoCar2 (n=63514),0.71153487270269,3.88920030124289
anoCar2 (n=63514),0.712588711806726,4.01774686134201
anoCar2 (n=63514),0.713642550910762,4.18682607371512
anoCar2 (n=63514),0.714696390014798,4.41594645486723
anoCar2 (n=63514),0.715750229118834,4.7105671456851
anoCar2 (n=63514),0.716804068222869,5.07519169798067
anoCar2 (n=63514),0.717857907326905,5.50906653301676
anoCar2 (n=63514),0.718911746430941,6.00550728619176
anoCar2 (n=63514),0.719965585534977,6.55203278470433
anoCar2 (n=63514),0.721019424639013,7.1311241121512
anoCar2 (n=63514),0.722073263743049,7.72159466327256
anoCar2 (n=63514),0.723127102847085,8.30049245005423
anoCar2 (n=63514),0.724180941951121,8.84538117177001
anoCar2 (n=63514),0.725234781055157,9.33676747936264
anoCar2 (n=63514),0.726288620159193,9.75663163302431
anoCar2 (n=63514),0.727342459263228,10.0976822030144
anoCar2 (n=63514),0.728396298367264,10.3667564350064
anoCar2 (n=63514),0.7294501374713,10.5731297871519
anoCar2 (n=63514),0.730503976575336,10.7300391063176
anoCar2 (n=63514),0.731557815679372,10.8518985701472
anoCar2 (n=63514),0.732611654783408,10.9515026911337
anoCar2 (n=63514),0.733665493887444,11.0377366804942
anoCar2 (n=63514),0.73471933299148,11.1142180873467
anoCar2 (n=63514),0.735773172095515,11.1791211091907
anoCar2 (n=63514),0.736827011199551,11.2262098216168
anoCar2 (n=63514),0.737880850303587,11.2468578729313
anoCar2 (n=63514),0.738934689407623,11.2283654902983
anoCar2 (n=63514),0.739988528511659,11.1691218962323
anoCar2 (n=63514),0.741042367615695,11.0693587730103
anoCar2 (n=63514),0.742096206719731,10.9333469122724
anoCar2 (n=63514),0.743150045823767,10.7681101552825
anoCar2 (n=63514),0.744203884927803,10.5815926990191
anoCar2 (n=63514),0.745257724031839,10.3808313267943
anoCar2 (n=63514),0.746311563135874,10.1705789845422
anoCar2 (n=63514),0.74736540223991,9.95268324310393
anoCar2 (n=63514),0.748419241343946,9.72632636094531
anoCar2 (n=63514),0.749473080447982,9.48901615612252
anoCar2 (n=63514),0.750526919552018,9.23722864762264
anoCar2 (n=63514),0.751580758656054,8.96965282195724
anoCar2 (n=63514),0.75263459776009,8.68843899325184
anoCar2 (n=63514),0.753688436864126,8.39691452391388
anoCar2 (n=63514),0.754742275968162,8.09937700265058
anoCar2 (n=63514),0.755796115072197,7.79993623768698
anoCar2 (n=63514),0.756849954176233,7.50147546585273
anoCar2 (n=63514),0.757903793280269,7.20500642256814
anoCar2 (n=63514),0.758957632384305,6.90957409448039
anoCar2 (n=63514),0.760011471488341,6.61272774682679
anoCar2 (n=63514),0.761065310592377,6.31143914745465
anoCar2 (n=63514),0.762119149696413,6.0032308575994
anoCar2 (n=63514),0.763172988800449,5.68676252651993
anoCar2 (n=63514),0.764226827904484,5.36524213516799
anoCar2 (n=63514),0.76528066700852,5.04349980768332
anoCar2 (n=63514),0.766334506112556,4.7280787176866
anoCar2 (n=63514),0.767388345216592,4.42636722677887
anoCar2 (n=63514),0.768442184320628,4.14568566062802
anoCar2 (n=63514),0.769496023424664,3.89249403310511
anoCar2 (n=63514),0.7705498625287,3.67183921842006
anoCar2 (n=63514),0.771603701632736,3.48710311085906
anoCar2 (n=63514),0.772657540736772,3.34005515877461
anoCar2 (n=63514),0.773711379840807,3.23116032049708
anoCar2 (n=63514),0.774765218944843,3.16210485760689
anoCar2 (n=63514),0.775819058048879,3.13194950137519
anoCar2 (n=63514),0.776872897152915,3.13842556902958
anoCar2 (n=63514),0.777926736256951,3.18152719845372
anoCar2 (n=63514),0.778980575360987,3.26147854564993
anoCar2 (n=63514),0.780034414465023,3.37841421944895
anoCar2 (n=63514),0.781088253569059,3.53197654529671
anoCar2 (n=63514),0.782142092673095,3.72094151214222
anoCar2 (n=63514),0.78319593177713,3.94298371520812
anoCar2 (n=63514),0.784249770881166,4.19466691824403
anoCar2 (n=63514),0.785303609985202,4.47170264455234
anoCar2 (n=63514),0.786357449089238,4.76952222086783
anoCar2 (n=63514),0.787411288193274,5.08501083337796
anoCar2 (n=63514),0.78846512729731,5.41323098793293
anoCar2 (n=63514),0.789518966401346,5.7526916391633
anoCar2 (n=63514),0.790572805505382,6.10293100273919
anoCar2 (n=63514),0.791626644609418,6.46381671639255
anoCar2 (n=63514),0.792680483713453,6.83462962280165
anoCar2 (n=63514),0.793734322817489,7.21315289446529
anoCar2 (n=63514),0.794788161921525,7.5949924222341
anoCar2 (n=63514),0.795842001025561,7.97330897682899
anoCar2 (n=63514),0.796895840129597,8.33905637896962
anoCar2 (n=63514),0.797949679233633,8.68170478882361
anoCar2 (n=63514),0.799003518337669,8.98764655755572
anoCar2 (n=63514),0.800057357441705,9.24568776905609
anoCar2 (n=63514),0.80111119654574,9.44961284888911
anoCar2 (n=63514),0.802165035649777,9.59342520592784
anoCar2 (n=63514),0.803218874753812,9.67257447277718
anoCar2 (n=63514),0.804272713857848,9.68335316148271
anoCar2 (n=63514),0.805326552961884,9.62237876366935
anoCar2 (n=63514),0.80638039206592,9.48639490375894
anoCar2 (n=63514),0.807434231169956,9.27253006770289
anoCar2 (n=63514),0.808488070273992,8.9790255107355
anoCar2 (n=63514),0.809541909378028,8.60630789100348
anoCar2 (n=63514),0.810595748482064,8.15772243198951
anoCar2 (n=63514),0.8116495875861,7.63706792888371
anoCar2 (n=63514),0.812703426690135,7.06619637386084
anoCar2 (n=63514),0.813757265794171,6.46312801615405
anoCar2 (n=63514),0.814811104898207,5.84795205369546
anoCar2 (n=63514),0.815864944002243,5.24098590081869
anoCar2 (n=63514),0.816918783106279,4.66093885961949
anoCar2 (n=63514),0.817972622210315,4.12335036016219
anoCar2 (n=63514),0.819026461314351,3.63949934724826
anoCar2 (n=63514),0.820080300418386,3.21588939659942
anoCar2 (n=63514),0.821134139522422,2.85431802739897
anoCar2 (n=63514),0.822187978626458,2.55245155059
anoCar2 (n=63514),0.823241817730494,2.30749511952148
anoCar2 (n=63514),0.82429565683453,2.10955262974922
anoCar2 (n=63514),0.825349495938566,1.94775303663278
anoCar2 (n=63514),0.826403335042602,1.81401159703506
anoCar2 (n=63514),0.827457174146638,1.70116652170889
anoCar2 (n=63514),0.828511013250674,1.60327665936009
anoCar2 (n=63514),0.829564852354709,1.51572081017415
anoCar2 (n=63514),0.830618691458746,1.43514573971423
anoCar2 (n=63514),0.831672530562781,1.3593128352221
anoCar2 (n=63514),0.832726369666817,1.28689025676199
anoCar2 (n=63514),0.833780208770853,1.21722997994047
anoCar2 (n=63514),0.834834047874889,1.15018478704705
anoCar2 (n=63514),0.835887886978925,1.08615645922568
anoCar2 (n=63514),0.836941726082961,1.02520940244329
anoCar2 (n=63514),0.837995565186997,0.967682283023383
anoCar2 (n=63514),0.839049404291033,0.913890021437057
anoCar2 (n=63514),0.840103243395068,0.864090327307512
anoCar2 (n=63514),0.841157082499104,0.818460933856121
anoCar2 (n=63514),0.84221092160314,0.777084266101551
anoCar2 (n=63514),0.843264760707176,0.739937756114599
anoCar2 (n=63514),0.844318599811212,0.706889120890166
anoCar2 (n=63514),0.845372438915248,0.677696624138187
anoCar2 (n=63514),0.846426278019284,0.652014659424911
anoCar2 (n=63514),0.84748011712332,0.629560400309139
anoCar2 (n=63514),0.848533956227356,0.609659521708697
anoCar2 (n=63514),0.849587795331391,0.591611476369124
anoCar2 (n=63514),0.850641634435427,0.574835200803501
anoCar2 (n=63514),0.851695473539463,0.558772558956214
anoCar2 (n=63514),0.852749312643499,0.542919350392298
anoCar2 (n=63514),0.853803151747535,0.526854683533028
anoCar2 (n=63514),0.854856990851571,0.51026665374571
anoCar2 (n=63514),0.855910829955607,0.492972059827064
anoCar2 (n=63514),0.856964669059643,0.4749278424109
anoCar2 (n=63514),0.858018508163679,0.456232120805638
anoCar2 (n=63514),0.859072347267714,0.43711281466721
anoCar2 (n=63514),0.86012618637175,0.417955663411402
anoCar2 (n=63514),0.861180025475786,0.39921453534634
anoCar2 (n=63514),0.862233864579822,0.381304693879217
anoCar2 (n=63514),0.863287703683858,0.364599302528216
anoCar2 (n=63514),0.864341542787894,0.349395529072751
anoCar2 (n=63514),0.86539538189193,0.335893506690844
anoCar2 (n=63514),0.866449220995966,0.324190434686558
anoCar2 (n=63514),0.867503060100001,0.314289998408738
anoCar2 (n=63514),0.868556899204037,0.306125271034845
anoCar2 (n=63514),0.869610738308073,0.299591549077296
anoCar2 (n=63514),0.870664577412109,0.294584362627659
anoCar2 (n=63514),0.871718416516145,0.291135908498635
anoCar2 (n=63514),0.872772255620181,0.289236624672643
anoCar2 (n=63514),0.873826094724217,0.28896895981165
anoCar2 (n=63514),0.874879933828253,0.290576126010743
anoCar2 (n=63514),0.875933772932289,0.294397623515525
anoCar2 (n=63514),0.876987612036325,0.300854545279679
anoCar2 (n=63514),0.87804145114036,0.310429314745804
anoCar2 (n=63514),0.879095290244396,0.323641597852334
anoCar2 (n=63514),0.880149129348432,0.34102156454346
anoCar2 (n=63514),0.881202968452468,0.363081039140505
anoCar2 (n=63514),0.882256807556504,0.390282494318374
anoCar2 (n=63514),0.88331064666054,0.423090769309977
anoCar2 (n=63514),0.884364485764576,0.462209735815947
anoCar2 (n=63514),0.885418324868612,0.507155173918422
anoCar2 (n=63514),0.886472163972647,0.557717341606241
anoCar2 (n=63514),0.887526003076683,0.613423400232931
anoCar2 (n=63514),0.888579842180719,0.67351035698907
anoCar2 (n=63514),0.889633681284755,0.736912714780755
anoCar2 (n=63514),0.890687520388791,0.802269279913509
anoCar2 (n=63514),0.891741359492827,0.867952245067104
anoCar2 (n=63514),0.892795198596863,0.932119781842711
anoCar2 (n=63514),0.893849037700899,0.99279111032005
anoCar2 (n=63514),0.894902876804935,1.04794055216789
anoCar2 (n=63514),0.895956715908971,1.09494839301588
anoCar2 (n=63514),0.897010555013006,1.13206702968249
anoCar2 (n=63514),0.898064394117042,1.1582260519532
anoCar2 (n=63514),0.899118233221078,1.17248312457998
anoCar2 (n=63514),0.900172072325114,1.17434820460546
anoCar2 (n=63514),0.90122591142915,1.16379990543121
anoCar2 (n=63514),0.902279750533186,1.14127366151074
anoCar2 (n=63514),0.903333589637222,1.1076245444338
anoCar2 (n=63514),0.904387428741258,1.06406917173321
anoCar2 (n=63514),0.905441267845293,1.01211218572983
anoCar2 (n=63514),0.906495106949329,0.953463243828646
anoCar2 (n=63514),0.907548946053365,0.889902278521274
anoCar2 (n=63514),0.908602785157401,0.823339708760121
anoCar2 (n=63514),0.909656624261437,0.755967719510098
anoCar2 (n=63514),0.910710463365473,0.689405376333288
anoCar2 (n=63514),0.911764302469509,0.625075491974144
anoCar2 (n=63514),0.912818141573545,0.564169376091572
anoCar2 (n=63514),0.913871980677581,0.507624332638918
anoCar2 (n=63514),0.914925819781616,0.456113786320809
anoCar2 (n=63514),0.915979658885652,0.410049614903478
anoCar2 (n=63514),0.917033497989688,0.369595899759872
anoCar2 (n=63514),0.918087337093724,0.334692890079927
anoCar2 (n=63514),0.91914117619776,0.305089523304299
anoCar2 (n=63514),0.920195015301796,0.280687482737882
anoCar2 (n=63514),0.921248854405832,0.260698955147206
anoCar2 (n=63514),0.922302693509868,0.244376985078872
anoCar2 (n=63514),0.923356532613903,0.231136118648565
anoCar2 (n=63514),0.924410371717939,0.220419018669337
anoCar2 (n=63514),0.925464210821975,0.21172034270754
anoCar2 (n=63514),0.926518049926011,0.20460267698233
anoCar2 (n=63514),0.927571889030047,0.19870462596646
anoCar2 (n=63514),0.928625728134083,0.19374169552601
anoCar2 (n=63514),0.929679567238119,0.189501071328328
anoCar2 (n=63514),0.930733406342155,0.185831763633723
anoCar2 (n=63514),0.931787245446191,0.182639825669872
anoCar2 (n=63514),0.932841084550227,0.179878555441725
anoCar2 (n=63514),0.933894923654262,0.17746820280379
anoCar2 (n=63514),0.934948762758298,0.175376765822042
anoCar2 (n=63514),0.936002601862334,0.173575546341188
anoCar2 (n=63514),0.93705644096637,0.172037594770975
anoCar2 (n=63514),0.938110280070406,0.170738237754584
anoCar2 (n=63514),0.939164119174442,0.169656576044338
anoCar2 (n=63514),0.940217958278478,0.168776824702129
anoCar2 (n=63514),0.941271797382513,0.168088543381813
anoCar2 (n=63514),0.942325636486549,0.167585143651072
anoCar2 (n=63514),0.943379475590585,0.167260525961032
anoCar2 (n=63514),0.944433314694621,0.167114624846012
anoCar2 (n=63514),0.945487153798657,0.167113183207936
anoCar2 (n=63514),0.946540992902693,0.167210383063043
anoCar2 (n=63514),0.947594832006729,0.167350555090265
anoCar2 (n=63514),0.948648671110765,0.167466320065669
anoCar2 (n=63514),0.949702510214801,0.167484497492579
anoCar2 (n=63514),0.950756349318837,0.167333490722119
anoCar2 (n=63514),0.951810188422872,0.166950777488327
anoCar2 (n=63514),0.952864027526908,0.166289111973499
anoCar2 (n=63514),0.953917866630944,0.16532026612441
anoCar2 (n=63514),0.95497170573498,0.164035575032466
anoCar2 (n=63514),0.956025544839016,0.162436655324403
anoCar2 (n=63514),0.957079383943052,0.160528973772276
anoCar2 (n=63514),0.958133223047088,0.158360301034813
anoCar2 (n=63514),0.959187062151124,0.15594790575695
anoCar2 (n=63514),0.96024090125516,0.153301175254176
anoCar2 (n=63514),0.961294740359195,0.150421729260774
anoCar2 (n=63514),0.962348579463231,0.147305965909361
anoCar2 (n=63514),0.963402418567267,0.143949135316752
anoCar2 (n=63514),0.964456257671303,0.140349792085911
anoCar2 (n=63514),0.965510096775339,0.136513459092602
anoCar2 (n=63514),0.966563935879375,0.1324545294041
anoCar2 (n=63514),0.967617774983411,0.128195816543734
anoCar2 (n=63514),0.968671614087447,0.123755091644761
anoCar2 (n=63514),0.969725453191483,0.119172492071895
anoCar2 (n=63514),0.970779292295519,0.114473760806239
anoCar2 (n=63514),0.971833131399554,0.109670640424259
anoCar2 (n=63514),0.97288697050359,0.104766854391986
anoCar2 (n=63514),0.973940809607626,0.0997634903977645
anoCar2 (n=63514),0.974994648711662,0.0946689407708949
anoCar2 (n=63514),0.976048487815698,0.0895133641045795
anoCar2 (n=63514),0.977102326919734,0.0843673106097441
anoCar2 (n=63514),0.97815616602377,0.0793638519724793
anoCar2 (n=63514),0.979210005127806,0.0747232443356702
anoCar2 (n=63514),0.980263844231841,0.0708110741201835
anoCar2 (n=63514),0.981317683335877,0.0682676356443895
anoCar2 (n=63514),0.982371522439913,0.0677340816046896
anoCar2 (n=63514),0.983425361543949,0.0700749468160866
anoCar2 (n=63514),0.984479200647985,0.0763006565147236
anoCar2 (n=63514),0.985533039752021,0.0875193164651355
anoCar2 (n=63514),0.986586878856057,0.104856322123615
anoCar2 (n=63514),0.987640717960093,0.129340596883979
anoCar2 (n=63514),0.988694557064129,0.161761256422969
anoCar2 (n=63514),0.989748396168164,0.20250451081125
anoCar2 (n=63514),0.9908022352722,0.251387046261195
anoCar2 (n=63514),0.991856074376236,0.307508254750764
anoCar2 (n=63514),0.992909913480272,0.369326465935232
anoCar2 (n=63514),0.993963752584308,0.433439992005106
anoCar2 (n=63514),0.995017591688344,0.496221817927628
anoCar2 (n=63514),0.99607143079238,0.553822780392616
anoCar2 (n=63514),0.997125269896416,0.602389016376105
anoCar2 (n=63514),0.998179109000452,0.638449599119709
anoCar2 (n=63514),0.999232948104487,0.659287213340488
anoCar2 (n=63514),1.00028678720852,0.663241629649868
anoCar2 (n=63514),1.00134062631256,0.64990324116024
anoCar2 (n=63514),1.0023944654166,0.620167536692141
anoCar2 (n=63514),1.00344830452063,0.576139677016669
anoCar2 (n=63514),1.00450214362467,0.520704359581131
anoCar2 (n=63514),1.0055559827287,0.457806459743904
anoCar2 (n=63514),1.00660982183274,0.392158203092485
anoCar2 (n=63514),1.00766366093677,0.327263958296099
anoCar2 (n=63514),1.00871750004081,0.266020826385113
anoCar2 (n=63514),1.00977133914485,0.210569388490858
anoCar2 (n=63514),1.01082517824888,0.162249510008358
anoCar2 (n=63514),1.01187901735292,0.121646406635813
anoCar2 (n=63514),1.01293285645695,0.0887040298967968
anoCar2 (n=63514),1.01398669556099,0.062879009541442
anoCar2 (n=63514),1.01504053466503,0.0433085566279214
anoCar2 (n=63514),1.01609437376906,0.028969339422796
anoCar2 (n=63514),1.0171482128731,0.0190598550748882
anoCar2 (n=63514),1.01820205197713,0.012254270354714
anoCar2 (n=63514),1.01925589108117,0.00766866477490059
bearded_dragon (n=70873),0.482067402298124,1.09176700984335e-05
bearded_dragon (n=70873),0.483116062171713,1.82336495092846e-05
bearded_dragon (n=70873),0.484164722045301,2.9448151837059e-05
bearded_dragon (n=70873),0.48521338191889,4.60162202307921e-05
bearded_dragon (n=70873),0.486262041792478,6.96099984129478e-05
bearded_dragon (n=70873),0.487310701666067,0.000101996432135582
bearded_dragon (n=70873),0.488359361539655,0.000144841689526942
bearded_dragon (n=70873),0.489408021413244,0.00019944734286436
bearded_dragon (n=70873),0.490456681286832,0.000266438942659599
bearded_dragon (n=70873),0.491505341160421,0.000345444317588524
bearded_dragon (n=70873),0.49255400103401,0.00043481398392403
bearded_dragon (n=70873),0.493602660907598,0.000531446253103343
bearded_dragon (n=70873),0.494651320781187,0.000630525604630912
bearded_dragon (n=70873),0.495699980654775,0.000725211691427445
bearded_dragon (n=70873),0.496748640528364,0.000808926343727544
bearded_dragon (n=70873),0.497797300401952,0.000875558157761672
bearded_dragon (n=70873),0.498845960275541,0.000920205372917787
bearded_dragon (n=70873),0.499894620149129,0.000939937945699987
bearded_dragon (n=70873),0.500943280022718,0.00093438993595721
bearded_dragon (n=70873),0.501991939896306,0.000906110409557195
bearded_dragon (n=70873),0.503040599769895,0.000860640173895366
bearded_dragon (n=70873),0.504089259643484,0.00080632079450676
bearded_dragon (n=70873),0.505137919517072,0.000753873603007624
bearded_dragon (n=70873),0.506186579390661,0.000715803141862455
bearded_dragon (n=70873),0.507235239264249,0.000707433549355106
bearded_dragon (n=70873),0.508283899137838,0.000745252996942363
bearded_dragon (n=70873),0.509332559011426,0.000839986444289622
bearded_dragon (n=70873),0.510381218885015,0.00100155076558835
bearded_dragon (n=70873),0.511429878758603,0.00123607607335665
bearded_dragon (n=70873),0.512478538632192,0.00154453340833512
bearded_dragon (n=70873),0.513527198505781,0.00192150738858582
bearded_dragon (n=70873),0.514575858379369,0.00235436558345651
bearded_dragon (n=70873),0.515624518252958,0.00282309595541286
bearded_dragon (n=70873),0.516673178126546,0.0033010463345853
bearded_dragon (n=70873),0.517721838000135,0.00375670280466504
bearded_dragon (n=70873),0.518770497873723,0.00415649308489292
bearded_dragon (n=70873),0.519819157747312,0.00446608479637473
bearded_dragon (n=70873),0.520867817620901,0.00465062343888909
bearded_dragon (n=70873),0.521916477494489,0.00470460710647515
bearded_dragon (n=70873),0.522965137368078,0.00462887696132112
bearded_dragon (n=70873),0.524013797241666,0.00443805449452106
bearded_dragon (n=70873),0.525062457115255,0.00415954437652725
bearded_dragon (n=70873),0.526111116988843,0.00383122822334915
bearded_dragon (n=70873),0.527159776862432,0.00349822872637634
bearded_dragon (n=70873),0.52820843673602,0.00320917278098463
bearded_dragon (n=70873),0.529257096609609,0.00301234660950628
bearded_dragon (n=70873),0.530305756483197,0.00295203828186714
bearded_dragon (n=70873),0.531354416356786,0.00306523412205233
bearded_dragon (n=70873),0.532403076230375,0.00337871255234643
bearded_dragon (n=70873),0.533451736103963,0.00392688424115823
bearded_dragon (n=70873),0.534500395977552,0.00468330439656667
bearded_dragon (n=70873),0.53554905585114,0.00562414594222592
bearded_dragon (n=70873),0.536597715724729,0.00670873125060386
bearded_dragon (n=70873),0.537646375598317,0.00788115639895398
bearded_dragon (n=70873),0.538695035471906,0.00907383374222545
bearded_dragon (n=70873),0.539743695345495,0.010213007313834
bearded_dragon (n=70873),0.540792355219083,0.0112260142870497
bearded_dragon (n=70873),0.541841015092672,0.0120497483587382
bearded_dragon (n=70873),0.54288967496626,0.0126395011865508
bearded_dragon (n=70873),0.543938334839849,0.0129771617830173
bearded_dragon (n=70873),0.544986994713437,0.0130776801388264
bearded_dragon (n=70873),0.546035654587026,0.0129872005022642
bearded_dragon (n=70873),0.547084314460614,0.0128234932923804
bearded_dragon (n=70873),0.548132974334203,0.0127191411177764
bearded_dragon (n=70873),0.549181634207792,0.0128216990171427
bearded_dragon (n=70873),0.55023029408138,0.0132846376328462
bearded_dragon (n=70873),0.551278953954969,0.0142530145235132
bearded_dragon (n=70873),0.552327613828557,0.0158484357363801
bearded_dragon (n=70873),0.553376273702146,0.0181543319621373
bearded_dragon (n=70873),0.554424933575734,0.0212026468642666
bearded_dragon (n=70873),0.555473593449323,0.0249631318088854
bearded_dragon (n=70873),0.556522253322911,0.029336545259339
bearded_dragon (n=70873),0.5575709131965,0.0341531313345497
bearded_dragon (n=70873),0.558619573070089,0.0391700498267833
bearded_dragon (n=70873),0.559668232943677,0.0440479116611129
bearded_dragon (n=70873),0.560716892817266,0.0484644903617326
bearded_dragon (n=70873),0.561765552690854,0.052123110718639
bearded_dragon (n=70873),0.562814212564443,0.0547802868598262
bearded_dragon (n=70873),0.563862872438031,0.0562791365671372
bearded_dragon (n=70873),0.56491153231162,0.0565763881391837
bearded_dragon (n=70873),0.565960192185209,0.0557588865562168
bearded_dragon (n=70873),0.567008852058797,0.0540465424435268
bearded_dragon (n=70873),0.568057511932386,0.0517801520501356
bearded_dragon (n=70873),0.569106171805974,0.0493942512902469
bearded_dragon (n=70873),0.570154831679563,0.0473769309712971
bearded_dragon (n=70873),0.571203491553151,0.0462703634440075
bearded_dragon (n=70873),0.57225215142674,0.0465900743322744
bearded_dragon (n=70873),0.573300811300328,0.0485619598117318
bearded_dragon (n=70873),0.574349471173917,0.0522967558391134
bearded_dragon (n=70873),0.575398131047505,0.0577144745396054
bearded_dragon (n=70873),0.576446790921094,0.0645416840767625
bearded_dragon (n=70873),0.577495450794682,0.0723307351315555
bearded_dragon (n=70873),0.578544110668271,0.0805012659416617
bearded_dragon (n=70873),0.57959277054186,0.0884017815578834
bearded_dragon (n=70873),0.580641430415448,0.0953862639350807
bearded_dragon (n=70873),0.581690090289037,0.10089799136111
bearded_dragon (n=70873),0.582738750162625,0.104550455524747
bearded_dragon (n=70873),0.583787410036214,0.106162604014063
bearded_dragon (n=70873),0.584836069909802,0.105806549221155
bearded_dragon (n=70873),0.585884729783391,0.104139477924877
bearded_dragon (n=70873),0.58693338965698,0.101862544219946
bearded_dragon (n=70873),0.587982049530568,0.0997915787467742
bearded_dragon (n=70873),0.589030709404157,0.0987473413388179
bearded_dragon (n=70873),0.590079369277745,0.099441310712607
bearded_dragon (n=70873),0.591128029151334,0.102371591275744
bearded_dragon (n=70873),0.592176689024922,0.107742643698141
bearded_dragon (n=70873),0.593225348898511,0.115420318795279
bearded_dragon (n=70873),0.594274008772099,0.124930211219094
bearded_dragon (n=70873),0.595322668645688,0.13550280335517
bearded_dragon (n=70873),0.596371328519277,0.14616343236105
bearded_dragon (n=70873),0.597419988392865,0.155661297505313
bearded_dragon (n=70873),0.598468648266454,0.163072131042629
bearded_dragon (n=70873),0.599517308140042,0.167775620711222
bearded_dragon (n=70873),0.600565968013631,0.169522558913337
bearded_dragon (n=70873),0.601614627887219,0.168475359609357
bearded_dragon (n=70873),0.602663287760808,0.165185459044753
bearded_dragon (n=70873),0.603711947634396,0.160514458126102
bearded_dragon (n=70873),0.604760607507985,0.155510776796623
bearded_dragon (n=70873),0.605809267381574,0.151259673827772
bearded_dragon (n=70873),0.606857927255162,0.148727971556319
bearded_dragon (n=70873),0.607906587128751,0.148625400059525
bearded_dragon (n=70873),0.608955247002339,0.151302128600953
bearded_dragon (n=70873),0.610003906875928,0.156853523223739
bearded_dragon (n=70873),0.611052566749516,0.164542519618652
bearded_dragon (n=70873),0.612101226623105,0.173444773577802
bearded_dragon (n=70873),0.613149886496693,0.182553564917878
bearded_dragon (n=70873),0.614198546370282,0.19086223066226
bearded_dragon (n=70873),0.615247206243871,0.197499531656006
bearded_dragon (n=70873),0.616295866117459,0.20183779899867
bearded_dragon (n=70873),0.617344525991048,0.203560146510409
bearded_dragon (n=70873),0.618393185864636,0.202679348980061
bearded_dragon (n=70873),0.619441845738225,0.19950821586667
bearded_dragon (n=70873),0.620490505611813,0.194588539052381
bearded_dragon (n=70873),0.621539165485402,0.188592003683173
bearded_dragon (n=70873),0.62258782535899,0.182227001665867
bearded_dragon (n=70873),0.623636485232579,0.176170581985046
bearded_dragon (n=70873),0.624685145106168,0.170831337572331
bearded_dragon (n=70873),0.625733804979756,0.166421311004252
bearded_dragon (n=70873),0.626782464853345,0.162993867336508
bearded_dragon (n=70873),0.627831124726933,0.160487108747034
bearded_dragon (n=70873),0.628879784600522,0.158775074090663
bearded_dragon (n=70873),0.62992844447411,0.157715143218762
bearded_dragon (n=70873),0.630977104347699,0.157183488720704
bearded_dragon (n=70873),0.632025764221288,0.157095051410847
bearded_dragon (n=70873),0.633074424094876,0.157409387338704
bearded_dragon (n=70873),0.634123083968465,0.158127856517951
bearded_dragon (n=70873),0.635171743842053,0.159308985767548
bearded_dragon (n=70873),0.636220403715642,0.161073797991188
bearded_dragon (n=70873),0.63726906358923,0.163561959823519
bearded_dragon (n=70873),0.638317723462819,0.167031136677647
bearded_dragon (n=70873),0.639366383336407,0.171839493862537
bearded_dragon (n=70873),0.640415043209996,0.178432584656478
bearded_dragon (n=70873),0.641463703083584,0.187297949504082
bearded_dragon (n=70873),0.642512362957173,0.19888660682827
bearded_dragon (n=70873),0.643561022830762,0.213509717401186
bearded_dragon (n=70873),0.64460968270435,0.231227658056261
bearded_dragon (n=70873),0.645658342577939,0.251755756909094
bearded_dragon (n=70873),0.646707002451527,0.274414325143219
bearded_dragon (n=70873),0.647755662325116,0.298142958536852
bearded_dragon (n=70873),0.648804322198704,0.321428939761384
bearded_dragon (n=70873),0.649852982072293,0.34287648674648
bearded_dragon (n=70873),0.650901641945881,0.361520388762062
bearded_dragon (n=70873),0.65195030181947,0.376985862028477
bearded_dragon (n=70873),0.652998961693059,0.389650976467857
bearded_dragon (n=70873),0.654047621566647,0.400679251165438
bearded_dragon (n=70873),0.655096281440236,0.411899763541763
bearded_dragon (n=70873),0.656144941313824,0.425539234906553
bearded_dragon (n=70873),0.657193601187413,0.443839051716537
bearded_dragon (n=70873),0.658242261061001,0.468615835070315
bearded_dragon (n=70873),0.65929092093459,0.50084293918803
bearded_dragon (n=70873),0.660339580808179,0.540338386780345
bearded_dragon (n=70873),0.661388240681767,0.585867140445798
bearded_dragon (n=70873),0.662436900555356,0.63388540209294
bearded_dragon (n=70873),0.663485560428944,0.681018684600194
bearded_dragon (n=70873),0.664534220302533,0.724121134541588
bearded_dragon (n=70873),0.665582880176121,0.760899380988267
bearded_dragon (n=70873),0.66663154004971,0.790441182264711
bearded_dragon (n=70873),0.667680199923298,0.813506456270267
bearded_dragon (n=70873),0.668728859796887,0.832508820023
bearded_dragon (n=70873),0.669777519670475,0.851168098134854
bearded_dragon (n=70873),0.670826179544064,0.873873012552931
bearded_dragon (n=70873),0.671874839417653,0.904850296710074
bearded_dragon (n=70873),0.672923499291241,0.947283197196232
bearded_dragon (n=70873),0.67397215916483,1.0033599116098
bearded_dragon (n=70873),0.675020819038418,1.07097642606802
bearded_dragon (n=70873),0.676069478912007,1.14607895878702
bearded_dragon (n=70873),0.677118138785595,1.22363924581159
bearded_dragon (n=70873),0.678166798659184,1.2983543054611
bearded_dragon (n=70873),0.679215458532772,1.36577249431383
bearded_dragon (n=70873),0.680264118406361,1.42329820137492
bearded_dragon (n=70873),0.68131277827995,1.47087522406865
bearded_dragon (n=70873),0.682361438153538,1.51120002170529
bearded_dragon (n=70873),0.683410098027127,1.54939362323976
bearded_dragon (n=70873),0.684458757900715,1.5921547459238
bearded_dragon (n=70873),0.685507417774304,1.64651428545353
bearded_dragon (n=70873),0.686556077647892,1.71947709346527
bearded_dragon (n=70873),0.687604737521481,1.81420784740669
bearded_dragon (n=70873),0.688653397395069,1.92862357436141
bearded_dragon (n=70873),0.689702057268658,2.05799821983476
bearded_dragon (n=70873),0.690750717142247,2.19498487833982
bearded_dragon (n=70873),0.691799377015835,2.33098174343648
bearded_dragon (n=70873),0.692848036889424,2.45777251658245
bearded_dragon (n=70873),0.693896696763012,2.56913641509787
bearded_dragon (n=70873),0.694945356636601,2.66212164199993
bearded_dragon (n=70873),0.695994016510189,2.73772499322822
bearded_dragon (n=70873),0.697042676383778,2.80081363753375
bearded_dragon (n=70873),0.698091336257367,2.85925282725318
bearded_dragon (n=70873),0.699139996130955,2.9227982796849
bearded_dragon (n=70873),0.700188656004544,3.00142298698793
bearded_dragon (n=70873),0.701237315878132,3.0995305780437
bearded_dragon (n=70873),0.702285975751721,3.21743629408691
bearded_dragon (n=70873),0.703334635625309,3.35095145651979
bearded_dragon (n=70873),0.704383295498898,3.49225894032016
bearded_dragon (n=70873),0.705431955372486,3.63158010221357
bearded_dragon (n=70873),0.706480615246075,3.75931489744398
bearded_dragon (n=70873),0.707529275119664,3.86825108007504
bearded_dragon (n=70873),0.708577934993252,3.95542443679897
bearded_dragon (n=70873),0.709626594866841,4.02327070897745
bearded_dragon (n=70873),0.710675254740429,4.07983332252731
bearded_dragon (n=70873),0.711723914614018,4.13818691783424
bearded_dragon (n=70873),0.712772574487606,4.21773795646212
bearded_dragon (n=70873),0.713821234361195,4.3345833724079
bearded_dragon (n=70873),0.714869894234783,4.50235485838701
bearded_dragon (n=70873),0.715918554108372,4.73034656688199
bearded_dragon (n=70873),0.716967213981961,5.02244095056507
bearded_dragon (n=70873),0.718015873855549,5.37668791700797
bearded_dragon (n=70873),0.719064533729138,5.78546928795796
bearded_dragon (n=70873),0.720113193602726,6.23615459839646
bearded_dragon (n=70873),0.721161853476315,6.71216507114061
bearded_dragon (n=70873),0.722210513349903,7.19439001180208
bearded_dragon (n=70873),0.723259173223492,7.66292157242853
bearded_dragon (n=70873),0.72430783309708,8.09906656859737
bearded_dragon (n=70873),0.725356492970669,8.48241323102636
bearded_dragon (n=70873),0.726405152844257,8.80790262848255
bearded_dragon (n=70873),0.727453812717846,9.07622968672861
bearded_dragon (n=70873),0.728502472591435,9.29501529321312
bearded_dragon (n=70873),0.729551132465023,9.47767715717267
bearded_dragon (n=70873),0.730599792338612,9.64065003276385
bearded_dragon (n=70873),0.7316484522122,9.79983782206446
bearded_dragon (n=70873),0.732697112085789,9.96699305359673
bearded_dragon (n=70873),0.733745771959377,10.1468124240066
bearded_dragon (n=70873),0.734794431832966,10.3354623467013
bearded_dragon (n=70873),0.735843091706554,10.5210042354705
bearded_dragon (n=70873),0.736891751580143,10.6858001262529
bearded_dragon (n=70873),0.737940411453732,10.806521520759
bearded_dragon (n=70873),0.73898907132732,10.8680199881012
bearded_dragon (n=70873),0.740037731200909,10.8656876544021
bearded_dragon (n=70873),0.741086391074497,10.802929224301
bearded_dragon (n=70873),0.742135050948086,10.6909238487846
bearded_dragon (n=70873),0.743183710821674,10.5454546699131
bearded_dragon (n=70873),0.744232370695263,10.3829238070795
bearded_dragon (n=70873),0.745281030568852,10.2166086863104
bearded_dragon (n=70873),0.74632969044244,10.0540849586743
bearded_dragon (n=70873),0.747378350316029,9.89640336391842
bearded_dragon (n=70873),0.748427010189617,9.73913952800279
bearded_dragon (n=70873),0.749475670063206,9.57493388247228
bearded_dragon (n=70873),0.750524329936794,9.3958575583917
bearded_dragon (n=70873),0.751572989810383,9.19834422059708
bearded_dragon (n=70873),0.752621649683971,8.98531260726969
bearded_dragon (n=70873),0.75367030955756,8.76235688027743
bearded_dragon (n=70873),0.754718969431148,8.53606058691408
bearded_dragon (n=70873),0.755767629304737,8.31138273034627
bearded_dragon (n=70873),0.756816289178326,8.08961221139759
bearded_dragon (n=70873),0.757864949051914,7.86745457637054
bearded_dragon (n=70873),0.758913608925503,7.63747240744309
bearded_dragon (n=70873),0.759962268799091,7.3897404606295
bearded_dragon (n=70873),0.76101092867268,7.11427343949483
bearded_dragon (n=70873),0.762059588546268,6.80359911409293
bearded_dragon (n=70873),0.763108248419857,6.45384223386471
bearded_dragon (n=70873),0.764156908293445,6.06764665215166
bearded_dragon (n=70873),0.765205568167034,5.65716307974799
bearded_dragon (n=70873),0.766254228040623,5.23501694356918
bearded_dragon (n=70873),0.767302887914211,4.81494913279873
bearded_dragon (n=70873),0.7683515477878,4.41001692959853
bearded_dragon (n=70873),0.769400207661388,4.03126313158915
bearded_dragon (n=70873),0.770448867534977,3.68697533298725
bearded_dragon (n=70873),0.771497527408565,3.38252063786975
bearded_dragon (n=70873),0.772546187282154,3.12064348095058
bearded_dragon (n=70873),0.773594847155743,2.90206153761768
bearded_dragon (n=70873),0.774643507029331,2.7261849478095
bearded_dragon (n=70873),0.77569216690292,2.5921551184388
bearded_dragon (n=70873),0.776740826776508,2.50183364578342
bearded_dragon (n=70873),0.777789486650097,2.45064390172423
bearded_dragon (n=70873),0.778838146523685,2.43802727504587
bearded_dragon (n=70873),0.779886806397274,2.46350639380588
bearded_dragon (n=70873),0.780935466270862,2.52635672148747
bearded_dragon (n=70873),0.781984126144451,2.62528926639872
bearded_dragon (n=70873),0.78303278601804,2.75826056301848
bearded_dragon (n=70873),0.784081445891628,2.92250545888441
bearded_dragon (n=70873),0.785130105765217,3.11483879199422
bearded_dragon (n=70873),0.786178765638805,3.33220020897658
bearded_dragon (n=70873),0.787227425512394,3.57233382220217
bearded_dragon (n=70873),0.788276085385982,3.83441773279514
bearded_dragon (n=70873),0.789324745259571,4.12166520230372
bearded_dragon (n=70873),0.79037340513316,4.43529020610872
bearded_dragon (n=70873),0.791422065006748,4.77793227090805
bearded_dragon (n=70873),0.792470724880336,5.1511096346219
bearded_dragon (n=70873),0.793519384753925,5.55355988320211
bearded_dragon (n=70873),0.794568044627514,5.98032433050921
bearded_dragon (n=70873),0.795616704501102,6.42259095348878
bearded_dragon (n=70873),0.796665364374691,6.86838587322617
bearded_dragon (n=70873),0.797714024248279,7.30398090919809
bearded_dragon (n=70873),0.798762684121868,7.71568320105455
bearded_dragon (n=70873),0.799811343995456,8.09153986570247
bearded_dragon (n=70873),0.800860003869045,8.42246717489577
bearded_dragon (n=70873),0.801908663742634,8.69874335632877
bearded_dragon (n=70873),0.802957323616222,8.91767642029501
bearded_dragon (n=70873),0.804005983489811,9.07684097456175
bearded_dragon (n=70873),0.805054643363399,9.17030583000394
bearded_dragon (n=70873),0.806103303236988,9.18977743234952
bearded_dragon (n=70873),0.807151963110576,9.12534058101195
bearded_dragon (n=70873),0.808200622984165,8.96730392771727
bearded_dragon (n=70873),0.809249282857753,8.70872495495218
bearded_dragon (n=70873),0.810297942731342,8.34799889586654
bearded_dragon (n=70873),0.811346602604931,7.89085488041345
bearded_dragon (n=70873),0.812395262478519,7.35121304556505
bearded_dragon (n=70873),0.813443922352108,6.75059743128181
bearded_dragon (n=70873),0.814492582225696,6.11612756417195
bearded_dragon (n=70873),0.815541242099285,5.48174406150707
bearded_dragon (n=70873),0.816589901972873,4.87601924523975
bearded_dragon (n=70873),0.817638561846462,4.32048577274635
bearded_dragon (n=70873),0.81868722172005,3.82974061511414
bearded_dragon (n=70873),0.819735881593639,3.41099695376399
bearded_dragon (n=70873),0.820784541467227,3.06461680116421
bearded_dragon (n=70873),0.821833201340816,2.785363154383
bearded_dragon (n=70873),0.822881861214405,2.56406348748087
bearded_dragon (n=70873),0.823930521087993,2.38938569516746
bearded_dragon (n=70873),0.824979180961582,2.24947783770659
bearded_dragon (n=70873),0.82602784083517,2.13329730226074
bearded_dragon (n=70873),0.827076500708759,2.03171214980358
bearded_dragon (n=70873),0.828125160582347,1.93739012507416
bearded_dragon (n=70873),0.829173820455936,1.84533963619675
bearded_dragon (n=70873),0.830222480329524,1.75354338622493
bearded_dragon (n=70873),0.831271140203113,1.66149865286481
bearded_dragon (n=70873),0.832319800076702,1.56975740432567
bearded_dragon (n=70873),0.83336845995029,1.47950155477045
bearded_dragon (n=70873),0.834417119823879,1.39219012161248
bearded_dragon (n=70873),0.835465779697467,1.30929393653635
bearded_dragon (n=70873),0.836514439571056,1.23211660240085
bearded_dragon (n=70873),0.837563099444644,1.16168888927439
bearded_dragon (n=70873),0.838611759318233,1.09871819255903
bearded_dragon (n=70873),0.839660419191822,1.04362008942383
bearded_dragon (n=70873),0.84070907906541,0.997074021706775
bearded_dragon (n=70873),0.841757738938999,0.957994554326971
bearded_dragon (n=70873),0.842806398812587,0.925767560598177
bearded_dragon (n=70873),0.843855058686176,0.899577127219949
bearded_dragon (n=70873),0.844903718559764,0.878461151834875
bearded_dragon (n=70873),0.845952378433353,0.861371130420553
bearded_dragon (n=70873),0.847001038306942,0.847232182537183
bearded_dragon (n=70873),0.84804969818053,0.83499917823136
bearded_dragon (n=70873),0.849098358054119,0.823705369783683
bearded_dragon (n=70873),0.850147017927707,0.812501076572115
bearded_dragon (n=70873),0.851195677801296,0.800681516950183
bearded_dragon (n=70873),0.852244337674884,0.787704541601927
bearded_dragon (n=70873),0.853292997548473,0.773057362784354
bearded_dragon (n=70873),0.854341657422061,0.756674911538944
bearded_dragon (n=70873),0.85539031729565,0.73862775829833
bearded_dragon (n=70873),0.856438977169239,0.719134323092774
bearded_dragon (n=70873),0.857487637042827,0.698567978318423
bearded_dragon (n=70873),0.858536296916416,0.677430314687247
bearded_dragon (n=70873),0.859584956790004,0.656311307473235
bearded_dragon (n=70873),0.860633616663593,0.63583770404826
bearded_dragon (n=70873),0.861682276537181,0.61661386892197
bearded_dragon (n=70873),0.86273093641077,0.599161773718349
bearded_dragon (n=70873),0.863779596284358,0.583868260461217
bearded_dragon (n=70873),0.864828256157947,0.570947720462877
bearded_dragon (n=70873),0.865876916031535,0.560565807452081
bearded_dragon (n=70873),0.866925575905124,0.55245165249948
bearded_dragon (n=70873),0.867974235778713,0.546204176818017
bearded_dragon (n=70873),0.869022895652301,0.541449704039669
bearded_dragon (n=70873),0.87007155552589,0.537821719934187
bearded_dragon (n=70873),0.871120215399478,0.535017371520262
bearded_dragon (n=70873),0.872168875273067,0.532842153157098
bearded_dragon (n=70873),0.873217535146655,0.531238946729741
bearded_dragon (n=70873),0.874266195020244,0.530300021880255
bearded_dragon (n=70873),0.875314854893832,0.530262922561656
bearded_dragon (n=70873),0.876363514767421,0.531493146592001
bearded_dragon (n=70873),0.87741217464101,0.534457978256705
bearded_dragon (n=70873),0.878460834514598,0.539824351768201
bearded_dragon (n=70873),0.879509494388187,0.548303037167095
bearded_dragon (n=70873),0.880558154261775,0.560372708036237
bearded_dragon (n=70873),0.881606814135364,0.576638259325367
bearded_dragon (n=70873),0.882655474008952,0.597696654509864
bearded_dragon (n=70873),0.883704133882541,0.624126677185665
bearded_dragon (n=70873),0.88475279375613,0.656471222230776
bearded_dragon (n=70873),0.885801453629718,0.695207519141574
bearded_dragon (n=70873),0.886850113503306,0.740702641358177
bearded_dragon (n=70873),0.887898773376895,0.793154435795109
bearded_dragon (n=70873),0.888947433250484,0.852521230108216
bearded_dragon (n=70873),0.889996093124072,0.918446902270092
bearded_dragon (n=70873),0.891044752997661,0.990292408667159
bearded_dragon (n=70873),0.892093412871249,1.06686891215964
bearded_dragon (n=70873),0.893142072744838,1.14593904099573
bearded_dragon (n=70873),0.894190732618426,1.22528005763907
bearded_dragon (n=70873),0.895239392492015,1.30233486001128
bearded_dragon (n=70873),0.896288052365604,1.37433386414689
bearded_dragon (n=70873),0.897336712239192,1.43844616677031
bearded_dragon (n=70873),0.898385372112781,1.49194846141275
bearded_dragon (n=70873),0.899434031986369,1.53239819232933
bearded_dragon (n=70873),0.900482691859958,1.55779665357489
bearded_dragon (n=70873),0.901531351733546,1.56672823213919
bearded_dragon (n=70873),0.902580011607135,1.55846373106515
bearded_dragon (n=70873),0.903628671480723,1.53297060216892
bearded_dragon (n=70873),0.904677331354312,1.48970273952589
bearded_dragon (n=70873),0.9057259912279,1.4319867253734
bearded_dragon (n=70873),0.906774651101489,1.36205868663491
bearded_dragon (n=70873),0.907823310975078,1.28254786853295
bearded_dragon (n=70873),0.908871970848666,1.19631214957914
bearded_dragon (n=70873),0.909920630722255,1.1062703499324
bearded_dragon (n=70873),0.910969290595843,1.01524316076432
bearded_dragon (n=70873),0.912017950469432,0.925813159622104
bearded_dragon (n=70873),0.91306661034302,0.840212378008987
bearded_dragon (n=70873),0.914115270216609,0.760243349431172
bearded_dragon (n=70873),0.915163930090197,0.687236623952276
bearded_dragon (n=70873),0.916212589963786,0.622044562833374
bearded_dragon (n=70873),0.917261249837375,0.565725563174244
bearded_dragon (n=70873),0.918309909710963,0.517686886672136
bearded_dragon (n=70873),0.919358569584552,0.477386374144049
bearded_dragon (n=70873),0.92040722945814,0.444218332907123
bearded_dragon (n=70873),0.921455889331729,0.417445035483001
bearded_dragon (n=70873),0.922504549205317,0.396259372149857
bearded_dragon (n=70873),0.923553209078906,0.379835319841132
bearded_dragon (n=70873),0.924601868952495,0.36736595288596
bearded_dragon (n=70873),0.925650528826083,0.358090041566234
bearded_dragon (n=70873),0.926699188699672,0.3513091343886
bearded_dragon (n=70873),0.92774784857326,0.346397417027854
bearded_dragon (n=70873),0.928796508446849,0.34280664146039
bearded_dragon (n=70873),0.929845168320437,0.340093178903954
bearded_dragon (n=70873),0.930893828194026,0.337808808880923
bearded_dragon (n=70873),0.931942488067614,0.33564208106174
bearded_dragon (n=70873),0.932991147941203,0.333389300444015
bearded_dragon (n=70873),0.934039807814792,0.330919209603694
bearded_dragon (n=70873),0.93508846768838,0.328165580996091
bearded_dragon (n=70873),0.936137127561969,0.325116459521282
bearded_dragon (n=70873),0.937185787435557,0.32180041217914
bearded_dragon (n=70873),0.938234447309146,0.31827089647113
bearded_dragon (n=70873),0.939283107182734,0.314590493647452
bearded_dragon (n=70873),0.940331767056323,0.310817112492102
bearded_dragon (n=70873),0.941380426929912,0.306994229651324
bearded_dragon (n=70873),0.9424290868035,0.303146050825113
bearded_dragon (n=70873),0.943477746677089,0.299280567995335
bearded_dragon (n=70873),0.944526406550677,0.295399127136785
bearded_dragon (n=70873),0.945575066424266,0.29150759855016
bearded_dragon (n=70873),0.946623726297854,0.287625879269305
bearded_dragon (n=70873),0.947672386171443,0.283792185931269
bearded_dragon (n=70873),0.948721046045031,0.28006300230043
bearded_dragon (n=70873),0.94976970591862,0.276509198903492
bearded_dragon (n=70873),0.950818365792209,0.273209578427248
bearded_dragon (n=70873),0.951867025665797,0.270243416958411
bearded_dragon (n=70873),0.952915685539386,0.267683452921415
bearded_dragon (n=70873),0.953964345412974,0.265590279117129
bearded_dragon (n=70873),0.955013005286563,0.264019217085255
bearded_dragon (n=70873),0.956061665160151,0.26302585711288
bearded_dragon (n=70873),0.95711032503374,0.262563757916093
bearded_dragon (n=70873),0.958158984907328,0.26259702374259
bearded_dragon (n=70873),0.959207644780917,0.263054824343676
bearded_dragon (n=70873),0.960256304654505,0.263826285156094
bearded_dragon (n=70873),0.961304964528094,0.264757709033618
bearded_dragon (n=70873),0.962353624401683,0.265653681229105
bearded_dragon (n=70873),0.963402284275271,0.266283012804251
bearded_dragon (n=70873),0.96445094414886,0.266389621910439
bearded_dragon (n=70873),0.965499604022448,0.265707520729659
bearded_dragon (n=70873),0.966548263896037,0.263978255975329
bearded_dragon (n=70873),0.967596923769625,0.260968471012668
bearded_dragon (n=70873),0.968645583643214,0.256327158454235
bearded_dragon (n=70873),0.969694243516802,0.250062029954473
bearded_dragon (n=70873),0.970742903390391,0.242117537625215
bearded_dragon (n=70873),0.971791563263979,0.232501765764215
bearded_dragon (n=70873),0.972840223137568,0.221286757654415
bearded_dragon (n=70873),0.973888883011157,0.208609164035364
bearded_dragon (n=70873),0.974937542884745,0.194672481472785
bearded_dragon (n=70873),0.975986202758334,0.179751858794642
bearded_dragon (n=70873),0.977034862631922,0.164202283303097
bearded_dragon (n=70873),0.978083522505511,0.148470942150022
bearded_dragon (n=70873),0.979132182379099,0.133114633513246
bearded_dragon (n=70873),0.980180842252688,0.11882314227654
bearded_dragon (n=70873),0.981229502126277,0.106701671380979
bearded_dragon (n=70873),0.982278161999865,0.09788457769803
bearded_dragon (n=70873),0.983326821873454,0.0937201224001887
bearded_dragon (n=70873),0.984375481747042,0.0958633686763817
bearded_dragon (n=70873),0.985424141620631,0.106212901602009
bearded_dragon (n=70873),0.986472801494219,0.126830756776108
bearded_dragon (n=70873),0.987521461367808,0.159788455401572
bearded_dragon (n=70873),0.988570121241396,0.206931272622454
bearded_dragon (n=70873),0.989618781114985,0.269567088189886
bearded_dragon (n=70873),0.990667440988574,0.348104366137459
bearded_dragon (n=70873),0.991716100862162,0.441683645636751
bearded_dragon (n=70873),0.992764760735751,0.547865249398373
bearded_dragon (n=70873),0.993813420609339,0.662516444622718
bearded_dragon (n=70873),0.994862080482928,0.778389433641968
bearded_dragon (n=70873),0.995910740356516,0.887608702024978
bearded_dragon (n=70873),0.996959400230105,0.982257280677761
bearded_dragon (n=70873),0.998008060103693,1.05493790237925
bearded_dragon (n=70873),0.999056719977282,1.09966148487991
bearded_dragon (n=70873),1.00010537985087,1.11259938288179
bearded_dragon (n=70873),1.00115403972446,1.09257697332204
bearded_dragon (n=70873),1.00220269959805,1.04122688051896
bearded_dragon (n=70873),1.00325135947164,0.962774940968784
bearded_dragon (n=70873),1.00430001934522,0.863491885290737
bearded_dragon (n=70873),1.00534867921881,0.750899018528033
bearded_dragon (n=70873),1.0063973390924,0.632958577261998
bearded_dragon (n=70873),1.00744599896599,0.517885493262948
bearded_dragon (n=70873),1.00849465883958,0.411446009749771
bearded_dragon (n=70873),1.00954331871317,0.317345474212434
bearded_dragon (n=70873),1.01059197858676,0.237553033520637
bearded_dragon (n=70873),1.01164063846034,0.172513434101609
bearded_dragon (n=70873),1.01268929833393,0.121481824408336
bearded_dragon (n=70873),1.01373795820752,0.0829077662091813
bearded_dragon (n=70873),1.01478661808111,0.0548065145775798
bearded_dragon (n=70873),1.0158352779547,0.0350733567082556
bearded_dragon (n=70873),1.01688393782829,0.0217165734629031
bearded_dragon (n=70873),1.01793259770188,0.0130030846534999
brown_anole (n=56131),0.502001411615419,2.51730558782337e-05
brown_anole (n=56131),0.503014594212687,3.93227028737237e-05
brown_anole (n=56131),0.504027776809955,5.9890582802647e-05
brown_anole (n=56131),0.505040959407223,8.89860120084531e-05
brown_anole (n=56131),0.506054142004491,0.000129055251686586
brown_anole (n=56131),0.507067324601759,0.000182791962024825
brown_anole (n=56131),0.508080507199027,0.000252980496652946
brown_anole (n=56131),0.509093689796295,0.000344062079375965
brown_anole (n=56131),0.510106872393563,0.000457230458978596
brown_anole (n=56131),0.511120054990831,0.000592657839181396
brown_anole (n=56131),0.512133237588099,0.000749614752273619
brown_anole (n=56131),0.513146420185367,0.000925611311479734
brown_anole (n=56131),0.514159602782635,0.00111624635523177
brown_anole (n=56131),0.515172785379903,0.00131525068190649
brown_anole (n=56131),0.516185967977171,0.00151476158253935
brown_anole (n=56131),0.517199150574439,0.00170584580935402
brown_anole (n=56131),0.518212333171707,0.00187926407950658
brown_anole (n=56131),0.519225515768975,0.00202644349192021
brown_anole (n=56131),0.520238698366243,0.00213688911948784
brown_anole (n=56131),0.521251880963511,0.00221070816748653
brown_anole (n=56131),0.522265063560779,0.00225085896175222
brown_anole (n=56131),0.523278246158047,0.00226526865209748
brown_anole (n=56131),0.524291428755315,0.00226754950024288
brown_anole (n=56131),0.525304611352583,0.00227699442991657
brown_anole (n=56131),0.526317793949851,0.00231819301170308
brown_anole (n=56131),0.527330976547119,0.00242025479812259
brown_anole (n=56131),0.528344159144387,0.00261563013617314
brown_anole (n=56131),0.529357341741655,0.00293852004611186
brown_anole (n=56131),0.530370524338923,0.00342436653395577
brown_anole (n=56131),0.531383706936191,0.00412667545043881
brown_anole (n=56131),0.532396889533459,0.00505012010952418
brown_anole (n=56131),0.533410072130727,0.00620568034564889
brown_anole (n=56131),0.534423254727995,0.00759063721882473
brown_anole (n=56131),0.535436437325263,0.00918624436392032
brown_anole (n=56131),0.536449619922531,0.0109564176608856
brown_anole (n=56131),0.537462802519799,0.0128478247462764
brown_anole (n=56131),0.538475985117067,0.014791679454168
brown_anole (n=56131),0.539489167714335,0.0167074222386584
brown_anole (n=56131),0.540502350311603,0.0185083011988481
brown_anole (n=56131),0.541515532908871,0.0201012399781361
brown_anole (n=56131),0.542528715506139,0.0213855654530095
brown_anole (n=56131),0.543541898103407,0.0223341601488657
brown_anole (n=56131),0.544555080700675,0.0229336811921011
brown_anole (n=56131),0.545568263297943,0.0232067194621495
brown_anole (n=56131),0.546581445895211,0.0232131806156756
brown_anole (n=56131),0.547594628492479,0.0230482126918238
brown_anole (n=56131),0.548607811089747,0.0228366703476245
brown_anole (n=56131),0.549620993687015,0.022724389454921
brown_anole (n=56131),0.550634176284283,0.0228668035220707
brown_anole (n=56131),0.551647358881551,0.0234156562095328
brown_anole (n=56131),0.552660541478819,0.0245336904330355
brown_anole (n=56131),0.553673724076087,0.0263445779945696
brown_anole (n=56131),0.554686906673355,0.0288433530882814
brown_anole (n=56131),0.555700089270623,0.0320046316454649
brown_anole (n=56131),0.556713271867891,0.0357435391044328
brown_anole (n=56131),0.557726454465159,0.0399192353807616
brown_anole (n=56131),0.558739637062427,0.0443438863320737
brown_anole (n=56131),0.559752819659695,0.048796831230524
brown_anole (n=56131),0.560766002256963,0.0530432159867621
brown_anole (n=56131),0.561779184854231,0.0568558688559122
brown_anole (n=56131),0.562792367451499,0.0600387172421944
brown_anole (n=56131),0.563805550048767,0.0623971971407597
brown_anole (n=56131),0.564818732646035,0.0638840185713111
brown_anole (n=56131),0.565831915243303,0.0645953196904989
brown_anole (n=56131),0.566845097840571,0.0646748661241438
brown_anole (n=56131),0.567858280437839,0.0643400465630922
brown_anole (n=56131),0.568871463035107,0.0638608087430444
brown_anole (n=56131),0.569884645632375,0.0635322943098244
brown_anole (n=56131),0.570897828229643,0.0636437510719019
brown_anole (n=56131),0.571911010826911,0.0644466885379571
brown_anole (n=56131),0.572924193424179,0.0661254055852485
brown_anole (n=56131),0.573937376021447,0.0687729511070861
brown_anole (n=56131),0.574950558618715,0.0724382522333687
brown_anole (n=56131),0.575963741215983,0.0768993001685813
brown_anole (n=56131),0.576976923813251,0.0818641558725572
brown_anole (n=56131),0.577990106410519,0.0870070103048385
brown_anole (n=56131),0.579003289007787,0.0919741527230219
brown_anole (n=56131),0.580016471605055,0.0964238355014579
brown_anole (n=56131),0.581029654202323,0.100066530603352
brown_anole (n=56131),0.582042836799591,0.10270153919233
brown_anole (n=56131),0.583056019396859,0.104246012891362
brown_anole (n=56131),0.584069201994127,0.104752843943223
brown_anole (n=56131),0.585082384591395,0.104414589235159
brown_anole (n=56131),0.586095567188663,0.103552292310165
brown_anole (n=56131),0.587108749785931,0.102696756447048
brown_anole (n=56131),0.588121932383199,0.10231723370616
brown_anole (n=56131),0.589135114980467,0.102841807851484
brown_anole (n=56131),0.590148297577735,0.104610047220982
brown_anole (n=56131),0.591161480175003,0.107827757740843
brown_anole (n=56131),0.592174662772271,0.112535345270487
brown_anole (n=56131),0.593187845369539,0.118593903008706
brown_anole (n=56131),0.594201027966807,0.12569156854351
brown_anole (n=56131),0.595214210564074,0.133370815522565
brown_anole (n=56131),0.596227393161342,0.141071746866418
brown_anole (n=56131),0.59724057575861,0.148067382474309
brown_anole (n=56131),0.598253758355878,0.153846993098184
brown_anole (n=56131),0.599266940953147,0.158047349196728
brown_anole (n=56131),0.600280123550414,0.16049515437997
brown_anole (n=56131),0.601293306147682,0.161228398027103
brown_anole (n=56131),0.60230648874495,0.160492041221566
brown_anole (n=56131),0.603319671342218,0.158708705094879
brown_anole (n=56131),0.604332853939487,0.156427753062297
brown_anole (n=56131),0.605346036536755,0.154258501810779
brown_anole (n=56131),0.606359219134022,0.152795129548554
brown_anole (n=56131),0.60737240173129,0.152579696734447
brown_anole (n=56131),0.608385584328558,0.154076508127904
brown_anole (n=56131),0.609398766925826,0.157232486282176
brown_anole (n=56131),0.610411949523094,0.161891365516717
brown_anole (n=56131),0.611425132120362,0.167713225780502
brown_anole (n=56131),0.61243831471763,0.174222664111097
brown_anole (n=56131),0.613451497314898,0.180870163472995
brown_anole (n=56131),0.614464679912166,0.18709905970379
brown_anole (n=56131),0.615477862509434,0.192410385572774
brown_anole (n=56131),0.616491045106702,0.196418435935237
brown_anole (n=56131),0.61750422770397,0.198891095058142
brown_anole (n=56131),0.618517410301238,0.199710291306352
brown_anole (n=56131),0.619530592898506,0.199004910065305
brown_anole (n=56131),0.620543775495774,0.19719940413724
brown_anole (n=56131),0.621556958093042,0.194688669626696
brown_anole (n=56131),0.62257014069031,0.191901307283441
brown_anole (n=56131),0.623583323287578,0.189253284811011
brown_anole (n=56131),0.624596505884846,0.187108337573266
brown_anole (n=56131),0.625609688482114,0.185747907432489
brown_anole (n=56131),0.626622871079382,0.185352079445566
brown_anole (n=56131),0.62763605367665,0.185991772152645
brown_anole (n=56131),0.628649236273918,0.187631444727343
brown_anole (n=56131),0.629662418871186,0.190178302978464
brown_anole (n=56131),0.630675601468454,0.193370880145387
brown_anole (n=56131),0.631688784065722,0.196905273735406
brown_anole (n=56131),0.63270196666299,0.20052329122097
brown_anole (n=56131),0.633715149260258,0.204000434710196
brown_anole (n=56131),0.634728331857526,0.207177455399222
brown_anole (n=56131),0.635741514454794,0.209988079288057
brown_anole (n=56131),0.636754697052062,0.212479656324352
brown_anole (n=56131),0.63776787964933,0.21482331481308
brown_anole (n=56131),0.638781062246598,0.217310435983601
brown_anole (n=56131),0.639794244843866,0.220332969948978
brown_anole (n=56131),0.640807427441134,0.224468091823973
brown_anole (n=56131),0.641820610038402,0.23018654520842
brown_anole (n=56131),0.64283379263567,0.237797031049366
brown_anole (n=56131),0.643846975232938,0.247484141246784
brown_anole (n=56131),0.644860157830206,0.259232839835438
brown_anole (n=56131),0.645873340427474,0.272815230524709
brown_anole (n=56131),0.646886523024742,0.287810105728973
brown_anole (n=56131),0.64789970562201,0.303656229173651
brown_anole (n=56131),0.648912888219278,0.319735540945628
brown_anole (n=56131),0.649926070816546,0.335477631582362
brown_anole (n=56131),0.650939253413814,0.350472266303918
brown_anole (n=56131),0.651952436011082,0.364519528060605
brown_anole (n=56131),0.65296561860835,0.378013514650239
brown_anole (n=56131),0.653978801205618,0.391632371583802
brown_anole (n=56131),0.654991983802886,0.4062786672349
brown_anole (n=56131),0.656005166400154,0.422954840397089
brown_anole (n=56131),0.657018348997422,0.442597877353506
brown_anole (n=56131),0.65803153159469,0.46591186370186
brown_anole (n=56131),0.659044714191958,0.493225758304279
brown_anole (n=56131),0.660057896789226,0.524402221694785
brown_anole (n=56131),0.661071079386494,0.558818556318915
brown_anole (n=56131),0.662084261983762,0.595435179655208
brown_anole (n=56131),0.66309744458103,0.632857814757122
brown_anole (n=56131),0.664110627178298,0.66960714062207
brown_anole (n=56131),0.665123809775566,0.70482874427313
brown_anole (n=56131),0.666136992372834,0.738250487422734
brown_anole (n=56131),0.667150174970102,0.770286149212076
brown_anole (n=56131),0.66816335756737,0.8020224909059
brown_anole (n=56131),0.669176540164638,0.835085299337323
brown_anole (n=56131),0.670189722761906,0.871397864289511
brown_anole (n=56131),0.671202905359174,0.912862079522875
brown_anole (n=56131),0.672216087956442,0.961006643216421
brown_anole (n=56131),0.67322927055371,1.01681325957716
brown_anole (n=56131),0.674242453150978,1.08043614440768
brown_anole (n=56131),0.675255635748246,1.14963157591648
brown_anole (n=56131),0.676268818345514,1.22206878579028
brown_anole (n=56131),0.677282000942782,1.29502079863061
brown_anole (n=56131),0.67829518354005,1.36582181655989
brown_anole (n=56131),0.679308366137318,1.43233301742194
brown_anole (n=56131),0.680321548734586,1.4933424408466
brown_anole (n=56131),0.681334731331854,1.54883248107088
brown_anole (n=56131),0.682347913929122,1.60006439799783
brown_anole (n=56131),0.68336109652639,1.64945209910454
brown_anole (n=56131),0.684374279123658,1.70044418912168
brown_anole (n=56131),0.685387461720926,1.75724354829073
brown_anole (n=56131),0.686400644318194,1.82252422990443
brown_anole (n=56131),0.687413826915462,1.89789601792262
brown_anole (n=56131),0.68842700951273,1.98350647793409
brown_anole (n=56131),0.689440192109998,2.07800253929813
brown_anole (n=56131),0.690453374707266,2.17874258931121
brown_anole (n=56131),0.691466557304534,2.2822255888731
brown_anole (n=56131),0.692479739901802,2.38467233252642
brown_anole (n=56131),0.69349292249907,2.482670272223
brown_anole (n=56131),0.694506105096338,2.57377917346975
brown_anole (n=56131),0.695519287693606,2.65659567482967
brown_anole (n=56131),0.696532470290874,2.73229105300324
brown_anole (n=56131),0.697545652888142,2.80391382570773
brown_anole (n=56131),0.69855883548541,2.87483591685907
brown_anole (n=56131),0.699572018082678,2.94850021330369
brown_anole (n=56131),0.700585200679946,3.0277574748423
brown_anole (n=56131),0.701598383277214,3.11433570189538
brown_anole (n=56131),0.702611565874482,3.20853584946709
brown_anole (n=56131),0.70362474847175,3.30921372419591
brown_anole (n=56131),0.704637931069018,3.414066535558
brown_anole (n=56131),0.705651113666286,3.52019690747599
brown_anole (n=56131),0.706664296263554,3.62465600359845
brown_anole (n=56131),0.707677478860822,3.72610076136858
brown_anole (n=56131),0.70869066145809,3.8257512425377
brown_anole (n=56131),0.709703844055358,3.92716844411528
brown_anole (n=56131),0.710717026652626,4.03620840182037
brown_anole (n=56131),0.711730209249894,4.16057294441399
brown_anole (n=56131),0.712743391847162,4.30906912388503
brown_anole (n=56131),0.71375657444443,4.49066226960534
brown_anole (n=56131),0.714769757041698,4.71342550930776
brown_anole (n=56131),0.715782939638966,4.98349642502094
brown_anole (n=56131),0.716796122236234,5.30414956436385
brown_anole (n=56131),0.717809304833502,5.67926861432619
brown_anole (n=56131),0.71882248743077,6.09886016028799
brown_anole (n=56131),0.719835670028038,6.55234043392374
brown_anole (n=56131),0.720848852625306,7.02694407257473
brown_anole (n=56131),0.721862035222574,7.50787786118667
brown_anole (n=56131),0.722875217819842,7.97958889950739
brown_anole (n=56131),0.72388840041711,8.42716921495981
brown_anole (n=56131),0.724901583014378,8.83775587513812
brown_anole (n=56131),0.725914765611646,9.20176784626289
brown_anole (n=56131),0.726927948208914,9.5138165292863
brown_anole (n=56131),0.727941130806182,9.77308686546205
brown_anole (n=56131),0.72895431340345,9.9789548339091
brown_anole (n=56131),0.729967496000718,10.1455563917333
brown_anole (n=56131),0.730980678597986,10.2822472403276
brown_anole (n=56131),0.731993861195253,10.397790187448
brown_anole (n=56131),0.733007043792521,10.4988838245406
brown_anole (n=56131),0.73402022638979,10.5891766566554
brown_anole (n=56131),0.735033408987058,10.6689113727993
brown_anole (n=56131),0.736046591584326,10.7352361051233
brown_anole (n=56131),0.737059774181593,10.7831091133695
brown_anole (n=56131),0.738072956778862,10.8066209355094
brown_anole (n=56131),0.73908613937613,10.7998290283871
brown_anole (n=56131),0.740099321973398,10.7569870801357
brown_anole (n=56131),0.741112504570666,10.6815151696841
brown_anole (n=56131),0.742125687167934,10.5766443961552
brown_anole (n=56131),0.743138869765201,10.447328603525
brown_anole (n=56131),0.744152052362469,10.2991367702636
brown_anole (n=56131),0.745165234959737,10.1371756745638
brown_anole (n=56131),0.746178417557005,9.96526824217562
brown_anole (n=56131),0.747191600154273,9.78553747514403
brown_anole (n=56131),0.748204782751541,9.59845246614185
brown_anole (n=56131),0.749217965348809,9.40329251919921
brown_anole (n=56131),0.750231147946077,9.1985106868731
brown_anole (n=56131),0.751244330543345,8.98302535028814
brown_anole (n=56131),0.752257513140613,8.75817191602489
brown_anole (n=56131),0.753270695737881,8.52561718438186
brown_anole (n=56131),0.754283878335149,8.28760663225059
brown_anole (n=56131),0.755297060932417,8.04633881074423
brown_anole (n=56131),0.756310243529685,7.80334446036552
brown_anole (n=56131),0.757323426126953,7.55903149427865
brown_anole (n=56131),0.758336608724221,7.31251091158125
brown_anole (n=56131),0.759349791321489,7.0617567916008
brown_anole (n=56131),0.760362973918757,6.80408305005152
brown_anole (n=56131),0.761376156516025,6.53621097536152
brown_anole (n=56131),0.762389339113293,6.2564181365412
brown_anole (n=56131),0.763402521710561,5.9657975107145
brown_anole (n=56131),0.764415704307829,5.66681392380287
brown_anole (n=56131),0.765428886905097,5.36367084916579
brown_anole (n=56131),0.766442069502365,5.06188218558032
brown_anole (n=56131),0.767455252099633,4.76769310318785
brown_anole (n=56131),0.768468434696901,4.48745519098055
brown_anole (n=56131),0.769481617294169,4.22705365265218
brown_anole (n=56131),0.770494799891437,3.99146541678025
brown_anole (n=56131),0.771507982488705,3.78449929722722
brown_anole (n=56131),0.772521165085973,3.611197268217
brown_anole (n=56131),0.773534347683241,3.47192554927635
brown_anole (n=56131),0.774547530280509,3.36594118261994
brown_anole (n=56131),0.775560712877777,3.29333377480693
brown_anole (n=56131),0.776573895475045,3.25405084790232
brown_anole (n=56131),0.777587078072313,3.24801186685105
brown_anole (n=56131),0.778600260669581,3.27511063909643
brown_anole (n=56131),0.779613443266849,3.33511974506995
brown_anole (n=56131),0.780626625864117,3.42752914730532
brown_anole (n=56131),0.781639808461385,3.55136523259646
brown_anole (n=56131),0.782652991058653,3.70504484025358
brown_anole (n=56131),0.783666173655921,3.88856862174699
brown_anole (n=56131),0.784679356253189,4.09660039488666
brown_anole (n=56131),0.785692538850457,4.32550232026586
brown_anole (n=56131),0.786705721447725,4.57239897660433
brown_anole (n=56131),0.787718904044993,4.83494841382691
brown_anole (n=56131),0.788732086642261,5.11151401085219
brown_anole (n=56131),0.789745269239529,5.40114930323352
brown_anole (n=56131),0.790758451836797,5.7033790091749
brown_anole (n=56131),0.791771634434065,6.017799524998
brown_anole (n=56131),0.792784817031333,6.34356108993852
brown_anole (n=56131),0.793797999628601,6.67882718709831
brown_anole (n=56131),0.794811182225869,7.02027627453395
brown_anole (n=56131),0.795824364823137,7.36126328220816
brown_anole (n=56131),0.796837547420405,7.69486135922446
brown_anole (n=56131),0.797850730017673,8.01330335522878
brown_anole (n=56131),0.798863912614941,8.30854080073564
brown_anole (n=56131),0.799877095212209,8.57275259849949
brown_anole (n=56131),0.800890277809477,8.79870383744333
brown_anole (n=56131),0.801903460406745,8.97990749049145
brown_anole (n=56131),0.802916643004013,9.11059452107739
brown_anole (n=56131),0.803929825601281,9.18555043464854
brown_anole (n=56131),0.804943008198549,9.19877771035116
brown_anole (n=56131),0.805956190795817,9.13998282098212
brown_anole (n=56131),0.806969373393085,9.01126372402367
brown_anole (n=56131),0.807982555990353,8.81023919527201
brown_anole (n=56131),0.808995738587621,8.53662599712088
brown_anole (n=56131),0.810008921184889,8.19295559671462
brown_anole (n=56131),0.811022103782157,7.78507653306113
brown_anole (n=56131),0.812035286379425,7.32231549441779
brown_anole (n=56131),0.813048468976693,6.81722501581063
brown_anole (n=56131),0.814061651573961,6.2849094217731
brown_anole (n=56131),0.815074834171229,5.74198683021664
brown_anole (n=56131),0.816088016768497,5.20616841105192
brown_anole (n=56131),0.817101199365765,4.69621104911504
brown_anole (n=56131),0.818114381963033,4.22348009176442
brown_anole (n=56131),0.819127564560301,3.7963133109233
brown_anole (n=56131),0.820140747157569,3.41932186823112
brown_anole (n=56131),0.821153929754837,3.09358867398584
brown_anole (n=56131),0.822167112352105,2.81715496690627
brown_anole (n=56131),0.823180294949373,2.58569990700345
brown_anole (n=56131),0.824193477546641,2.39331448119578
brown_anole (n=56131),0.825206660143909,2.233277478177
brown_anole (n=56131),0.826219842741177,2.09875597668625
brown_anole (n=56131),0.827233025338445,1.98407342080206
brown_anole (n=56131),0.828246207935713,1.88300991023002
brown_anole (n=56131),0.829259390532981,1.79051822117814
brown_anole (n=56131),0.830272573130249,1.70375736162172
brown_anole (n=56131),0.831285755727517,1.62086929397191
brown_anole (n=56131),0.832298938324785,1.54081280811064
brown_anole (n=56131),0.833312120922053,1.46317618984799
brown_anole (n=56131),0.834325303519321,1.387990437226
brown_anole (n=56131),0.835338486116589,1.31555898056594
brown_anole (n=56131),0.836351668713857,1.24631422051665
brown_anole (n=56131),0.837364851311125,1.1807060102098
brown_anole (n=56131),0.838378033908393,1.11943792709909
brown_anole (n=56131),0.839391216505661,1.06266706015826
brown_anole (n=56131),0.840404399102929,1.01031838282302
brown_anole (n=56131),0.841417581700197,0.962351384199127
brown_anole (n=56131),0.842430764297465,0.918612277933822
brown_anole (n=56131),0.843443946894733,0.878853353779895
brown_anole (n=56131),0.844457129492001,0.84275383871454
brown_anole (n=56131),0.845470312089269,0.809940240294828
brown_anole (n=56131),0.846483494686537,0.780004804369226
brown_anole (n=56131),0.847496677283805,0.752521338962601
brown_anole (n=56131),0.848509859881073,0.727058228082916
brown_anole (n=56131),0.849523042478341,0.703289039617316
brown_anole (n=56131),0.850536225075609,0.680638597869812
brown_anole (n=56131),0.851549407672877,0.658699139810899
brown_anole (n=56131),0.852562590270145,0.637134935138124
brown_anole (n=56131),0.853575772867413,0.615659032243132
brown_anole (n=56131),0.854588955464681,0.594043910911529
brown_anole (n=56131),0.855602138061949,0.572131061917657
brown_anole (n=56131),0.856615320659217,0.549838103517969
brown_anole (n=56131),0.857628503256485,0.527162056198128
brown_anole (n=56131),0.858641685853753,0.504177624583001
brown_anole (n=56131),0.859654868451021,0.481029781579061
brown_anole (n=56131),0.860668051048289,0.457958347166026
brown_anole (n=56131),0.861681233645557,0.435231412687716
brown_anole (n=56131),0.862694416242825,0.413101577605586
brown_anole (n=56131),0.863707598840093,0.391807642546497
brown_anole (n=56131),0.864720781437361,0.371560246593287
brown_anole (n=56131),0.865733964034629,0.352533282624979
brown_anole (n=56131),0.866747146631897,0.334861265909599
brown_anole (n=56131),0.867760329229165,0.318642408236314
brown_anole (n=56131),0.868773511826433,0.303946619501968
brown_anole (n=56131),0.8697866944237,0.290827266327167
brown_anole (n=56131),0.870799877020969,0.279361249991735
brown_anole (n=56131),0.871813059618237,0.269768391964539
brown_anole (n=56131),0.872826242215505,0.261997719196352
brown_anole (n=56131),0.873839424812773,0.256203742708169
brown_anole (n=56131),0.87485260741004,0.25259389694183
brown_anole (n=56131),0.875865790007309,0.251431626457941
brown_anole (n=56131),0.876878972604576,0.253035179079971
brown_anole (n=56131),0.877892155201845,0.257771807045481
brown_anole (n=56131),0.878905337799113,0.266047255721778
brown_anole (n=56131),0.87991852039638,0.278290633434206
brown_anole (n=56131),0.880931702993649,0.29493499375852
brown_anole (n=56131),0.881944885590917,0.316570400252686
brown_anole (n=56131),0.882958068188185,0.343846970273682
brown_anole (n=56131),0.883971250785453,0.376628537695417
brown_anole (n=56131),0.88498443338272,0.415041790137442
brown_anole (n=56131),0.885997615979989,0.459065530565604
brown_anole (n=56131),0.887010798577256,0.50850554207689
brown_anole (n=56131),0.888023981174525,0.562972408219489
brown_anole (n=56131),0.889037163771793,0.621863566707759
brown_anole (n=56131),0.89005034636906,0.684351230608029
brown_anole (n=56131),0.891063528966329,0.749378145319875
brown_anole (n=56131),0.892076711563596,0.815663407310677
brown_anole (n=56131),0.893089894160864,0.881604792632656
brown_anole (n=56131),0.894103076758132,0.945191123891023
brown_anole (n=56131),0.8951162593554,1.00465007227415
brown_anole (n=56131),0.896129441952668,1.05818886002258
brown_anole (n=56131),0.897142624549936,1.1040997559659
brown_anole (n=56131),0.898155807147204,1.14084787914595
brown_anole (n=56131),0.899168989744472,1.16715461154068
brown_anole (n=56131),0.90018217234174,1.18207005533199
brown_anole (n=56131),0.901195354939008,1.18502861774618
brown_anole (n=56131),0.902208537536276,1.17588297025011
brown_anole (n=56131),0.903221720133544,1.15491324860965
brown_anole (n=56131),0.904234902730812,1.12211916997554
brown_anole (n=56131),0.90524808532808,1.07913460360463
brown_anole (n=56131),0.906261267925348,1.02787789867286
brown_anole (n=56131),0.907274450522616,0.969969664262926
brown_anole (n=56131),0.908287633119884,0.907118068044819
brown_anole (n=56131),0.909300815717152,0.84104005229944
brown_anole (n=56131),0.91031399831442,0.773391261765258
brown_anole (n=56131),0.911327180911688,0.705707363655581
brown_anole (n=56131),0.912340363508956,0.639358291118315
brown_anole (n=56131),0.913353546106224,0.575515908220849
brown_anole (n=56131),0.914366728703492,0.51513472245449
brown_anole (n=56131),0.91537991130076,0.459368491754232
brown_anole (n=56131),0.916393093898028,0.408467953098995
brown_anole (n=56131),0.917406276495296,0.362554387083344
brown_anole (n=56131),0.918419459092564,0.321678913273042
brown_anole (n=56131),0.919432641689832,0.28574785900597
brown_anole (n=56131),0.9204458242871,0.254551410088577
brown_anole (n=56131),0.921459006884368,0.227792611369772
brown_anole (n=56131),0.922472189481636,0.205115393400583
brown_anole (n=56131),0.923485372078904,0.186130418595738
brown_anole (n=56131),0.924498554676172,0.17043769636987
brown_anole (n=56131),0.92551173727344,0.157645115596935
brown_anole (n=56131),0.926524919870708,0.14761030770228
brown_anole (n=56131),0.927538102467976,0.139704212379483
brown_anole (n=56131),0.928551285065244,0.133621161419519
brown_anole (n=56131),0.929564467662512,0.129099326998189
brown_anole (n=56131),0.93057765025978,0.125901867894058
brown_anole (n=56131),0.931590832857048,0.123810892578306
brown_anole (n=56131),0.932604015454316,0.122621754300746
brown_anole (n=56131),0.933617198051584,0.12213863938754
brown_anole (n=56131),0.934630380648852,0.122172172984224
brown_anole (n=56131),0.93564356324612,0.122539466777926
brown_anole (n=56131),0.936656745843388,0.123066439489436
brown_anole (n=56131),0.937669928440656,0.12357281755695
brown_anole (n=56131),0.938683111037924,0.123914778238303
brown_anole (n=56131),0.939696293635192,0.123994212606058
brown_anole (n=56131),0.94070947623246,0.123746718144653
brown_anole (n=56131),0.941722658829728,0.123142886525797
brown_anole (n=56131),0.942735841426996,0.122186938884562
brown_anole (n=56131),0.943749024024264,0.120912893795488
brown_anole (n=56131),0.944762206621532,0.119378737730609
brown_anole (n=56131),0.9457753892188,0.117659274589193
brown_anole (n=56131),0.946788571816068,0.11583845024835
brown_anole (n=56131),0.947801754413336,0.114004377146358
brown_anole (n=56131),0.948814937010604,0.11225296972391
brown_anole (n=56131),0.949828119607872,0.110651581359989
brown_anole (n=56131),0.95084130220514,0.109253478432614
brown_anole (n=56131),0.951854484802408,0.108098569243752
brown_anole (n=56131),0.952867667399676,0.107213907820951
brown_anole (n=56131),0.953880849996944,0.106614634915716
brown_anole (n=56131),0.954894032594212,0.106305034530054
brown_anole (n=56131),0.95590721519148,0.106279464300275
brown_anole (n=56131),0.956920397788748,0.106523004856932
brown_anole (n=56131),0.957933580386016,0.10701175998049
brown_anole (n=56131),0.958946762983284,0.107720814546155
brown_anole (n=56131),0.959959945580552,0.108599811138166
brown_anole (n=56131),0.96097312817782,0.109579137501636
brown_anole (n=56131),0.961986310775088,0.110592420491778
brown_anole (n=56131),0.962999493372356,0.111563667534432
brown_anole (n=56131),0.964012675969624,0.112408308243763
brown_anole (n=56131),0.965025858566892,0.113035033516126
brown_anole (n=56131),0.96603904116416,0.113348529340008
brown_anole (n=56131),0.967052223761428,0.11325314188061
brown_anole (n=56131),0.968065406358696,0.112657440878828
brown_anole (n=56131),0.969078588955964,0.111479574031889
brown_anole (n=56131),0.970091771553232,0.109605725739777
brown_anole (n=56131),0.9711049541505,0.107007653164719
brown_anole (n=56131),0.972118136747768,0.103714532312503
brown_anole (n=56131),0.973131319345036,0.0997649675726888
brown_anole (n=56131),0.974144501942304,0.0952420796416108
brown_anole (n=56131),0.975157684539572,0.0902798902268115
brown_anole (n=56131),0.97617086713684,0.0850706407547435
brown_anole (n=56131),0.977184049734108,0.079873636768713
brown_anole (n=56131),0.978197232331376,0.0750260933094286
brown_anole (n=56131),0.979210414928644,0.0709561646382591
brown_anole (n=56131),0.980223597525912,0.0681978514489311
brown_anole (n=56131),0.98123678012318,0.067666166598652
brown_anole (n=56131),0.982249962720448,0.0701935857119144
brown_anole (n=56131),0.983263145317716,0.0767156274810983
brown_anole (n=56131),0.984276327914984,0.0883361887837036
brown_anole (n=56131),0.985289510512252,0.106226318085277
brown_anole (n=56131),0.98630269310952,0.131547354178099
brown_anole (n=56131),0.987315875706788,0.165344066979926
brown_anole (n=56131),0.988329058304056,0.208411174623581
brown_anole (n=56131),0.989342240901324,0.261141348134191
brown_anole (n=56131),0.990355423498592,0.323367741592726
brown_anole (n=56131),0.99136860609586,0.394218866410971
brown_anole (n=56131),0.992381788693128,0.472376751373874
brown_anole (n=56131),0.993394971290396,0.554057816803122
brown_anole (n=56131),0.994408153887664,0.635604970936841
brown_anole (n=56131),0.995421336484932,0.71292203061524
brown_anole (n=56131),0.9964345190822,0.78172847119164
brown_anole (n=56131),0.997447701679468,0.837915003927862
brown_anole (n=56131),0.998460884276736,0.877911918659821
brown_anole (n=56131),0.999474066874004,0.899029274504811
brown_anole (n=56131),1.00048724947127,0.899729061801758
brown_anole (n=56131),1.00150043206854,0.879794834072506
brown_anole (n=56131),1.00251361466581,0.840194323552018
brown_anole (n=56131),1.00352679726308,0.782332137707644
brown_anole (n=56131),1.00453997986034,0.711929800991588
brown_anole (n=56131),1.00555316245761,0.633169219601583
brown_anole (n=56131),1.00656634505488,0.550303286615451
brown_anole (n=56131),1.00757952765215,0.467314802043286
brown_anole (n=56131),1.00859271024942,0.387644260816245
brown_anole (n=56131),1.00960589284668,0.314004496878606
brown_anole (n=56131),1.01061907544395,0.248288545539599
brown_anole (n=56131),1.01163225804122,0.191566490913872
brown_anole (n=56131),1.01264544063849,0.144158090018212
brown_anole (n=56131),1.01365862323576,0.105998219715846
brown_anole (n=56131),1.01467180583302,0.0765901724379389
brown_anole (n=56131),1.01568498843029,0.0540746654156368
brown_anole (n=56131),1.01669817102756,0.0372855678675304
brown_anole (n=56131),1.01771135362483,0.0250944474871631
brown_anole (n=56131),1.0187245362221,0.0164763923513031
brown_anole (n=56131),1.01973771881936,0.010547612720243
crocodile (n=56198),0.502954822591681,4.00694260555627e-05
crocodile (n=56198),0.50396427363914,6.38332678934836e-05
crocodile (n=56198),0.504973724686598,9.89214410111446e-05
crocodile (n=56198),0.505983175734057,0.000149207260652435
crocodile (n=56198),0.506992626781516,0.000219176839771145
crocodile (n=56198),0.508002077828975,0.000313723387759186
crocodile (n=56198),0.509011528876433,0.000437796262802145
crocodile (n=56198),0.510020979923892,0.000596095370913647
crocodile (n=56198),0.511030430971351,0.000795710255080623
crocodile (n=56198),0.51203988201881,0.00103353508509802
crocodile (n=56198),0.513049333066268,0.00130684615053669
crocodile (n=56198),0.514058784113727,0.00160932959034249
crocodile (n=56198),0.515068235161186,0.00193093749536044
crocodile (n=56198),0.516077686208645,0.00225818854005114
crocodile (n=56198),0.517087137256103,0.00257495517144063
crocodile (n=56198),0.518096588303562,0.00286371795490836
crocodile (n=56198),0.519106039351021,0.00310720318287538
crocodile (n=56198),0.520115490398479,0.00329025926877541
crocodile (n=56198),0.521124941445938,0.00340177766497093
crocodile (n=56198),0.522134392493397,0.00343056635823064
crocodile (n=56198),0.523143843540856,0.00338495760273855
crocodile (n=56198),0.524153294588314,0.00327957132588107
crocodile (n=56198),0.525162745635773,0.00313411123909293
crocodile (n=56198),0.526172196683232,0.00297418409331591
crocodile (n=56198),0.527181647730691,0.00282960511204623
crocodile (n=56198),0.528191098778149,0.00273236963053162
crocodile (n=56198),0.529200549825608,0.00271442647022215
crocodile (n=56198),0.530210000873067,0.00280537010194945
crocodile (n=56198),0.531219451920526,0.00303014805807606
crocodile (n=56198),0.532228902967984,0.0034068639799163
crocodile (n=56198),0.533238354015443,0.00395242037422789
crocodile (n=56198),0.534247805062902,0.00466387134480086
crocodile (n=56198),0.535257256110361,0.00551338001320507
crocodile (n=56198),0.536266707157819,0.00647032153656999
crocodile (n=56198),0.537276158205278,0.00749297474859698
crocodile (n=56198),0.538285609252737,0.00853081028866825
crocodile (n=56198),0.539295060300196,0.00952792984668181
crocodile (n=56198),0.540304511347654,0.0104275104446477
crocodile (n=56198),0.541313962395113,0.0111769729696021
crocodile (n=56198),0.542323413442572,0.0117334769362369
crocodile (n=56198),0.543332864490031,0.012069256560108
crocodile (n=56198),0.544342315537489,0.0121727680844849
crocodile (n=56198),0.545351766584948,0.0120504118766541
crocodile (n=56198),0.546361217632407,0.0117726538777927
crocodile (n=56198),0.547370668679866,0.0114121802320716
crocodile (n=56198),0.548380119727325,0.0110608039124574
crocodile (n=56198),0.549389570774783,0.0108240149385107
crocodile (n=56198),0.550399021822242,0.010814137484446
crocodile (n=56198),0.551408472869701,0.0111423728367115
crocodile (n=56198),0.552417923917159,0.0119100372507244
crocodile (n=56198),0.553427374964618,0.0131993608155176
crocodile (n=56198),0.554436826012077,0.015064306319783
crocodile (n=56198),0.555446277059536,0.0175220020947797
crocodile (n=56198),0.556455728106994,0.0205879668018527
crocodile (n=56198),0.557465179154453,0.0241195853377596
crocodile (n=56198),0.558474630201912,0.0279671663965963
crocodile (n=56198),0.559484081249371,0.0319521140493289
crocodile (n=56198),0.560493532296829,0.0358729546071633
crocodile (n=56198),0.561502983344288,0.0395245438129415
crocodile (n=56198),0.562512434391747,0.0427204467003914
crocodile (n=56198),0.563521885439206,0.0453162573615049
crocodile (n=56198),0.564531336486664,0.0472312021371773
crocodile (n=56198),0.565540787534123,0.0484652157874824
crocodile (n=56198),0.566550238581582,0.0491088350933304
crocodile (n=56198),0.567559689629041,0.0493386314399154
crocodile (n=56198),0.568569140676499,0.049479726629773
crocodile (n=56198),0.569578591723958,0.0498788740423659
crocodile (n=56198),0.570588042771417,0.050870066796241
crocodile (n=56198),0.571597493818876,0.0527549391041499
crocodile (n=56198),0.572606944866335,0.0557658050942639
crocodile (n=56198),0.573616395913793,0.0600334577962849
crocodile (n=56198),0.574625846961252,0.065563211097279
crocodile (n=56198),0.575635298008711,0.0722222107294485
crocodile (n=56198),0.57664474905617,0.0797403613606783
crocodile (n=56198),0.577654200103628,0.0877263100579292
crocodile (n=56198),0.578663651151087,0.0956813962779182
crocodile (n=56198),0.579673102198546,0.102975626708094
crocodile (n=56198),0.580682553246005,0.109133773653997
crocodile (n=56198),0.581692004293463,0.113788173842509
crocodile (n=56198),0.582701455340922,0.116731670139675
crocodile (n=56198),0.583710906388381,0.117952049529759
crocodile (n=56198),0.58472035743584,0.117645282342392
crocodile (n=56198),0.585729808483298,0.11620471471809
crocodile (n=56198),0.586739259530757,0.114185937464763
crocodile (n=56198),0.587748710578216,0.112249740324721
crocodile (n=56198),0.588758161625674,0.111088154491174
crocodile (n=56198),0.589767612673133,0.111340879837311
crocodile (n=56198),0.590777063720592,0.11373877863674
crocodile (n=56198),0.591786514768051,0.118334932599273
crocodile (n=56198),0.592795965815509,0.125038738827495
crocodile (n=56198),0.593805416862968,0.133499089133649
crocodile (n=56198),0.594814867910427,0.143135594906075
crocodile (n=56198),0.595824318957886,0.153206413596178
crocodile (n=56198),0.596833770005345,0.16289830644418
crocodile (n=56198),0.597843221052803,0.171428828834971
crocodile (n=56198),0.598852672100262,0.178148701985496
crocodile (n=56198),0.599862123147721,0.182631686957114
crocodile (n=56198),0.60087157419518,0.184739832852116
crocodile (n=56198),0.601881025242638,0.184542537559027
crocodile (n=56198),0.602890476290097,0.182740439437065
crocodile (n=56198),0.603899927337556,0.180195242501895
crocodile (n=56198),0.604909378385015,0.177777920825593
crocodile (n=56198),0.605918829432473,0.176326622678354
crocodile (n=56198),0.606928280479932,0.176534010159015
crocodile (n=56198),0.607937731527391,0.178854604353953
crocodile (n=56198),0.60894718257485,0.183443240959715
crocodile (n=56198),0.609956633622308,0.190131978345365
crocodile (n=56198),0.610966084669767,0.198448375516264
crocodile (n=56198),0.611975535717226,0.207673295515991
crocodile (n=56198),0.612984986764685,0.216891281174395
crocodile (n=56198),0.613994437812143,0.225028568621647
crocodile (n=56198),0.615003888859602,0.231324738092251
crocodile (n=56198),0.616013339907061,0.235245898710485
crocodile (n=56198),0.617022790954519,0.236536080017119
crocodile (n=56198),0.618032242001978,0.23522898341173
crocodile (n=56198),0.619041693049437,0.231622061354932
crocodile (n=56198),0.620051144096896,0.226219136670492
crocodile (n=56198),0.621060595144354,0.219651383787196
crocodile (n=56198),0.622070046191813,0.21258875791827
crocodile (n=56198),0.623079497239272,0.205654706887857
crocodile (n=56198),0.624088948286731,0.199363929019597
crocodile (n=56198),0.625098399334189,0.194169160934963
crocodile (n=56198),0.626107850381648,0.19011169607606
crocodile (n=56198),0.627117301429107,0.187157000090322
crocodile (n=56198),0.628126752476566,0.185176062076364
crocodile (n=56198),0.629136203524024,0.183993088042874
crocodile (n=56198),0.630145654571483,0.183427762651373
crocodile (n=56198),0.631155105618942,0.18332667489241
crocodile (n=56198),0.632164556666401,0.183581587964356
crocodile (n=56198),0.633174007713859,0.184135200644697
crocodile (n=56198),0.634183458761318,0.184977527780153
crocodile (n=56198),0.635192909808777,0.186137682266763
crocodile (n=56198),0.636202360856236,0.187717824858116
crocodile (n=56198),0.637211811903694,0.189807705073548
crocodile (n=56198),0.638221262951153,0.192537277707627
crocodile (n=56198),0.639230713998612,0.19608658268847
crocodile (n=56198),0.640240165046071,0.200673178930942
crocodile (n=56198),0.641249616093529,0.206536409837665
crocodile (n=56198),0.642259067140988,0.21390747153091
crocodile (n=56198),0.643268518188447,0.222967393748906
crocodile (n=56198),0.644277969235906,0.233798864567789
crocodile (n=56198),0.645287420283365,0.246341120312856
crocodile (n=56198),0.646296871330823,0.260359343684898
crocodile (n=56198),0.647306322378282,0.275461089141569
crocodile (n=56198),0.648315773425741,0.290984666885325
crocodile (n=56198),0.6493252244732,0.306279508830627
crocodile (n=56198),0.650334675520658,0.320874437823855
crocodile (n=56198),0.651344126568117,0.334541609465152
crocodile (n=56198),0.652353577615576,0.347390848779016
crocodile (n=56198),0.653363028663034,0.359914519785964
crocodile (n=56198),0.654372479710493,0.37296754854449
crocodile (n=56198),0.655381930757952,0.387676642836186
crocodile (n=56198),0.656391381805411,0.405283957335675
crocodile (n=56198),0.657400832852869,0.426942352494408
crocodile (n=56198),0.658410283900328,0.453589985812103
crocodile (n=56198),0.659419734947787,0.485822895267361
crocodile (n=56198),0.660429185995246,0.522601470446628
crocodile (n=56198),0.661438637042704,0.562698309288335
crocodile (n=56198),0.662448088090163,0.604454507159809
crocodile (n=56198),0.663457539137622,0.646063228365806
crocodile (n=56198),0.664466990185081,0.68590426658991
crocodile (n=56198),0.665476441232539,0.722874166608643
crocodile (n=56198),0.666485892279998,0.756653458999559
crocodile (n=56198),0.667495343327457,0.787857711419397
crocodile (n=56198),0.668504794374916,0.81803218000798
crocodile (n=56198),0.669514245422375,0.849470331374164
crocodile (n=56198),0.670523696469833,0.885518219770373
crocodile (n=56198),0.671533147517292,0.928556955507553
crocodile (n=56198),0.672542598564751,0.980021433233583
crocodile (n=56198),0.67355204961221,1.04017404069079
crocodile (n=56198),0.674561500659668,1.1079138788495
crocodile (n=56198),0.675570951707127,1.18087944457904
crocodile (n=56198),0.676580402754586,1.25578366468781
crocodile (n=56198),0.677589853802044,1.3289362338796
crocodile (n=56198),0.678599304849503,1.396876617377
crocodile (n=56198),0.679608755896962,1.45701856125335
crocodile (n=56198),0.680618206944421,1.50819637503245
crocodile (n=56198),0.681627657991879,1.5506829462699
crocodile (n=56198),0.682637109039338,1.58777460847656
crocodile (n=56198),0.683646560086797,1.62403522135126
crocodile (n=56198),0.684656011134256,1.66410324691003
crocodile (n=56198),0.685665462181714,1.71224932309576
crocodile (n=56198),0.686674913229173,1.7716346648693
crocodile (n=56198),0.687684364276632,1.84376091467581
crocodile (n=56198),0.688693815324091,1.92820481727042
crocodile (n=56198),0.689703266371549,2.02268760038742
crocodile (n=56198),0.690712717419008,2.12347851322504
crocodile (n=56198),0.691722168466467,2.22607944575131
crocodile (n=56198),0.692731619513926,2.32589876478176
crocodile (n=56198),0.693741070561385,2.41909699788526
crocodile (n=56198),0.694750521608843,2.50509031337532
crocodile (n=56198),0.695759972656302,2.58524232428851
crocodile (n=56198),0.696769423703761,2.66278685504112
crocodile (n=56198),0.69777887475122,2.74218838654787
crocodile (n=56198),0.698788325798678,2.82826309657727
crocodile (n=56198),0.699797776846137,2.92521354583888
crocodile (n=56198),0.700807227893596,3.03574492073746
crocodile (n=56198),0.701816678941055,3.1604227877
crocodile (n=56198),0.702826129988513,3.29740220232646
crocodile (n=56198),0.703835581035972,3.44260715787516
crocodile (n=56198),0.704845032083431,3.58986438601046
crocodile (n=56198),0.70585448313089,3.73235549117501
crocodile (n=56198),0.706863934178348,3.8655284973725
crocodile (n=56198),0.707873385225807,3.98720318360663
crocodile (n=56198),0.708882836273266,4.09816141124006
crocodile (n=56198),0.709892287320725,4.20225597404618
crocodile (n=56198),0.710901738368183,4.30602934889327
crocodile (n=56198),0.711911189415642,4.41790980468106
crocodile (n=56198),0.712920640463101,4.54711152691099
crocodile (n=56198),0.71393009151056,4.70240452132082
crocodile (n=56198),0.714939542558018,4.8909346573876
crocodile (n=56198),0.715948993605477,5.12012249600609
crocodile (n=56198),0.716958444652936,5.38909665563476
crocodile (n=56198),0.717967895700395,5.69331836621916
crocodile (n=56198),0.718977346747853,6.02663105017775
crocodile (n=56198),0.719986797795312,6.38063472760952
crocodile (n=56198),0.720996248842771,6.74545688983219
crocodile (n=56198),0.72200569989023,7.11060545588371
crocodile (n=56198),0.723015150937688,7.46586000803781
crocodile (n=56198),0.724024601985147,7.80215987632438
crocodile (n=56198),0.725034053032606,8.11243933523869
crocodile (n=56198),0.726043504080065,8.39234234029563
crocodile (n=56198),0.727052955127523,8.63952765062691
crocodile (n=56198),0.728062406174982,8.85656574328515
crocodile (n=56198),0.729071857222441,9.05156540894097
crocodile (n=56198),0.7300813082699,9.23198069808745
crocodile (n=56198),0.731090759317358,9.4051721045484
crocodile (n=56198),0.732100210364817,9.57687806868624
crocodile (n=56198),0.733109661412276,9.74993641738389
crocodile (n=56198),0.734119112459735,9.92352016278179
crocodile (n=56198),0.735128563507193,10.0930726805049
crocodile (n=56198),0.736138014554652,10.2510083848618
crocodile (n=56198),0.737147465602111,10.3881012884017
crocodile (n=56198),0.73815691664957,10.4949527797061
crocodile (n=56198),0.739166367697028,10.5612252906462
crocodile (n=56198),0.740175818744487,10.588396173909
crocodile (n=56198),0.741185269791946,10.5792729261123
crocodile (n=56198),0.742194720839405,10.5399895973963
crocodile (n=56198),0.743204171886863,10.4784547600589
crocodile (n=56198),0.744213622934322,10.4025626858048
crocodile (n=56198),0.745223073981781,10.3185830455196
crocodile (n=56198),0.74623252502924,10.2300762042257
crocodile (n=56198),0.747241976076698,10.1375511130179
crocodile (n=56198),0.748251427124157,10.038913419429
crocodile (n=56198),0.749260878171616,9.93056685236059
crocodile (n=56198),0.750270329219075,9.80752823781891
crocodile (n=56198),0.751279780266533,9.66859636311348
crocodile (n=56198),0.752289231313992,9.51468104514888
crocodile (n=56198),0.753298682361451,9.34809822654429
crocodile (n=56198),0.75430813340891,9.17185160445197
crocodile (n=56198),0.755317584456368,8.98841623291074
crocodile (n=56198),0.756327035503827,8.79866269879713
crocodile (n=56198),0.757336486551286,8.60120553096584
crocodile (n=56198),0.758345937598745,8.39234957213193
crocodile (n=56198),0.759355388646203,8.16667063881264
crocodile (n=56198),0.760364839693662,7.9181227968162
crocodile (n=56198),0.761374290741121,7.63977009151948
crocodile (n=56198),0.76238374178858,7.3287250378954
crocodile (n=56198),0.763393192836038,6.98795993435817
crocodile (n=56198),0.764402643883497,6.62227303473418
crocodile (n=56198),0.765412094930956,6.23920772069744
crocodile (n=56198),0.766421545978415,5.84810195755166
crocodile (n=56198),0.767430997025873,5.4589960481285
crocodile (n=56198),0.768440448073332,5.08158903278175
crocodile (n=56198),0.769449899120791,4.72439235308831
crocodile (n=56198),0.77045935016825,4.3941733961004
crocodile (n=56198),0.771468801215708,4.09572031543428
crocodile (n=56198),0.772478252263167,3.83268239322268
crocodile (n=56198),0.773487703310626,3.60857220485243
crocodile (n=56198),0.774497154358085,3.42015138211145
crocodile (n=56198),0.775506605405543,3.26662518084087
crocodile (n=56198),0.776516056453002,3.14698339248657
crocodile (n=56198),0.777525507500461,3.06019304550588
crocodile (n=56198),0.77853495854792,3.00526546517607
crocodile (n=56198),0.779544409595378,2.9812123452878
crocodile (n=56198),0.780553860642837,2.9869222146395
crocodile (n=56198),0.781563311690296,3.02100231669707
crocodile (n=56198),0.782572762737755,3.08163970812249
crocodile (n=56198),0.783582213785213,3.16653747958247
crocodile (n=56198),0.784591664832672,3.27472936814152
crocodile (n=56198),0.785601115880131,3.40114281628505
crocodile (n=56198),0.786610566927589,3.54307735262854
crocodile (n=56198),0.787620017975048,3.69880829372012
crocodile (n=56198),0.788629469022507,3.86761909920646
crocodile (n=56198),0.789638920069966,4.04985246107777
crocodile (n=56198),0.790648371117425,4.24673076519009
crocodile (n=56198),0.791657822164883,4.45996410855983
crocodile (n=56198),0.792667273212342,4.69121074118773
crocodile (n=56198),0.793676724259801,4.94149107753417
crocodile (n=56198),0.79468617530726,5.21067556840957
crocodile (n=56198),0.795695626354718,5.49802670564769
crocodile (n=56198),0.796705077402177,5.79919744530528
crocodile (n=56198),0.797714528449636,6.10870053002112
crocodile (n=56198),0.798723979497095,6.42105366234234
crocodile (n=56198),0.799733430544553,6.73031824880315
crocodile (n=56198),0.800742881592012,7.03014534430607
crocodile (n=56198),0.801752332639471,7.31359953595766
crocodile (n=56198),0.802761783686929,7.57283544979117
crocodile (n=56198),0.803771234734388,7.79876676565202
crocodile (n=56198),0.804780685781847,7.98090404770502
crocodile (n=56198),0.805790136829306,8.10753728753579
crocodile (n=56198),0.806799587876764,8.16371286916663
crocodile (n=56198),0.807809038924223,8.1331959853371
crocodile (n=56198),0.808818489971682,8.01332084947348
crocodile (n=56198),0.809827941019141,7.8010947120543
crocodile (n=56198),0.810837392066599,7.49929170422193
crocodile (n=56198),0.811846843114058,7.11676701622018
crocodile (n=56198),0.812856294161517,6.66798917248968
crocodile (n=56198),0.813865745208976,6.17185145974091
crocodile (n=56198),0.814875196256434,5.64993283601176
crocodile (n=56198),0.815884647303893,5.12445557299299
crocodile (n=56198),0.816894098351352,4.61622489391923
crocodile (n=56198),0.817903549398811,4.14288914925301
crocodile (n=56198),0.818913000446269,3.7234289273085
crocodile (n=56198),0.819922451493728,3.35997230859035
crocodile (n=56198),0.820931902541187,3.05354176934069
crocodile (n=56198),0.821941353588646,2.80119154029525
crocodile (n=56198),0.822950804636104,2.59706166611793
crocodile (n=56198),0.823960255683563,2.43348610397014
crocodile (n=56198),0.824969706731022,2.30203017039735
crocodile (n=56198),0.825979157778481,2.19436864513983
crocodile (n=56198),0.826988608825939,2.10295220247964
crocodile (n=56198),0.827998059873398,2.02144365262313
crocodile (n=56198),0.829007510920857,1.94493418683077
crocodile (n=56198),0.830016961968316,1.86991705617221
crocodile (n=56198),0.831026413015774,1.79416952606032
crocodile (n=56198),0.832035864063233,1.71698987262043
crocodile (n=56198),0.833045315110692,1.63845409964998
crocodile (n=56198),0.834054766158151,1.55914363019416
crocodile (n=56198),0.835064217205609,1.47994681064265
crocodile (n=56198),0.836073668253068,1.40189624379671
crocodile (n=56198),0.837083119300527,1.326042061801
crocodile (n=56198),0.838092570347986,1.25335839734989
crocodile (n=56198),0.839102021395445,1.18467886803842
crocodile (n=56198),0.840111472442903,1.12065652685763
crocodile (n=56198),0.841120923490362,1.06198370454952
crocodile (n=56198),0.842130374537821,1.00900696235244
crocodile (n=56198),0.84313982558528,0.961392209030305
crocodile (n=56198),0.844149276632738,0.918969610931973
crocodile (n=56198),0.845158727680197,0.881438804444891
crocodile (n=56198),0.846168178727656,0.848396065559811
crocodile (n=56198),0.847177629775115,0.819360042631293
crocodile (n=56198),0.848187080822573,0.793795192474689
crocodile (n=56198),0.849196531870032,0.771132778613501
crocodile (n=56198),0.850205982917491,0.750789882456086
crocodile (n=56198),0.85121543396495,0.732187290394992
crocodile (n=56198),0.852224885012408,0.714775008339969
crocodile (n=56198),0.853234336059867,0.698027318195083
crocodile (n=56198),0.854243787107326,0.68140965111966
crocodile (n=56198),0.855253238154785,0.664591458976458
crocodile (n=56198),0.856262689202243,0.647350930040389
crocodile (n=56198),0.857272140249702,0.629585104460131
crocodile (n=56198),0.858281591297161,0.611311664214618
crocodile (n=56198),0.85929104234462,0.592661096958118
crocodile (n=56198),0.860300493392078,0.573859148932726
crocodile (n=56198),0.861309944439537,0.555200796113352
crocodile (n=56198),0.862319395486996,0.537018210522116
crocodile (n=56198),0.863328846534455,0.519646217812666
crocodile (n=56198),0.864338297581913,0.503512254912193
crocodile (n=56198),0.865347748629372,0.48879839082101
crocodile (n=56198),0.866357199676831,0.475622449032506
crocodile (n=56198),0.867366650724289,0.464047818393949
crocodile (n=56198),0.868376101771748,0.454072378093757
crocodile (n=56198),0.869385552819207,0.445646253724934
crocodile (n=56198),0.870395003866666,0.438694085529108
crocodile (n=56198),0.871404454914124,0.433139603106793
crocodile (n=56198),0.872413905961583,0.428930569212989
crocodile (n=56198),0.873423357009042,0.426062488736596
crocodile (n=56198),0.874432808056501,0.424599807173169
crocodile (n=56198),0.875442259103959,0.424799208007788
crocodile (n=56198),0.876451710151418,0.42697474238527
crocodile (n=56198),0.877461161198877,0.431446431717349
crocodile (n=56198),0.878470612246336,0.438716900223308
crocodile (n=56198),0.879480063293794,0.449377057460497
crocodile (n=56198),0.880489514341253,0.464084500041373
crocodile (n=56198),0.881498965388712,0.483534154264422
crocodile (n=56198),0.882508416436171,0.508421958283022
crocodile (n=56198),0.883517867483629,0.539402802099522
crocodile (n=56198),0.884527318531088,0.577044302514017
crocodile (n=56198),0.885536769578547,0.621778279433065
crocodile (n=56198),0.886546220626006,0.674028584688585
crocodile (n=56198),0.887555671673465,0.734191416395123
crocodile (n=56198),0.888565122720923,0.801271008010603
crocodile (n=56198),0.889574573768382,0.874564417738929
crocodile (n=56198),0.890584024815841,0.953038290005502
crocodile (n=56198),0.8915934758633,1.03533351316798
crocodile (n=56198),0.892602926910758,1.11978783041756
crocodile (n=56198),0.893612377958217,1.20447746012009
crocodile (n=56198),0.894621829005676,1.28727760212896
crocodile (n=56198),0.895631280053135,1.36594032473735
crocodile (n=56198),0.896640731100593,1.43818683143976
crocodile (n=56198),0.897650182148052,1.50180959601511
crocodile (n=56198),0.898659633195511,1.55351417513856
crocodile (n=56198),0.89966908424297,1.5924390035712
crocodile (n=56198),0.900678535290428,1.61748215905474
crocodile (n=56198),0.901687986337887,1.6279209110748
crocodile (n=56198),0.902697437385346,1.62352253404669
crocodile (n=56198),0.903706888432805,1.60454396477221
crocodile (n=56198),0.904716339480263,1.57170691214067
crocodile (n=56198),0.905725790527722,1.52615134472242
crocodile (n=56198),0.906735241575181,1.46937125341064
crocodile (n=56198),0.90774469262264,1.40313717691444
crocodile (n=56198),0.908754143670098,1.32941021666689
crocodile (n=56198),0.909763594717557,1.25005069882898
crocodile (n=56198),0.910773045765016,1.16759504055643
crocodile (n=56198),0.911782496812475,1.08418505503884
crocodile (n=56198),0.912791947859933,1.00157111749517
crocodile (n=56198),0.913801398907392,0.921274103966359
crocodile (n=56198),0.914810849954851,0.844553234085902
crocodile (n=56198),0.91582030100231,0.772390433851597
crocodile (n=56198),0.916829752049768,0.705490425519852
crocodile (n=56198),0.917839203097227,0.644294775463207
crocodile (n=56198),0.918848654144686,0.58900732251594
crocodile (n=56198),0.919858105192145,0.539627831532861
crocodile (n=56198),0.920867556239603,0.496182534353227
crocodile (n=56198),0.921877007287062,0.458512025000739
crocodile (n=56198),0.922886458334521,0.425805077991801
crocodile (n=56198),0.92389590938198,0.397624953792624
crocodile (n=56198),0.924905360429438,0.373520616066648
crocodile (n=56198),0.925914811476897,0.353043987818489
crocodile (n=56198),0.926924262524356,0.335761751797327
crocodile (n=56198),0.927933713571815,0.321262410176423
crocodile (n=56198),0.928943164619273,0.309159515801997
crocodile (n=56198),0.929952615666732,0.299092123324184
crocodile (n=56198),0.930962066714191,0.29072358028721
crocodile (n=56198),0.931971517761649,0.283743629160322
crocodile (n=56198),0.932980968809108,0.277932748982203
crocodile (n=56198),0.933990419856567,0.272885870551772
crocodile (n=56198),0.934999870904026,0.268367742102235
crocodile (n=56198),0.936009321951484,0.264173914941698
crocodile (n=56198),0.937018772998943,0.260135991135577
crocodile (n=56198),0.938028224046402,0.25612644931148
crocodile (n=56198),0.939037675093861,0.252062185041745
crocodile (n=56198),0.940047126141319,0.247906044645383
crocodile (n=56198),0.941056577188778,0.243665843673851
crocodile (n=56198),0.942066028236237,0.239390618056
crocodile (n=56198),0.943075479283696,0.235164131443472
crocodile (n=56198),0.944084930331154,0.231120317139121
crocodile (n=56198),0.945094381378613,0.227393330008417
crocodile (n=56198),0.946103832426072,0.224099470013022
crocodile (n=56198),0.947113283473531,0.221343308655682
crocodile (n=56198),0.948122734520989,0.219202487427862
crocodile (n=56198),0.949132185568448,0.217719363965132
crocodile (n=56198),0.950141636615907,0.216895294687152
crocodile (n=56198),0.951151087663366,0.216688028762799
crocodile (n=56198),0.952160538710825,0.217012530203714
crocodile (n=56198),0.953169989758283,0.217745344545367
crocodile (n=56198),0.954179440805742,0.218732382964453
crocodile (n=56198),0.955188891853201,0.219793628478771
crocodile (n=56198),0.95619834290066,0.220718089700758
crocodile (n=56198),0.957207793948118,0.221337757440607
crocodile (n=56198),0.958217244995577,0.221515959830845
crocodile (n=56198),0.959226696043036,0.221151306384026
crocodile (n=56198),0.960236147090495,0.220181696251199
crocodile (n=56198),0.961245598137953,0.218583842587495
crocodile (n=56198),0.962255049185412,0.216368605295323
crocodile (n=56198),0.963264500232871,0.213572928042883
crocodile (n=56198),0.96427395128033,0.210249574370654
crocodile (n=56198),0.965283402327788,0.206456114044267
crocodile (n=56198),0.966292853375247,0.202238988280316
crocodile (n=56198),0.967302304422706,0.197609815719391
crocodile (n=56198),0.968311755470165,0.192620451405324
crocodile (n=56198),0.969321206517623,0.187267261968083
crocodile (n=56198),0.970330657565082,0.181534743047307
crocodile (n=56198),0.971340108612541,0.175402740120751
crocodile (n=56198),0.97234955966,0.168855194466729
crocodile (n=56198),0.973359010707458,0.16189002041706
crocodile (n=56198),0.974368461754917,0.154530071311197
crocodile (n=56198),0.975377912802376,0.14683553822832
crocodile (n=56198),0.976387363849835,0.138918496279073
crocodile (n=56198),0.977396814897293,0.130960614522084
crocodile (n=56198),0.978406265944752,0.123304531541154
crocodile (n=56198),0.979415716992211,0.1164260231197
crocodile (n=56198),0.980425168039669,0.110952621319289
crocodile (n=56198),0.981434619087128,0.107730043016588
crocodile (n=56198),0.982444070134587,0.107848766429508
crocodile (n=56198),0.983453521182046,0.112660258336594
crocodile (n=56198),0.984462972229504,0.123767332795474
crocodile (n=56198),0.985472423276963,0.142977193881483
crocodile (n=56198),0.986481874324422,0.172206784891274
crocodile (n=56198),0.987491325371881,0.213333122085159
crocodile (n=56198),0.988500776419339,0.267986556111785
crocodile (n=56198),0.989510227466798,0.338157083399149
crocodile (n=56198),0.990519678514257,0.423795742489999
crocodile (n=56198),0.991529129561716,0.522860074893933
crocodile (n=56198),0.992538580609174,0.632633213535089
crocodile (n=56198),0.993548031656633,0.748988167204437
crocodile (n=56198),0.994557482704092,0.866538302229749
crocodile (n=56198),0.995566933751551,0.978963095403384
crocodile (n=56198),0.996576384799009,1.07949081275064
crocodile (n=56198),0.997585835846468,1.16149573192429
crocodile (n=56198),0.998595286893927,1.21914697896378
crocodile (n=56198),0.999604737941386,1.2480314850754
crocodile (n=56198),1.00061418898884,1.24484116871675
crocodile (n=56198),1.0016236400363,1.20806674229554
crocodile (n=56198),1.00263309108376,1.14315389917689
crocodile (n=56198),1.00364254213122,1.05484896071906
crocodile (n=56198),1.00465199317868,0.949169933748933
crocodile (n=56198),1.00566144422614,0.832763740135659
crocodile (n=56198),1.0066708952736,0.712263757840996
crocodile (n=56198),1.00768034632106,0.5937217949727
crocodile (n=56198),1.00868979736851,0.482170499327709
crocodile (n=56198),1.00969924841597,0.381349769619648
crocodile (n=56198),1.01070869946343,0.293606635034511
crocodile (n=56198),1.01171815051089,0.219954984031823
crocodile (n=56198),1.01272760155835,0.161545080584428
crocodile (n=56198),1.01373705260581,0.115763252877942
crocodile (n=56198),1.01474650365327,0.080876011533601
crocodile (n=56198),1.01575595470073,0.0550574023544981
crocodile (n=56198),1.01676540574818,0.0365019922118167
crocodile (n=56198),1.01777485679564,0.023554473493046
crocodile (n=56198),1.0187843078431,0.0147856196585469
falcon (n=52611),0.480004963450212,2.58018148000086e-05
falcon (n=52611),0.481061695491503,4.12081066457397e-05
falcon (n=52611),0.482118427532794,6.40001060323335e-05
falcon (n=52611),0.483175159574084,9.67041292182208e-05
falcon (n=52611),0.484231891615375,0.000142228885032178
falcon (n=52611),0.485288623656666,0.000203717416863247
falcon (n=52611),0.486345355697957,0.000284306045317491
falcon (n=52611),0.487402087739247,0.000386789909123822
falcon (n=52611),0.488458819780538,0.000513208592772268
falcon (n=52611),0.489515551821829,0.000664381148123265
falcon (n=52611),0.49057228386312,0.000839436294290736
falcon (n=52611),0.49162901590441,0.00103586792820008
falcon (n=52611),0.492685747945701,0.00124758805931702
falcon (n=52611),0.493742479986992,0.00146437729458339
falcon (n=52611),0.494799212028283,0.00167581024849382
falcon (n=52611),0.495855944069573,0.0018704576426634
falcon (n=52611),0.496912676110864,0.00203688966415863
falcon (n=52611),0.497969408152155,0.00216479032359601
falcon (n=52611),0.499026140193446,0.00224605684329863
falcon (n=52611),0.500082872234736,0.0022757538417292
falcon (n=52611),0.501139604276027,0.00225280315299891
falcon (n=52611),0.502196336317318,0.00218031554629482
falcon (n=52611),0.503253068358609,0.00206494718362684
falcon (n=52611),0.504309800399899,0.00191741307776169
falcon (n=52611),0.50536653244119,0.00175563085853007
falcon (n=52611),0.506423264482481,0.00159448930927996
falcon (n=52611),0.507479996523772,0.00144841590135863
falcon (n=52611),0.508536728565062,0.00133024019240549
falcon (n=52611),0.509593460606353,0.00125023222265223
falcon (n=52611),0.510650192647644,0.00121536269057049
falcon (n=52611),0.511706924688935,0.00122881350818641
falcon (n=52611),0.512763656730225,0.00128975458250807
falcon (n=52611),0.513820388771516,0.00139339486301277
falcon (n=52611),0.514877120812807,0.00153141961247136
falcon (n=52611),0.515933852854098,0.00169272536145338
falcon (n=52611),0.516990584895389,0.00185987141638067
falcon (n=52611),0.518047316936679,0.00201893730871486
falcon (n=52611),0.51910404897797,0.00215740797232294
falcon (n=52611),0.520160781019261,0.00226564554240993
falcon (n=52611),0.521217513060552,0.00233825855230413
falcon (n=52611),0.522274245101842,0.00237525638626167
falcon (n=52611),0.523330977143133,0.00238289049977961
falcon (n=52611),0.524387709184424,0.00237410430216515
falcon (n=52611),0.525444441225715,0.00236853770487153
falcon (n=52611),0.526501173267005,0.00239205712661182
falcon (n=52611),0.527557905308296,0.00248624536318633
falcon (n=52611),0.528614637349587,0.00268503950797063
falcon (n=52611),0.529671369390878,0.0030237856373839
falcon (n=52611),0.530728101432168,0.00353589915663663
falcon (n=52611),0.531784833473459,0.00424916986929414
falcon (n=52611),0.53284156551475,0.00518243042714339
falcon (n=52611),0.533898297556041,0.00634225631437975
falcon (n=52611),0.534955029597331,0.00772002118993376
falcon (n=52611),0.536011761638622,0.00928970250754585
falcon (n=52611),0.537068493679913,0.0110068743666487
falcon (n=52611),0.538125225721204,0.0128093254141554
falcon (n=52611),0.539181957762494,0.0146111199763144
falcon (n=52611),0.540238689803785,0.0163119506728787
falcon (n=52611),0.541295421845076,0.0178257990556373
falcon (n=52611),0.542352153886367,0.0190788896913519
falcon (n=52611),0.543408885927657,0.0200191704982609
falcon (n=52611),0.544465617968948,0.0206245901423771
falcon (n=52611),0.545522350010239,0.0209091747087925
falcon (n=52611),0.54657908205153,0.0209260621106592
falcon (n=52611),0.54763581409282,0.0207668993905701
falcon (n=52611),0.548692546134111,0.0205573097526514
falcon (n=52611),0.549749278175402,0.0204484722569906
falcon (n=52611),0.550806010216693,0.020638407021544
falcon (n=52611),0.551862742257983,0.0213011405016933
falcon (n=52611),0.552919474299274,0.0225557685795639
falcon (n=52611),0.553976206340565,0.0244887386039174
falcon (n=52611),0.555032938381856,0.0271313542939313
falcon (n=52611),0.556089670423146,0.0304517820415386
falcon (n=52611),0.557146402464437,0.0343525240502711
falcon (n=52611),0.558203134505728,0.0386742451038977
falcon (n=52611),0.559259866547019,0.0432063910983622
falcon (n=52611),0.560316598588309,0.0477044657631915
falcon (n=52611),0.5613733306296,0.0519131544826052
falcon (n=52611),0.562430062670891,0.0555503530190092
falcon (n=52611),0.563486794712182,0.0584133853891328
falcon (n=52611),0.564543526753472,0.060451194753451
falcon (n=52611),0.565600258794763,0.0616857341352649
falcon (n=52611),0.566656990836054,0.0622421477979644
falcon (n=52611),0.567713722877345,0.0623395472684252
falcon (n=52611),0.568770454918635,0.0622702087125919
falcon (n=52611),0.569827186959926,0.0623689232462249
falcon (n=52611),0.570883919001217,0.0629753361704731
falcon (n=52611),0.571940651042508,0.0643929869397517
falcon (n=52611),0.572997383083798,0.0668493533831751
falcon (n=52611),0.574054115125089,0.0705109756622855
falcon (n=52611),0.57511084716638,0.0753464671973711
falcon (n=52611),0.576167579207671,0.0810661331420567
falcon (n=52611),0.577224311248962,0.0873368108448548
falcon (n=52611),0.578281043290252,0.0937438698372079
falcon (n=52611),0.579337775331543,0.0998391125375625
falcon (n=52611),0.580394507372834,0.105194959287893
falcon (n=52611),0.581451239414125,0.109458970374993
falcon (n=52611),0.582507971455415,0.112402392341064
falcon (n=52611),0.583564703496706,0.113956630071104
falcon (n=52611),0.584621435537997,0.114232361391765
falcon (n=52611),0.585678167579288,0.113503058518755
falcon (n=52611),0.586734899620578,0.112272553423993
falcon (n=52611),0.587791631661869,0.111170615543747
falcon (n=52611),0.58884836370316,0.110743710926777
falcon (n=52611),0.589905095744451,0.111460552976646
falcon (n=52611),0.590961827785741,0.113650420589193
falcon (n=52611),0.592018559827032,0.117458587898699
falcon (n=52611),0.593075291868323,0.12282463643873
falcon (n=52611),0.594132023909614,0.129486915260704
falcon (n=52611),0.595188755950904,0.13701354753959
falcon (n=52611),0.596245487992195,0.144857340502921
falcon (n=52611),0.597302220033486,0.152414094065267
falcon (n=52611),0.598358952074777,0.159017574300219
falcon (n=52611),0.599415684116067,0.164346510641402
falcon (n=52611),0.600472416157358,0.168263841144865
falcon (n=52611),0.601529148198649,0.170858598030474
falcon (n=52611),0.60258588023994,0.172429762758617
falcon (n=52611),0.60364261228123,0.173440934087089
falcon (n=52611),0.604699344322521,0.174452034162238
falcon (n=52611),0.605756076363812,0.176036938954502
falcon (n=52611),0.606812808405103,0.178697592958413
falcon (n=52611),0.607869540446393,0.18278575548684
falcon (n=52611),0.608926272487684,0.18844727774093
falcon (n=52611),0.609983004528975,0.195676958516528
falcon (n=52611),0.611039736570266,0.203881615819451
falcon (n=52611),0.612096468611556,0.212469049422917
falcon (n=52611),0.613153200652847,0.220758630419822
falcon (n=52611),0.614209932694138,0.228067065049524
falcon (n=52611),0.615266664735429,0.233791166164408
falcon (n=52611),0.616323396776719,0.237477686316143
falcon (n=52611),0.61738012881801,0.238872402464463
falcon (n=52611),0.618436860859301,0.237943467515446
falcon (n=52611),0.619493592900592,0.234877299786884
falcon (n=52611),0.620550324941882,0.230048705609567
falcon (n=52611),0.621607056983173,0.223917681076356
falcon (n=52611),0.622663789024464,0.217248602062422
falcon (n=52611),0.623720521065755,0.210615418483324
falcon (n=52611),0.624777253107046,0.204501448169264
falcon (n=52611),0.625833985148336,0.199279667789069
falcon (n=52611),0.626890717189627,0.195196625381326
falcon (n=52611),0.627947449230918,0.192371479021803
falcon (n=52611),0.629004181272209,0.190807583559616
falcon (n=52611),0.630060913313499,0.190413478185801
falcon (n=52611),0.63111764535479,0.191030075319338
falcon (n=52611),0.632174377396081,0.192461224985186
falcon (n=52611),0.633231109437372,0.194541023767297
falcon (n=52611),0.634287841478662,0.197050746869599
falcon (n=52611),0.635344573519953,0.19989351769684
falcon (n=52611),0.636401305561244,0.203077708876703
falcon (n=52611),0.637458037602535,0.206711617565178
falcon (n=52611),0.638514769643825,0.210999981522837
falcon (n=52611),0.639571501685116,0.216225237720537
falcon (n=52611),0.640628233726407,0.222713041186353
falcon (n=52611),0.641684965767698,0.230783917068156
falcon (n=52611),0.642741697808988,0.240695617204815
falcon (n=52611),0.643798429850279,0.252583538509227
falcon (n=52611),0.64485516189157,0.266521922574667
falcon (n=52611),0.645911893932861,0.28211618494581
falcon (n=52611),0.646968625974151,0.298793602115706
falcon (n=52611),0.648025358015442,0.315954393913762
falcon (n=52611),0.649082090056733,0.333000122001186
falcon (n=52611),0.650138822098024,0.349450014049526
falcon (n=52611),0.651195554139314,0.365051142529072
falcon (n=52611),0.652252286180605,0.379861723943229
falcon (n=52611),0.653309018221896,0.394288963384984
falcon (n=52611),0.654365750263187,0.409067965583749
falcon (n=52611),0.655422482304477,0.425176027686428
falcon (n=52611),0.656479214345768,0.443884401077337
falcon (n=52611),0.657535946387059,0.466254018657243
falcon (n=52611),0.65859267842835,0.492638790239922
falcon (n=52611),0.65964941046964,0.523017829703964
falcon (n=52611),0.660706142510931,0.55684695332155
falcon (n=52611),0.661762874552222,0.593140635824982
falcon (n=52611),0.662819606593513,0.630645447433985
falcon (n=52611),0.663876338634803,0.668079673659046
falcon (n=52611),0.664933070676094,0.704401071337246
falcon (n=52611),0.665989802717385,0.739056644044273
falcon (n=52611),0.667046534758676,0.772166004352795
falcon (n=52611),0.668103266799967,0.804645775530579
falcon (n=52611),0.669159998841257,0.838402850581759
falcon (n=52611),0.670216730882548,0.875467220356615
falcon (n=52611),0.671273462923839,0.9176856565357
falcon (n=52611),0.67233019496513,0.966383997990155
falcon (n=52611),0.67338692700642,1.02207179959791
falcon (n=52611),0.674443659047711,1.08428663744195
falcon (n=52611),0.675500391089002,1.15161250803651
falcon (n=52611),0.676557123130293,1.22187925052773
falcon (n=52611),0.677613855171583,1.29252065054936
falcon (n=52611),0.678670587212874,1.36104069144592
falcon (n=52611),0.679727319254165,1.4253733568381
falcon (n=52611),0.680784051295456,1.48447411316056
falcon (n=52611),0.681840783336746,1.53956844671886
falcon (n=52611),0.682897515378037,1.59272247822432
falcon (n=52611),0.683954247419328,1.64678913224338
falcon (n=52611),0.685010979460619,1.7048762213001
falcon (n=52611),0.686067711501909,1.76976068792553
falcon (n=52611),0.6871244435432,1.84335235725159
falcon (n=52611),0.688181175584491,1.92630266724203
falcon (n=52611),0.689237907625782,2.01783268344354
falcon (n=52611),0.690294639667072,2.11582235188099
falcon (n=52611),0.691351371708363,2.21715291737995
falcon (n=52611),0.692408103749654,2.3178358342426
falcon (n=52611),0.693464835790945,2.41468918657251
falcon (n=52611),0.694521567832235,2.5060384140763
falcon (n=52611),0.695578299873526,2.59167858179147
falcon (n=52611),0.696635031914817,2.67285151681037
falcon (n=52611),0.697691763956108,2.75194149941144
falcon (n=52611),0.698748495997398,2.83195294820069
falcon (n=52611),0.699805228038689,2.91587004155054
falcon (n=52611),0.70086196007998,3.00601978635402
falcon (n=52611),0.701918692121271,3.10356474938817
falcon (n=52611),0.702975424162561,3.20824308269105
falcon (n=52611),0.704032156203852,3.31864919853356
falcon (n=52611),0.705088888245143,3.43133275444266
falcon (n=52611),0.706145620286434,3.54386999478276
falcon (n=52611),0.707202352327724,3.65490872109759
falcon (n=52611),0.708259084369015,3.76482981686422
falcon (n=52611),0.709315816410306,3.8761350276272
falcon (n=52611),0.710372548451597,3.99349156985575
falcon (n=52611),0.711429280492888,4.12341599191341
falcon (n=52611),0.712486012534178,4.27362997103186
falcon (n=52611),0.713542744575469,4.45216493860353
falcon (n=52611),0.71459947661676,4.66632634468684
falcon (n=52611),0.715656208658051,4.9258547182704
falcon (n=52611),0.716712940699341,5.22948395316323
falcon (n=52611),0.717769672740632,5.57464263827288
falcon (n=52611),0.718826404781923,5.95575410937074
falcon (n=52611),0.719883136823214,6.3640441927854
falcon (n=52611),0.720939868864504,6.7882191249576
falcon (n=52611),0.721996600905795,7.21542665358686
falcon (n=52611),0.723053332947086,7.63242151329807
falcon (n=52611),0.724110064988377,8.02682953820171
falcon (n=52611),0.725166797029667,8.38838025587463
falcon (n=52611),0.726223529070958,8.70995874989608
falcon (n=52611),0.727280261112249,8.98490800909268
falcon (n=52611),0.72833699315354,9.21750435622957
falcon (n=52611),0.72939372519483,9.41425444545907
falcon (n=52611),0.730450457236121,9.58223313726922
falcon (n=52611),0.731507189277412,9.72872515703672
falcon (n=52611),0.732563921318703,9.85978276523872
falcon (n=52611),0.733620653359993,9.97911494650236
falcon (n=52611),0.734677385401284,10.0875043813808
falcon (n=52611),0.735734117442575,10.1828544425366
falcon (n=52611),0.736790849483866,10.2608551557189
falcon (n=52611),0.737847581525156,10.3161372544271
falcon (n=52611),0.738904313566447,10.3415378856847
falcon (n=52611),0.739961045607738,10.3345985753442
falcon (n=52611),0.741017777649029,10.2967391612114
falcon (n=52611),0.742074509690319,10.2306634934286
falcon (n=52611),0.74313124173161,10.1407217596451
falcon (n=52611),0.744187973772901,10.0318733923898
falcon (n=52611),0.745244705814192,9.9086651530862
falcon (n=52611),0.746301437855482,9.7744590696965
falcon (n=52611),0.747358169896773,9.63106561184461
falcon (n=52611),0.748414901938064,9.47883379878013
falcon (n=52611),0.749471633979355,9.31713691097766
falcon (n=52611),0.750528366020645,9.1445047549822
falcon (n=52611),0.751585098061936,8.96063223542212
falcon (n=52611),0.752641830103227,8.76685121017627
falcon (n=52611),0.753698562144518,8.56456173997445
falcon (n=52611),0.754755294185808,8.35525590922841
falcon (n=52611),0.755812026227099,8.13990504546323
falcon (n=52611),0.75686875826839,7.91847295137956
falcon (n=52611),0.757925490309681,7.68970275167658
falcon (n=52611),0.758982222350971,7.4512533758556
falcon (n=52611),0.760038954392262,7.20017965151359
falcon (n=52611),0.761095686433553,6.93366925404461
falcon (n=52611),0.762152418474844,6.64919314314473
falcon (n=52611),0.763209150516134,6.34664289765538
falcon (n=52611),0.764265882557425,6.03019081786967
falcon (n=52611),0.765322614598716,5.704861367487
falcon (n=52611),0.766379346640007,5.37718965121809
falcon (n=52611),0.767436078681297,5.05452032563958
falcon (n=52611),0.768492810722588,4.74426766968976
falcon (n=52611),0.769549542763879,4.453254167308
falcon (n=52611),0.77060627480517,4.18721477780818
falcon (n=52611),0.771663006846461,3.95051665028692
falcon (n=52611),0.772719738887751,3.74610411897012
falcon (n=52611),0.773776470929042,3.57657165544596
falcon (n=52611),0.774833202970333,3.44450863409129
falcon (n=52611),0.775889935011624,3.3469911968281
falcon (n=52611),0.776946667052914,3.28370079522397
falcon (n=52611),0.778003399094205,3.25425484926597
falcon (n=52611),0.779060131135496,3.2582328230265
falcon (n=52611),0.780116863176787,3.29511408218367
falcon (n=52611),0.781173595218077,3.36416833205929
falcon (n=52611),0.782230327259368,3.46434695240268
falcon (n=52611),0.783287059300659,3.59422193239865
falcon (n=52611),0.78434379134195,3.75200834009624
falcon (n=52611),0.78540052338324,3.93599175322597
falcon (n=52611),0.786457255424531,4.14587011946007
falcon (n=52611),0.787513987465822,4.37748008675924
falcon (n=52611),0.788570719507113,4.62958507718874
falcon (n=52611),0.789627451548403,4.90129110716931
falcon (n=52611),0.790684183589694,5.19178248994719
falcon (n=52611),0.791740915630985,5.49992411674265
falcon (n=52611),0.792797647672276,5.82381132501292
falcon (n=52611),0.793854379713566,6.16036539239228
falcon (n=52611),0.794911111754857,6.50507001019541
falcon (n=52611),0.795967843796148,6.85192206254718
falcon (n=52611),0.797024575837439,7.19362951505775
falcon (n=52611),0.798081307878729,7.51945911564033
falcon (n=52611),0.79913803992002,7.82154973956652
falcon (n=52611),0.800194771961311,8.09197898975389
falcon (n=52611),0.801251504002602,8.32347046302431
falcon (n=52611),0.802308236043892,8.50941284502533
falcon (n=52611),0.803364968085183,8.64373466425911
falcon (n=52611),0.804421700126474,8.72076555890937
falcon (n=52611),0.805478432167765,8.7352059705613
falcon (n=52611),0.806535164209055,8.68230355258499
falcon (n=52611),0.807591896250346,8.55828641274786
falcon (n=52611),0.808648628291637,8.36103587678904
falcon (n=52611),0.809705360332928,8.08454292024674
falcon (n=52611),0.810762092374218,7.73979956557276
falcon (n=52611),0.811818824415509,7.33678059283871
falcon (n=52611),0.8128755564568,6.88780862950222
falcon (n=52611),0.813932288498091,6.4078241598393
falcon (n=52611),0.814989020539381,5.91321443936598
falcon (n=52611),0.816045752580672,5.42045374213062
falcon (n=52611),0.817102484621963,4.94474158365723
falcon (n=52611),0.818159216663254,4.49881596995543
falcon (n=52611),0.819215948704544,4.09208605894656
falcon (n=52611),0.820272680745835,3.73017741071883
falcon (n=52611),0.821329412787126,3.41847308912446
falcon (n=52611),0.822386144828417,3.15210630431243
falcon (n=52611),0.823442876869707,2.92488908447793
falcon (n=52611),0.824499608910998,2.73071989404827
falcon (n=52611),0.825556340952289,2.56305714475841
falcon (n=52611),0.82661307299358,2.4155964021431
falcon (n=52611),0.82766980503487,2.28277061129949
falcon (n=52611),0.828726537076161,2.16006214096614
falcon (n=52611),0.829783269117452,2.04413672680013
falcon (n=52611),0.830840001158743,1.93282556830163
falcon (n=52611),0.831896733200033,1.82499246149831
falcon (n=52611),0.832953465241324,1.72056627598651
falcon (n=52611),0.834010197282615,1.61987066069636
falcon (n=52611),0.835066929323906,1.52344256533648
falcon (n=52611),0.836123661365197,1.43201854374587
falcon (n=52611),0.837180393406487,1.34627656588821
falcon (n=52611),0.838237125447778,1.2667554384304
falcon (n=52611),0.839293857489069,1.19380832011394
falcon (n=52611),0.84035058953036,1.12758292302803
falcon (n=52611),0.84140732157165,1.06802121112552
falcon (n=52611),0.842464053612941,1.01487234452308
falcon (n=52611),0.843520785654232,0.967713990619295
falcon (n=52611),0.844577517695523,0.926221107771666
falcon (n=52611),0.845634249736813,0.889586953010359
falcon (n=52611),0.846690981778104,0.856721022310936
falcon (n=52611),0.847747713819395,0.826808458319502
falcon (n=52611),0.848804445860686,0.799037769266559
falcon (n=52611),0.849861177901976,0.772633815905557
falcon (n=52611),0.850917909943267,0.746889372802998
falcon (n=52611),0.851974641984558,0.721194193522435
falcon (n=52611),0.853031374025849,0.695060345434951
falcon (n=52611),0.854088106067139,0.668142430420798
falcon (n=52611),0.85514483810843,0.640251194534929
falcon (n=52611),0.856201570149721,0.611327143084078
falcon (n=52611),0.857258302191012,0.581524309784085
falcon (n=52611),0.858315034232302,0.551228213052935
falcon (n=52611),0.859371766273593,0.520845247885096
falcon (n=52611),0.860428498314884,0.490832911290848
falcon (n=52611),0.861485230356175,0.461657597314738
falcon (n=52611),0.862541962397465,0.433754786112343
falcon (n=52611),0.863598694438756,0.407495908554713
falcon (n=52611),0.864655426480047,0.383165463012455
falcon (n=52611),0.865712158521338,0.360950835311788
falcon (n=52611),0.866768890562628,0.340945829853866
falcon (n=52611),0.867825622603919,0.323221636039497
falcon (n=52611),0.86888235464521,0.30787105451297
falcon (n=52611),0.869939086686501,0.294668886272873
falcon (n=52611),0.870995818727791,0.283619578852158
falcon (n=52611),0.872052550769082,0.274796442448596
falcon (n=52611),0.873109282810373,0.268361494071532
falcon (n=52611),0.874166014851664,0.26457673447265
falcon (n=52611),0.875222746892954,0.263807054472734
falcon (n=52611),0.876279478934245,0.266515513312455
falcon (n=52611),0.877336210975536,0.273251994300365
falcon (n=52611),0.878392943016827,0.284636241141251
falcon (n=52611),0.879449675058118,0.301402406991019
falcon (n=52611),0.880506407099408,0.324864164469833
falcon (n=52611),0.881563139140699,0.355152976974557
falcon (n=52611),0.88261987118199,0.392850431810317
falcon (n=52611),0.88367660322328,0.438415475046985
falcon (n=52611),0.884733335264571,0.492132552618579
falcon (n=52611),0.885790067305862,0.554057672116496
falcon (n=52611),0.886846799347153,0.623965797803015
falcon (n=52611),0.887903531388444,0.701303869260769
falcon (n=52611),0.888960263429734,0.785154304945454
falcon (n=52611),0.890016995471025,0.874214037973669
falcon (n=52611),0.891073727512316,0.966793858588682
falcon (n=52611),0.892130459553606,1.06067898553411
falcon (n=52611),0.893187191594897,1.15302854139514
falcon (n=52611),0.894243923636188,1.24121957579131
falcon (n=52611),0.895300655677479,1.32258400850279
falcon (n=52611),0.89635738771877,1.39453114372077
falcon (n=52611),0.89741411976006,1.45467566022392
falcon (n=52611),0.898470851801351,1.50095925520287
falcon (n=52611),0.899527583842642,1.53175815080384
falcon (n=52611),0.900584315883932,1.54596954178545
falcon (n=52611),0.901641047925223,1.54307132004406
falcon (n=52611),0.902697779966514,1.52315099701975
falcon (n=52611),0.903754512007805,1.4855467840044
falcon (n=52611),0.904811244049096,1.43305513295153
falcon (n=52611),0.905867976090386,1.36785322383777
falcon (n=52611),0.906924708131677,1.29216925525914
falcon (n=52611),0.907981440172968,1.20843822116071
falcon (n=52611),0.909038172214259,1.1191800906252
falcon (n=52611),0.910094904255549,1.02688309464945
falcon (n=52611),0.91115163629684,0.933898656744956
falcon (n=52611),0.912208368338131,0.84235330521585
falcon (n=52611),0.913265100379422,0.754081434671578
falcon (n=52611),0.914321832420712,0.670581121012509
falcon (n=52611),0.915378564462003,0.593525687183374
falcon (n=52611),0.916435296503294,0.523451532819899
falcon (n=52611),0.917492028544585,0.46050877726363
falcon (n=52611),0.918548760585875,0.404763958931762
falcon (n=52611),0.919605492627166,0.356062261199576
falcon (n=52611),0.920662224668457,0.314075379484324
falcon (n=52611),0.921718956709748,0.278347123759908
falcon (n=52611),0.922775688751038,0.248334677091682
falcon (n=52611),0.923832420792329,0.223444229398903
falcon (n=52611),0.92488915283362,0.20306042865537
falcon (n=52611),0.925945884874911,0.186569703161927
falcon (n=52611),0.927002616916201,0.173548594740462
falcon (n=52611),0.928059348957492,0.163285086483844
falcon (n=52611),0.929116080998783,0.155133099791542
falcon (n=52611),0.930172813040074,0.148642580511523
falcon (n=52611),0.931229545081364,0.14341584517099
falcon (n=52611),0.932286277122655,0.139108989062318
falcon (n=52611),0.933343009163946,0.13543214529376
falcon (n=52611),0.934399741205237,0.132148661919671
falcon (n=52611),0.935456473246527,0.129073221694675
falcon (n=52611),0.936513205287818,0.126068921098771
falcon (n=52611),0.937569937329109,0.12304334897382
falcon (n=52611),0.9386266693704,0.119939202172192
falcon (n=52611),0.939683401411691,0.116739938959666
falcon (n=52611),0.940740133452981,0.113467732891836
falcon (n=52611),0.941796865494272,0.110158578226744
falcon (n=52611),0.942853597535563,0.106861341190799
falcon (n=52611),0.943910329576853,0.103633143691697
falcon (n=52611),0.944967061618144,0.10053554593961
falcon (n=52611),0.946023793659435,0.0976314798610552
falcon (n=52611),0.947080525700726,0.0949827874585042
falcon (n=52611),0.948137257742017,0.0926481449309874
falcon (n=52611),0.949193989783307,0.0906811121551028
falcon (n=52611),0.950250721824598,0.0891447207114701
falcon (n=52611),0.951307453865889,0.0880950873125879
falcon (n=52611),0.952364185907179,0.087519183266093
falcon (n=52611),0.95342091794847,0.0874165400723462
falcon (n=52611),0.954477649989761,0.087766300007743
falcon (n=52611),0.955534382031052,0.0885254482220705
falcon (n=52611),0.956591114072343,0.0896284190928053
falcon (n=52611),0.957647846113633,0.0909883929785252
falcon (n=52611),0.958704578154924,0.0925004297134255
falcon (n=52611),0.959761310196215,0.0940463839593699
falcon (n=52611),0.960818042237505,0.0955013318272221
falcon (n=52611),0.961874774278796,0.0967331651323555
falcon (n=52611),0.962931506320087,0.0975903055636828
falcon (n=52611),0.963988238361378,0.0980009731767832
falcon (n=52611),0.965044970402669,0.0978983428711764
falcon (n=52611),0.966101702443959,0.0972415218630137
falcon (n=52611),0.96715843448525,0.0960154428964294
falcon (n=52611),0.968215166526541,0.0942289747248229
falcon (n=52611),0.969271898567832,0.0919118765299976
falcon (n=52611),0.970328630609122,0.0891114225810408
falcon (n=52611),0.971385362650413,0.0858896680527063
falcon (n=52611),0.972442094691704,0.0823224136767116
falcon (n=52611),0.973498826732995,0.0784998887295225
falcon (n=52611),0.974555558774285,0.0745449043677666
falcon (n=52611),0.975612290815576,0.0706494669165164
falcon (n=52611),0.976669022856867,0.0670438053784679
falcon (n=52611),0.977725754898158,0.0640490404191795
falcon (n=52611),0.978782486939448,0.0621085889104167
falcon (n=52611),0.979839218980739,0.0618212216057856
falcon (n=52611),0.98089595102203,0.0639717438842481
falcon (n=52611),0.981952683063321,0.0695536974766014
falcon (n=52611),0.983009415104611,0.0797770022700469
falcon (n=52611),0.984066147145902,0.0960522868962261
falcon (n=52611),0.985122879187193,0.119943018705775
falcon (n=52611),0.986179611228484,0.154230485543386
falcon (n=52611),0.987236343269774,0.199618960630602
falcon (n=52611),0.988293075311065,0.257085228760194
falcon (n=52611),0.989349807352356,0.327009160220629
falcon (n=52611),0.990406539393647,0.408899920650613
falcon (n=52611),0.991463271434938,0.501216349995248
falcon (n=52611),0.992520003476228,0.60126853295139
falcon (n=52611),0.993576735517519,0.70523085492024
falcon (n=52611),0.99463346755881,0.808287289256026
falcon (n=52611),0.9956901996001,0.904915892622298
falcon (n=52611),0.996746931641391,0.989302179509858
falcon (n=52611),0.997803663682682,1.05374435166835
falcon (n=52611),0.998860395723973,1.09446608907692
falcon (n=52611),0.999917127765264,1.10907243294294
falcon (n=52611),1.00097385980655,1.09663711251363
falcon (n=52611),1.00203059184784,1.0581221263236
falcon (n=52611),1.00308732388914,0.996248107668873
falcon (n=52611),1.00414405593043,0.915187403730982
falcon (n=52611),1.00520078797172,0.8201236921524
falcon (n=52611),1.00625752001301,0.716735552955213
falcon (n=52611),1.0073142520543,0.610667680132261
falcon (n=52611),1.00837098409559,0.507051885569423
falcon (n=52611),1.00942771613688,0.410905664793964
falcon (n=52611),1.01048444817817,0.325217882010958
falcon (n=52611),1.01154118021946,0.251218683769701
falcon (n=52611),1.01259791226075,0.189335951237933
falcon (n=52611),1.01365464430204,0.139169324689479
falcon (n=52611),1.01471137634333,0.0997206016079081
falcon (n=52611),1.01576810838462,0.0696215715420667
falcon (n=52611),1.01682484042592,0.047336962039504
falcon (n=52611),1.01788157246721,0.031328203792215
falcon (n=52611),1.0189383045085,0.020171444370095
falcon (n=52611),1.01999503654979,0.0126300251128179
galGal6 (n=49281),0.478062854167016,2.55760191057301e-05
galGal6 (n=49281),0.479127187418809,3.91892491753389e-05
galGal6 (n=49281),0.480191520670601,5.86593247964423e-05
galGal6 (n=49281),0.481255853922394,8.58104623334894e-05
galGal6 (n=49281),0.482320187174186,0.000122738932396346
galGal6 (n=49281),0.483384520425979,0.000171740707497802
galGal6 (n=49281),0.484448853677771,0.000235191001221579
galGal6 (n=49281),0.485513186929564,0.000315371882233871
galGal6 (n=49281),0.486577520181356,0.00041424833254338
galGal6 (n=49281),0.487641853433149,0.000534740541698398
galGal6 (n=49281),0.488706186684941,0.000676391585714479
galGal6 (n=49281),0.489770519936734,0.000836875218649099
galGal6 (n=49281),0.490834853188526,0.00101320164798329
galGal6 (n=49281),0.491899186440319,0.00120076513574546
galGal6 (n=49281),0.492963519692111,0.00139343111566805
galGal6 (n=49281),0.494027852943904,0.00158378331022714
galGal6 (n=49281),0.495092186195696,0.00176352813229245
galGal6 (n=49281),0.496156519447489,0.0019240377882715
galGal6 (n=49281),0.497220852699281,0.00205699765889578
galGal6 (n=49281),0.498285185951074,0.00215346182774071
galGal6 (n=49281),0.499349519202866,0.00220579578905383
galGal6 (n=49281),0.500413852454659,0.00221482013331554
galGal6 (n=49281),0.501478185706451,0.00218133385547492
galGal6 (n=49281),0.502542518958244,0.00210887843429223
galGal6 (n=49281),0.503606852210036,0.00200345328062928
galGal6 (n=49281),0.504671185461829,0.00187303013968631
galGal6 (n=49281),0.505735518713621,0.00172691458422838
galGal6 (n=49281),0.506799851965414,0.00157501282110305
galGal6 (n=49281),0.507864185217206,0.00142706767923145
galGal6 (n=49281),0.508928518468999,0.00129202190278167
galGal6 (n=49281),0.509992851720791,0.00118016362060901
galGal6 (n=49281),0.511057184972584,0.00109425210968373
galGal6 (n=49281),0.512121518224376,0.00103622880025174
galGal6 (n=49281),0.513185851476169,0.00100584657098065
galGal6 (n=49281),0.514250184727961,0.00100097145991662
galGal6 (n=49281),0.515314517979754,0.00101804536318378
galGal6 (n=49281),0.516378851231546,0.00105268441824896
galGal6 (n=49281),0.517443184483339,0.00110038400138671
galGal6 (n=49281),0.518507517735131,0.0011572976652519
galGal6 (n=49281),0.519571850986924,0.00122105383919082
galGal6 (n=49281),0.520636184238716,0.00129262064873693
galGal6 (n=49281),0.521700517490509,0.0013763296235988
galGal6 (n=49281),0.522764850742301,0.00148065610326826
galGal6 (n=49281),0.523829183994094,0.00161852054716154
galGal6 (n=49281),0.524893517245886,0.00180697267468009
galGal6 (n=49281),0.525957850497679,0.00206674325350248
galGal6 (n=49281),0.527022183749471,0.00242140019544207
galGal6 (n=49281),0.528086517001264,0.00289608761446192
galGal6 (n=49281),0.529150850253056,0.00351584963091165
galGal6 (n=49281),0.530215183504849,0.00430356945968099
galGal6 (n=49281),0.531279516756641,0.00528809619202747
galGal6 (n=49281),0.532343850008434,0.00648265623491879
galGal6 (n=49281),0.533408183260226,0.00787026913419989
galGal6 (n=49281),0.534472516512019,0.00943357232077378
galGal6 (n=49281),0.535536849763811,0.0111415886116901
galGal6 (n=49281),0.536601183015604,0.0129502033932527
galGal6 (n=49281),0.537665516267396,0.0148039431723513
galGal6 (n=49281),0.538729849519189,0.0166390830645074
galGal6 (n=49281),0.539794182770981,0.0183879915355138
galGal6 (n=49281),0.540858516022774,0.0199844953784741
galGal6 (n=49281),0.541922849274566,0.0213653740198917
galGal6 (n=49281),0.542987182526359,0.0224609492228528
galGal6 (n=49281),0.544051515778151,0.0232789749764937
galGal6 (n=49281),0.545115849029944,0.0238307299434047
galGal6 (n=49281),0.546180182281736,0.0241531755283334
galGal6 (n=49281),0.547244515533529,0.0243068920231941
galGal6 (n=49281),0.548308848785321,0.0243717124906624
galGal6 (n=49281),0.549373182037114,0.0244403488374923
galGal6 (n=49281),0.550437515288906,0.0246104695818871
galGal6 (n=49281),0.551501848540699,0.0249758274305976
galGal6 (n=49281),0.552566181792491,0.0256171444392292
galGal6 (n=49281),0.553630515044284,0.0266304338151657
galGal6 (n=49281),0.554694848296076,0.028011037960259
galGal6 (n=49281),0.555759181547869,0.029733690089634
galGal6 (n=49281),0.556823514799661,0.0317467487684309
galGal6 (n=49281),0.557887848051454,0.0339709357977946
galGal6 (n=49281),0.558952181303246,0.0363072357981935
galGal6 (n=49281),0.560016514555039,0.0386472527432742
galGal6 (n=49281),0.561080847806831,0.0408852483827214
galGal6 (n=49281),0.562145181058624,0.0429308925379827
galGal6 (n=49281),0.563209514310416,0.0447215971029757
galGal6 (n=49281),0.564273847562209,0.0462173374544521
galGal6 (n=49281),0.565338180814001,0.0474616727153769
galGal6 (n=49281),0.566402514065794,0.0485605390966189
galGal6 (n=49281),0.567466847317586,0.0496440790765935
galGal6 (n=49281),0.568531180569379,0.0508689589014662
galGal6 (n=49281),0.569595513821171,0.0524019048874291
galGal6 (n=49281),0.570659847072964,0.0544009079100275
galGal6 (n=49281),0.571724180324756,0.0569958841987647
galGal6 (n=49281),0.572788513576549,0.0602707531493751
galGal6 (n=49281),0.573852846828341,0.0642489469568784
galGal6 (n=49281),0.574917180080134,0.0688997980312473
galGal6 (n=49281),0.575981513331926,0.0741019118039481
galGal6 (n=49281),0.577045846583719,0.0795947899872354
galGal6 (n=49281),0.578110179835511,0.0851457756224563
galGal6 (n=49281),0.579174513087304,0.0905189110528867
galGal6 (n=49281),0.580238846339096,0.0955042876557006
galGal6 (n=49281),0.581303179590889,0.0999460006444846
galGal6 (n=49281),0.582367512842681,0.103765489773577
galGal6 (n=49281),0.583431846094474,0.106977315514551
galGal6 (n=49281),0.584496179346266,0.109694919019794
galGal6 (n=49281),0.585560512598059,0.112124640756459
galGal6 (n=49281),0.586624845849851,0.11459303930893
galGal6 (n=49281),0.587689179101644,0.117460414222896
galGal6 (n=49281),0.588753512353436,0.121022177252326
galGal6 (n=49281),0.589817845605229,0.125504374045415
galGal6 (n=49281),0.590882178857021,0.131028836483213
galGal6 (n=49281),0.591946512108814,0.137589850573896
galGal6 (n=49281),0.593010845360606,0.145045233100148
galGal6 (n=49281),0.594075178612399,0.153123493395485
galGal6 (n=49281),0.595139511864191,0.161447216781781
galGal6 (n=49281),0.596203845115984,0.169571164138701
galGal6 (n=49281),0.597268178367776,0.176940433456606
galGal6 (n=49281),0.598332511619569,0.183113172642357
galGal6 (n=49281),0.599396844871361,0.187857206023501
galGal6 (n=49281),0.600461178123154,0.19106616716812
galGal6 (n=49281),0.601525511374946,0.192799513888379
galGal6 (n=49281),0.602589844626739,0.193273943906282
galGal6 (n=49281),0.603654177878531,0.192836200602107
galGal6 (n=49281),0.604718511130324,0.191920473151306
galGal6 (n=49281),0.605782844382116,0.190995115335754
galGal6 (n=49281),0.606847177633909,0.190504569248378
galGal6 (n=49281),0.607911510885701,0.190858557277871
galGal6 (n=49281),0.608975844137494,0.192331121076625
galGal6 (n=49281),0.610040177389286,0.19486097012484
galGal6 (n=49281),0.611104510641079,0.198291466376982
galGal6 (n=49281),0.612168843892871,0.202335549624197
galGal6 (n=49281),0.613233177144664,0.206616409713345
galGal6 (n=49281),0.614297510396456,0.210716394665602
galGal6 (n=49281),0.615361843648249,0.214228413104307
galGal6 (n=49281),0.616426176900041,0.216804193994299
galGal6 (n=49281),0.617490510151834,0.218194279841307
galGal6 (n=49281),0.618554843403626,0.218265500440179
galGal6 (n=49281),0.619619176655419,0.216926873371159
galGal6 (n=49281),0.620683509907211,0.214524206688946
galGal6 (n=49281),0.621747843159004,0.211344810104953
galGal6 (n=49281),0.622812176410796,0.20772765909898
galGal6 (n=49281),0.623876509662589,0.204025023726911
galGal6 (n=49281),0.624940842914381,0.200566871386405
galGal6 (n=49281),0.626005176166174,0.197631255761717
galGal6 (n=49281),0.627069509417966,0.195423059371695
galGal6 (n=49281),0.628133842669759,0.194062563319544
galGal6 (n=49281),0.629198175921551,0.193584397057915
galGal6 (n=49281),0.630262509173344,0.194012114794948
galGal6 (n=49281),0.631326842425136,0.19516770625921
galGal6 (n=49281),0.632391175676929,0.196898276935489
galGal6 (n=49281),0.633455508928721,0.199088522979918
galGal6 (n=49281),0.634519842180514,0.201662563586056
galGal6 (n=49281),0.635584175432306,0.204603201192578
galGal6 (n=49281),0.636648508684099,0.207963272334291
galGal6 (n=49281),0.637712841935891,0.211867443070752
galGal6 (n=49281),0.638777175187684,0.216503543822356
galGal6 (n=49281),0.639841508439476,0.222103435852083
galGal6 (n=49281),0.640905841691269,0.228997680371133
galGal6 (n=49281),0.641970174943061,0.237449560661359
galGal6 (n=49281),0.643034508194854,0.247503857668371
galGal6 (n=49281),0.644098841446646,0.259179802560398
galGal6 (n=49281),0.645163174698439,0.272385895564143
galGal6 (n=49281),0.646227507950231,0.286930654200404
galGal6 (n=49281),0.647291841202024,0.30255096733414
galGal6 (n=49281),0.648356174453816,0.318955229745957
galGal6 (n=49281),0.649420507705609,0.335876136853238
galGal6 (n=49281),0.650484840957401,0.353126054745503
galGal6 (n=49281),0.651549174209194,0.370655265973602
galGal6 (n=49281),0.652613507460986,0.388651526513477
galGal6 (n=49281),0.653677840712779,0.407420476756168
galGal6 (n=49281),0.654742173964571,0.427395154392253
galGal6 (n=49281),0.655806507216364,0.449034485819911
galGal6 (n=49281),0.656870840468156,0.472739949789318
galGal6 (n=49281),0.657935173719949,0.498777172780089
galGal6 (n=49281),0.658999506971741,0.527216072245101
galGal6 (n=49281),0.660063840223534,0.557901173110926
galGal6 (n=49281),0.661128173475326,0.590460388488861
galGal6 (n=49281),0.662192506727119,0.624355949130695
galGal6 (n=49281),0.663256839978911,0.658985256498962
galGal6 (n=49281),0.664321173230704,0.693710973220008
galGal6 (n=49281),0.665385506482496,0.728285157688752
galGal6 (n=49281),0.666449839734289,0.762785378326288
galGal6 (n=49281),0.667514172986081,0.797618412896404
galGal6 (n=49281),0.668578506237874,0.833474449860449
galGal6 (n=49281),0.669642839489666,0.871227469237465
galGal6 (n=49281),0.670707172741459,0.911795328804841
galGal6 (n=49281),0.671771505993251,0.955979613964087
galGal6 (n=49281),0.672835839245044,1.00431014044764
galGal6 (n=49281),0.673900172496836,1.05718534352543
galGal6 (n=49281),0.674964505748629,1.11402381864793
galGal6 (n=49281),0.676028839000421,1.17373569228394
galGal6 (n=49281),0.677093172252214,1.23525565400838
galGal6 (n=49281),0.678157505504006,1.29752858849349
galGal6 (n=49281),0.679221838755799,1.35970890207224
galGal6 (n=49281),0.680286172007591,1.42132476836534
galGal6 (n=49281),0.681350505259384,1.48237915403968
galGal6 (n=49281),0.682414838511176,1.5433680576584
galGal6 (n=49281),0.683479171762969,1.60520730049585
galGal6 (n=49281),0.684543505014761,1.66918717972286
galGal6 (n=49281),0.685607838266554,1.73682916328876
galGal6 (n=49281),0.686672171518346,1.80870565864695
galGal6 (n=49281),0.687736504770139,1.88501896572055
galGal6 (n=49281),0.688800838021931,1.96536220895307
galGal6 (n=49281),0.689865171273724,2.04876884122833
galGal6 (n=49281),0.690929504525516,2.13386054983709
galGal6 (n=49281),0.691993837777309,2.21906820641757
galGal6 (n=49281),0.693058171029101,2.30289034293813
galGal6 (n=49281),0.694122504280894,2.38414742423877
galGal6 (n=49281),0.695186837532686,2.46218828247237
galGal6 (n=49281),0.696251170784479,2.53674148054608
galGal6 (n=49281),0.697315504036271,2.60904241775574
galGal6 (n=49281),0.698379837288064,2.68030527938659
galGal6 (n=49281),0.699444170539856,2.75183242137041
galGal6 (n=49281),0.700508503791649,2.82477624269822
galGal6 (n=49281),0.701572837043441,2.89995686138216
galGal6 (n=49281),0.702637170295234,2.97777640947389
galGal6 (n=49281),0.703701503547026,3.05824993242504
galGal6 (n=49281),0.704765836798819,3.14115558355492
galGal6 (n=49281),0.705830170050611,3.22628833977685
galGal6 (n=49281),0.706894503302404,3.31408874088117
galGal6 (n=49281),0.707958836554196,3.40571633038975
galGal6 (n=49281),0.709023169805989,3.50334829172975
galGal6 (n=49281),0.710087503057781,3.61027968267302
galGal6 (n=49281),0.711151836309574,3.73064363024757
galGal6 (n=49281),0.712216169561366,3.86906586527756
galGal6 (n=49281),0.713280502813159,4.03019699573463
galGal6 (n=49281),0.714344836064951,4.21817150883678
galGal6 (n=49281),0.715409169316744,4.43605117232303
galGal6 (n=49281),0.716473502568536,4.68531485802563
galGal6 (n=49281),0.717537835820329,4.96673393457791
galGal6 (n=49281),0.718602169072121,5.27721676771587
galGal6 (n=49281),0.719666502323914,5.60869044374922
galGal6 (n=49281),0.720730835575706,5.95369398481808
galGal6 (n=49281),0.721795168827499,6.30371629209214
galGal6 (n=49281),0.722859502079291,6.64988662931091
galGal6 (n=49281),0.723923835331084,6.98369345332468
galGal6 (n=49281),0.724988168582876,7.29765672870136
galGal6 (n=49281),0.726052501834669,7.58588209041918
galGal6 (n=49281),0.727116835086461,7.84443421670656
galGal6 (n=49281),0.728181168338254,8.0711290288638
galGal6 (n=49281),0.729245501590046,8.26340076249191
galGal6 (n=49281),0.730309834841839,8.42693086517425
galGal6 (n=49281),0.731374168093631,8.56458872020608
galGal6 (n=49281),0.732438501345424,8.67927392925295
galGal6 (n=49281),0.733502834597216,8.77344113628186
galGal6 (n=49281),0.734567167849009,8.84880253630863
galGal6 (n=49281),0.735631501100801,8.90623194282711
galGal6 (n=49281),0.736695834352594,8.94586243707654
galGal6 (n=49281),0.737760167604386,8.96734071642364
galGal6 (n=49281),0.738824500856179,8.97017643087107
galGal6 (n=49281),0.739888834107971,8.9523421667216
galGal6 (n=49281),0.740953167359764,8.91569224891087
galGal6 (n=49281),0.742017500611556,8.86184507763415
galGal6 (n=49281),0.743081833863349,8.79242224606922
galGal6 (n=49281),0.744146167115141,8.70927306194912
galGal6 (n=49281),0.745210500366934,8.61422351127614
galGal6 (n=49281),0.746274833618726,8.50886502264265
galGal6 (n=49281),0.747339166870519,8.39442038752934
galGal6 (n=49281),0.748403500122311,8.27170415695459
galGal6 (n=49281),0.749467833374104,8.14117309491578
galGal6 (n=49281),0.750532166625896,8.002589497549
galGal6 (n=49281),0.751596499877689,7.85607301902326
galGal6 (n=49281),0.752660833129481,7.70216036345229
galGal6 (n=49281),0.753725166381274,7.54089505225918
galGal6 (n=49281),0.754789499633066,7.37220498345701
galGal6 (n=49281),0.755853832884859,7.1958217084832
galGal6 (n=49281),0.756918166136651,7.01123918031064
galGal6 (n=49281),0.757982499388444,6.81774196740005
galGal6 (n=49281),0.759046832640236,6.61451856034667
galGal6 (n=49281),0.760111165892029,6.40085830066437
galGal6 (n=49281),0.761175499143821,6.17616112285111
galGal6 (n=49281),0.762239832395614,5.9402431417194
galGal6 (n=49281),0.763304165647406,5.69580161999007
galGal6 (n=49281),0.764368498899199,5.4455176821837
galGal6 (n=49281),0.765432832150991,5.19298140997632
galGal6 (n=49281),0.766497165402784,4.94247078121875
galGal6 (n=49281),0.767561498654576,4.69865668585106
galGal6 (n=49281),0.768625831906369,4.46627683401076
galGal6 (n=49281),0.769690165158161,4.24982142522463
galGal6 (n=49281),0.770754498409954,4.05326904167346
galGal6 (n=49281),0.771818831661746,3.87990259717195
galGal6 (n=49281),0.772883164913539,3.73523904443979
galGal6 (n=49281),0.773947498165331,3.61852488085167
galGal6 (n=49281),0.775011831417124,3.5302999295288
galGal6 (n=49281),0.776076164668916,3.47095016794176
galGal6 (n=49281),0.777140497920709,3.44052688838832
galGal6 (n=49281),0.778204831172501,3.43882328462932
galGal6 (n=49281),0.779269164424294,3.46541104621775
galGal6 (n=49281),0.780333497676086,3.51964232356199
galGal6 (n=49281),0.781397830927879,3.60062919714374
galGal6 (n=49281),0.782462164179671,3.70721745204579
galGal6 (n=49281),0.783526497431464,3.83959021677869
galGal6 (n=49281),0.784590830683256,3.99504714468208
galGal6 (n=49281),0.785655163935049,4.17050872527496
galGal6 (n=49281),0.786719497186841,4.3639596510059
galGal6 (n=49281),0.787783830438634,4.57337678580809
galGal6 (n=49281),0.788848163690426,4.79674827879387
galGal6 (n=49281),0.789912496942219,5.03203987328385
galGal6 (n=49281),0.790976830194011,5.27710874897229
galGal6 (n=49281),0.792041163445804,5.52957590866887
galGal6 (n=49281),0.793105496697596,5.78667786612409
galGal6 (n=49281),0.794169829949389,6.04499836657662
galGal6 (n=49281),0.795234163201181,6.29962133294295
galGal6 (n=49281),0.796298496452974,6.54565581308396
galGal6 (n=49281),0.797362829704766,6.77786296137364
galGal6 (n=49281),0.798427162956559,6.99075758716679
galGal6 (n=49281),0.799491496208351,7.17882720119089
galGal6 (n=49281),0.800555829460144,7.33674345583706
galGal6 (n=49281),0.801620162711936,7.45954734012725
galGal6 (n=49281),0.802684495963729,7.54279998156589
galGal6 (n=49281),0.803748829215521,7.58270165932145
galGal6 (n=49281),0.804813162467314,7.57610816456289
galGal6 (n=49281),0.805877495719106,7.5149753736226
galGal6 (n=49281),0.806941828970899,7.40413044823455
galGal6 (n=49281),0.808006162222691,7.24416233675803
galGal6 (n=49281),0.809070495474484,7.03711135421915
galGal6 (n=49281),0.810134828726276,6.78658994508315
galGal6 (n=49281),0.811199161978069,6.49780870035123
galGal6 (n=49281),0.812263495229861,6.1774782372424
galGal6 (n=49281),0.813327828481654,5.83357237831516
galGal6 (n=49281),0.814392161733446,5.47495500103143
galGal6 (n=49281),0.815456494985239,5.11089122962883
galGal6 (n=49281),0.816520828237031,4.75164811246509
galGal6 (n=49281),0.817585161488824,4.40635331845892
galGal6 (n=49281),0.818649494740616,4.08108809933609
galGal6 (n=49281),0.819713827992409,3.78029463551973
galGal6 (n=49281),0.820778161244201,3.50655035285942
galGal6 (n=49281),0.821842494495994,3.26065101955599
galGal6 (n=49281),0.822906827747786,3.04182523179155
galGal6 (n=49281),0.823971160999579,2.84804587846642
galGal6 (n=49281),0.825035494251371,2.67639961721646
galGal6 (n=49281),0.826099827503164,2.5234742726929
galGal6 (n=49281),0.827164160754956,2.38629814134164
galGal6 (n=49281),0.828228494006749,2.26120498588484
galGal6 (n=49281),0.829292827258541,2.14448814538337
galGal6 (n=49281),0.830357160510334,2.03409442339329
galGal6 (n=49281),0.831421493762126,1.92858283889789
galGal6 (n=49281),0.832485827013919,1.82708063120425
galGal6 (n=49281),0.833550160265711,1.72920362682064
galGal6 (n=49281),0.834614493517504,1.63495497306039
galGal6 (n=49281),0.835678826769296,1.54461466588694
galGal6 (n=49281),0.836743160021089,1.45863027671968
galGal6 (n=49281),0.837807493272881,1.37759721363684
galGal6 (n=49281),0.838871826524674,1.30256186885645
galGal6 (n=49281),0.839936159776466,1.23335769170491
galGal6 (n=49281),0.841000493028259,1.17018290306302
galGal6 (n=49281),0.842064826280051,1.11306965194707
galGal6 (n=49281),0.843129159531844,1.06188161666504
galGal6 (n=49281),0.844193492783636,1.01632217809676
galGal6 (n=49281),0.845257826035429,0.975951241308773
galGal6 (n=49281),0.846322159287221,0.940208903693594
galGal6 (n=49281),0.847386492539014,0.908444288124679
galGal6 (n=49281),0.848450825790806,0.879947972982842
galGal6 (n=49281),0.849515159042599,0.854151148824767
galGal6 (n=49281),0.850579492294391,0.830043150381828
galGal6 (n=49281),0.851643825546184,0.8069398572151
galGal6 (n=49281),0.852708158797976,0.784303359251951
galGal6 (n=49281),0.853772492049769,0.761711417653841
galGal6 (n=49281),0.854836825301561,0.738871658793139
galGal6 (n=49281),0.855901158553354,0.715628086250393
galGal6 (n=49281),0.856965491805146,0.691959422606411
galGal6 (n=49281),0.858029825056939,0.667969208241041
galGal6 (n=49281),0.859094158308731,0.643868061616466
galGal6 (n=49281),0.860158491560524,0.619987384740461
galGal6 (n=49281),0.861222824812316,0.596742718670815
galGal6 (n=49281),0.862287158064109,0.57447659180471
galGal6 (n=49281),0.863351491315901,0.553513032452122
galGal6 (n=49281),0.864415824567694,0.534125435112138
galGal6 (n=49281),0.865480157819486,0.516524960722567
galGal6 (n=49281),0.866544491071279,0.500858486307776
galGal6 (n=49281),0.867608824323071,0.487216029948601
galGal6 (n=49281),0.868673157574864,0.47564675971795
galGal6 (n=49281),0.869737490826656,0.46618194647054
galGal6 (n=49281),0.870801824078449,0.458925485009062
galGal6 (n=49281),0.871866157330241,0.45413420969928
galGal6 (n=49281),0.872930490582034,0.451799712038078
galGal6 (n=49281),0.873994823833826,0.452211113272037
galGal6 (n=49281),0.875059157085619,0.455762238265313
galGal6 (n=49281),0.876123490337411,0.462948243964302
galGal6 (n=49281),0.877187823589204,0.474352706196115
galGal6 (n=49281),0.878252156840996,0.490625585301617
galGal6 (n=49281),0.879316490092789,0.512452819449024
galGal6 (n=49281),0.880380823344581,0.540518574476795
galGal6 (n=49281),0.881445156596374,0.575461415175836
galGal6 (n=49281),0.882509489848166,0.618708657129975
galGal6 (n=49281),0.883573823099959,0.669858258073378
galGal6 (n=49281),0.884638156351751,0.728922391487999
galGal6 (n=49281),0.885702489603544,0.795698018840128
galGal6 (n=49281),0.886766822855336,0.869674467623523
galGal6 (n=49281),0.887831156107129,0.950012180256112
galGal6 (n=49281),0.888895489358921,1.03553596268283
galGal6 (n=49281),0.889959822610714,1.12474468996005
galGal6 (n=49281),0.891024155862506,1.215838747501
galGal6 (n=49281),0.892088489114299,1.30676566821934
galGal6 (n=49281),0.893152822366091,1.39487813484378
galGal6 (n=49281),0.894217155617884,1.47748095735352
galGal6 (n=49281),0.895281488869676,1.5523834290281
galGal6 (n=49281),0.896345822121469,1.61743694721572
galGal6 (n=49281),0.897410155373261,1.67074408191152
galGal6 (n=49281),0.898474488625054,1.71074283403665
galGal6 (n=49281),0.899538821876846,1.73627600179079
galGal6 (n=49281),0.900603155128639,1.7466420785149
galGal6 (n=49281),0.901667488380431,1.74162505089294
galGal6 (n=49281),0.902731821632224,1.7215015115554
galGal6 (n=49281),0.903796154884016,1.68649786615874
galGal6 (n=49281),0.904860488135809,1.63761466103703
galGal6 (n=49281),0.905924821387601,1.57768731664855
galGal6 (n=49281),0.906989154639394,1.50865066405883
galGal6 (n=49281),0.908053487891186,1.43258543214237
galGal6 (n=49281),0.909117821142979,1.35162794683208
galGal6 (n=49281),0.910182154394771,1.2678845278957
galGal6 (n=49281),0.911246487646564,1.18335432433499
galGal6 (n=49281),0.912310820898356,1.09986363365429
galGal6 (n=49281),0.913375154150149,1.01901397680461
galGal6 (n=49281),0.914439487401941,0.942171858944658
galGal6 (n=49281),0.915503820653734,0.871058529454443
galGal6 (n=49281),0.916568153905526,0.805854795996773
galGal6 (n=49281),0.917632487157319,0.746939866447597
galGal6 (n=49281),0.918696820409111,0.694459902274467
galGal6 (n=49281),0.919761153660904,0.64836176327278
galGal6 (n=49281),0.920825486912696,0.608429571830317
galGal6 (n=49281),0.921889820164489,0.574321957313924
galGal6 (n=49281),0.922954153416281,0.545608162923469
galGal6 (n=49281),0.924018486668074,0.521801551935038
galGal6 (n=49281),0.925082819919866,0.502389429439958
galGal6 (n=49281),0.926147153171659,0.487153621860645
galGal6 (n=49281),0.927211486423451,0.475302528587472
galGal6 (n=49281),0.928275819675244,0.466285664288512
galGal6 (n=49281),0.929340152927036,0.459721403101128
galGal6 (n=49281),0.930404486178829,0.455283517667643
galGal6 (n=49281),0.931468819430621,0.452702015611448
galGal6 (n=49281),0.932533152682414,0.451761064646742
galGal6 (n=49281),0.933597485934206,0.452294284906715
galGal6 (n=49281),0.934661819185999,0.454177739165016
galGal6 (n=49281),0.935726152437791,0.457321029563704
galGal6 (n=49281),0.936790485689584,0.461717895202283
galGal6 (n=49281),0.937854818941376,0.467315859637813
galGal6 (n=49281),0.938919152193169,0.473977436572243
galGal6 (n=49281),0.939983485444961,0.481631464421661
galGal6 (n=49281),0.941047818696754,0.490189434170619
galGal6 (n=49281),0.942112151948546,0.499543907159505
galGal6 (n=49281),0.943176485200339,0.509569993184262
galGal6 (n=49281),0.944240818452131,0.520129677851513
galGal6 (n=49281),0.945305151703924,0.531078581494747
galGal6 (n=49281),0.946369484955716,0.542274550314034
galGal6 (n=49281),0.947433818207509,0.55358729537869
galGal6 (n=49281),0.948498151459301,0.564898074630682
galGal6 (n=49281),0.949562484711094,0.576135497101846
galGal6 (n=49281),0.950626817962886,0.587280042167437
galGal6 (n=49281),0.951691151214679,0.598353277729952
galGal6 (n=49281),0.952755484466471,0.60941534969742
galGal6 (n=49281),0.953819817718264,0.620559155527693
galGal6 (n=49281),0.954884150970056,0.631901597923074
galGal6 (n=49281),0.955948484221849,0.643572536124021
galGal6 (n=49281),0.957012817473641,0.655702235155467
galGal6 (n=49281),0.958077150725434,0.668408252827157
galGal6 (n=49281),0.959141483977226,0.681857015631568
galGal6 (n=49281),0.960205817229019,0.696039427590054
galGal6 (n=49281),0.961270150480811,0.710929908366764
galGal6 (n=49281),0.962334483732604,0.726463721577128
galGal6 (n=49281),0.963398816984396,0.742525291484213
galGal6 (n=49281),0.964463150236189,0.758950440123017
galGal6 (n=49281),0.965527483487981,0.775530147654574
galGal6 (n=49281),0.966591816739774,0.79201535575089
galGal6 (n=49281),0.967656149991566,0.808122502932446
galGal6 (n=49281),0.968720483243359,0.823539726385169
galGal6 (n=49281),0.969784816495151,0.837837358330133
galGal6 (n=49281),0.970849149746944,0.850618914558624
galGal6 (n=49281),0.971913482998736,0.861609341326237
galGal6 (n=49281),0.972977816250529,0.870515760777854
galGal6 (n=49281),0.974042149502321,0.877116204824273
galGal6 (n=49281),0.975106482754114,0.881301295117913
galGal6 (n=49281),0.976170816005906,0.88312439553168
galGal6 (n=49281),0.977235149257699,0.882858499389213
galGal6 (n=49281),0.978299482509491,0.881056680490245
galGal6 (n=49281),0.979363815761284,0.878611367521835
galGal6 (n=49281),0.980428149013076,0.87689185092933
galGal6 (n=49281),0.981492482264869,0.878157243856191
galGal6 (n=49281),0.982556815516661,0.884653176967686
galGal6 (n=49281),0.983621148768454,0.89899693595187
galGal6 (n=49281),0.984685482020246,0.923962780746493
galGal6 (n=49281),0.985749815272039,0.962270085203665
galGal6 (n=49281),0.986814148523831,1.01631936955713
galGal6 (n=49281),0.987878481775624,1.08789158651207
galGal6 (n=49281),0.988942815027416,1.17783315808326
galGal6 (n=49281),0.990007148279209,1.28575561728875
galGal6 (n=49281),0.991071481531001,1.40978405124101
galGal6 (n=49281),0.992135814782794,1.54702346116765
galGal6 (n=49281),0.993200148034586,1.6897253315857
galGal6 (n=49281),0.994264481286379,1.83066638011085
galGal6 (n=49281),0.995328814538171,1.96186709230438
galGal6 (n=49281),0.996393147789964,2.075125754924
galGal6 (n=49281),0.997457481041756,2.16267009321426
galGal6 (n=49281),0.998521814293549,2.21781161994189
galGal6 (n=49281),0.999586147545341,2.23553880204941
galGal6 (n=49281),1.00065048079713,2.21298825452908
galGal6 (n=49281),1.00171481404893,2.14974131707885
galGal6 (n=49281),1.00277914730072,2.04529777743554
galGal6 (n=49281),1.00384348055251,1.90701879494833
galGal6 (n=49281),1.0049078138043,1.74343460639316
galGal6 (n=49281),1.0059721470561,1.56248055052108
galGal6 (n=49281),1.00703648030789,1.37237615942994
galGal6 (n=49281),1.00810081355968,1.18101349315331
galGal6 (n=49281),1.00916514681147,0.995440855742623
galGal6 (n=49281),1.01022948006327,0.821476413338506
galGal6 (n=49281),1.01129381331506,0.663470928325116
galGal6 (n=49281),1.01235814656685,0.52422338083853
galGal6 (n=49281),1.01342247981864,0.405917748295805
galGal6 (n=49281),1.01448681307044,0.308922271405757
galGal6 (n=49281),1.01555114632223,0.230315321112843
galGal6 (n=49281),1.01661547957402,0.168140889038
galGal6 (n=49281),1.01767981282581,0.120143030064712
galGal6 (n=49281),1.01874414607761,0.0839822732086109
galGal6 (n=49281),1.0198084793294,0.0574021238300986
galGal6 (n=49281),1.02087281258119,0.0383452493077393
galGal6 (n=49281),1.02193714583298,0.0250230185070013
hg38 (n=1164056),0.51897287898161,2.3795998046392e-05
hg38 (n=1164056),0.519919637049069,0.000155853651512423
hg38 (n=1164056),0.520866395116528,0.000455528722493336
hg38 (n=1164056),0.521813153183987,0.000626736464861352
hg38 (n=1164056),0.522759911251446,0.000404567290309388
hg38 (n=1164056),0.523706669318905,0.000126500576251529
hg38 (n=1164056),0.524653427386364,1.87164865798654e-05
hg38 (n=1164056),0.525600185453823,1.14635666933991e-06
hg38 (n=1164056),0.526546943521282,2.57870164222613e-08
hg38 (n=1164056),0.527493701588741,2.01271237730767e-10
hg38 (n=1164056),0.5284404596562,5.34111110694143e-13
hg38 (n=1164056),0.529387217723659,3.68660325078131e-16
hg38 (n=1164056),0.530333975791118,0
hg38 (n=1164056),0.531280733858577,0
hg38 (n=1164056),0.532227491926036,0
hg38 (n=1164056),0.533174249993495,1.10405461232288e-16
hg38 (n=1164056),0.534121008060954,2.16864403144273e-15
hg38 (n=1164056),0.535067766128413,2.29958033249089e-12
hg38 (n=1164056),0.536014524195872,8.85386920084118e-10
hg38 (n=1164056),0.536961282263331,1.15514819796757e-07
hg38 (n=1164056),0.53790804033079,5.16463335953548e-06
hg38 (n=1164056),0.53885479839825,8.16384171668102e-05
hg38 (n=1164056),0.539801556465709,0.000493292530590507
hg38 (n=1164056),0.540748314533168,0.00131295143344783
hg38 (n=1164056),0.541695072600627,0.0017768157917781
hg38 (n=1164056),0.542641830668086,0.00144188351358558
hg38 (n=1164056),0.543588588735545,0.00159079163901553
hg38 (n=1164056),0.544535346803004,0.00313579692012968
hg38 (n=1164056),0.545482104870463,0.00415811808860348
hg38 (n=1164056),0.546428862937922,0.00293141982208278
hg38 (n=1164056),0.547375621005381,0.00103967791025533
hg38 (n=1164056),0.54832237907284,0.000165286049257057
hg38 (n=1164056),0.549269137140299,1.02384088823054e-05
hg38 (n=1164056),0.550215895207758,2.28899560046394e-07
hg38 (n=1164056),0.551162653275217,1.18782634614053e-07
hg38 (n=1164056),0.552109411342676,2.37766137242795e-06
hg38 (n=1164056),0.553056169410135,2.26865272654532e-05
hg38 (n=1164056),0.554002927477594,0.00010855711949279
hg38 (n=1164056),0.554949685545053,0.000264996625368698
hg38 (n=1164056),0.555896443612512,0.000320006738911277
hg38 (n=1164056),0.556843201679971,0.00022824715054967
hg38 (n=1164056),0.55778995974743,0.00052211223759061
hg38 (n=1164056),0.558736717814889,0.00175722560179998
hg38 (n=1164056),0.559683475882348,0.003209671823389
hg38 (n=1164056),0.560630233949807,0.00294929772005207
hg38 (n=1164056),0.561576992017266,0.00129201936125056
hg38 (n=1164056),0.562523750084725,0.0005468137381585
hg38 (n=1164056),0.563470508152184,0.00208269609655161
hg38 (n=1164056),0.564417266219643,0.00672390551355249
hg38 (n=1164056),0.565364024287102,0.00973888185948364
hg38 (n=1164056),0.566310782354561,0.00539272316833001
hg38 (n=1164056),0.56725754042202,0.00105262382633535
hg38 (n=1164056),0.568204298489479,7.02760367736131e-05
hg38 (n=1164056),0.569151056556938,1.58918017398301e-06
hg38 (n=1164056),0.570097814624397,1.21362497421748e-08
hg38 (n=1164056),0.571044572691856,1.1001195453883e-10
hg38 (n=1164056),0.571991330759316,5.712715532165e-09
hg38 (n=1164056),0.572938088826775,7.48572121071923e-07
hg38 (n=1164056),0.573884846894234,3.31478455553923e-05
hg38 (n=1164056),0.574831604961693,0.000498143150920625
hg38 (n=1164056),0.575778363029152,0.00257556527381056
hg38 (n=1164056),0.576725121096611,0.00478242372145095
hg38 (n=1164056),0.57767187916407,0.0036142671038495
hg38 (n=1164056),0.578618637231529,0.00148117909005317
hg38 (n=1164056),0.579565395298988,0.000517937593388393
hg38 (n=1164056),0.580512153366447,0.000956146445941702
hg38 (n=1164056),0.581458911433906,0.00595481877501052
hg38 (n=1164056),0.582405669501365,0.0192676214217771
hg38 (n=1164056),0.583352427568824,0.0284182254404469
hg38 (n=1164056),0.584299185636283,0.0186752828466112
hg38 (n=1164056),0.585245943703742,0.00576833013183251
hg38 (n=1164056),0.586192701771201,0.000842253841659892
hg38 (n=1164056),0.58713945983866,5.35511838277111e-05
hg38 (n=1164056),0.588086217906119,3.66416794434056e-05
hg38 (n=1164056),0.589032975973578,0.000237392428225351
hg38 (n=1164056),0.589979734041037,0.00081903025661502
hg38 (n=1164056),0.590926492108496,0.00186862704532184
hg38 (n=1164056),0.591873250175955,0.00290828004070376
hg38 (n=1164056),0.592820008243414,0.0028304919885315
hg38 (n=1164056),0.593766766310873,0.00160748036818905
hg38 (n=1164056),0.594713524378332,0.000498114460905677
hg38 (n=1164056),0.595660282445791,8.01212459372738e-05
hg38 (n=1164056),0.59660704051325,0.000259363881871198
hg38 (n=1164056),0.597553798580709,0.00390115552522955
hg38 (n=1164056),0.598500556648168,0.0216135573271159
hg38 (n=1164056),0.599447314715627,0.0480566202288532
hg38 (n=1164056),0.600394072783086,0.0493497656818244
hg38 (n=1164056),0.601340830850545,0.024998184784788
hg38 (n=1164056),0.602287588918004,0.00617329876905398
hg38 (n=1164056),0.603234346985463,0.000736079231986617
hg38 (n=1164056),0.604181105052922,8.01948685840158e-05
hg38 (n=1164056),0.605127863120381,0.000269617866843844
hg38 (n=1164056),0.60607462118784,0.00085835241918207
hg38 (n=1164056),0.6070213792553,0.00167408188498956
hg38 (n=1164056),0.607968137322759,0.00219798340812138
hg38 (n=1164056),0.608914895390218,0.00188632868208277
hg38 (n=1164056),0.609861653457677,0.000948151252131211
hg38 (n=1164056),0.610808411525136,0.000255768408505249
hg38 (n=1164056),0.611755169592595,0.000191968774071156
hg38 (n=1164056),0.612701927660054,0.00251262334221997
hg38 (n=1164056),0.613648685727513,0.015411453117163
hg38 (n=1164056),0.614595443794972,0.0421209538695514
hg38 (n=1164056),0.615542201862431,0.0549971187806719
hg38 (n=1164056),0.61648895992989,0.0338535017793989
hg38 (n=1164056),0.617435717997349,0.0148319699756144
hg38 (n=1164056),0.618382476064808,0.0170738115703405
hg38 (n=1164056),0.619329234132267,0.0203614058745985
hg38 (n=1164056),0.620275992199726,0.0111577111597388
hg38 (n=1164056),0.621222750267185,0.00284167918795159
hg38 (n=1164056),0.622169508334644,0.000857444764762795
hg38 (n=1164056),0.623116266402103,0.00241888928648287
hg38 (n=1164056),0.624063024469562,0.00784065246913372
hg38 (n=1164056),0.625009782537021,0.0119523370547464
hg38 (n=1164056),0.62595654060448,0.00780068284679579
hg38 (n=1164056),0.626903298671939,0.00320319139070676
hg38 (n=1164056),0.627850056739398,0.00741637643433764
hg38 (n=1164056),0.628796814806857,0.0247474863371281
hg38 (n=1164056),0.629743572874316,0.0370840753554696
hg38 (n=1164056),0.630690330941775,0.0208441613697789
hg38 (n=1164056),0.631637089009234,0.00424804161463065
hg38 (n=1164056),0.632583847076693,0.000779619226668347
hg38 (n=1164056),0.633530605144152,0.000864036147964521
hg38 (n=1164056),0.634477363211611,0.0021234758762687
hg38 (n=1164056),0.63542412127907,0.00796565919141403
hg38 (n=1164056),0.636370879346529,0.0131108709261166
hg38 (n=1164056),0.637317637413988,0.00843892907230318
hg38 (n=1164056),0.638264395481447,0.00613638409495693
hg38 (n=1164056),0.639211153548906,0.0131086209372036
hg38 (n=1164056),0.640157911616365,0.0179922887554094
hg38 (n=1164056),0.641104669683824,0.0145458381238309
hg38 (n=1164056),0.642051427751284,0.0157551597250994
hg38 (n=1164056),0.642998185818743,0.0179258807845326
hg38 (n=1164056),0.643944943886202,0.010703639720779
hg38 (n=1164056),0.64489170195366,0.00325528519208368
hg38 (n=1164056),0.64583846002112,0.000650102738451452
hg38 (n=1164056),0.646785218088579,0.000119180080086096
hg38 (n=1164056),0.647731976156038,2.46497524912328e-05
hg38 (n=1164056),0.648678734223497,0.000232348742287697
hg38 (n=1164056),0.649625492290956,0.00357254575624699
hg38 (n=1164056),0.650572250358415,0.0203159283359188
hg38 (n=1164056),0.651519008425874,0.0482749229388529
hg38 (n=1164056),0.652465766493333,0.0599241838781358
hg38 (n=1164056),0.653412524560792,0.0486400362464466
hg38 (n=1164056),0.654359282628251,0.0297466199587413
hg38 (n=1164056),0.65530604069571,0.01483100175852
hg38 (n=1164056),0.656252798763169,0.00582955359599404
hg38 (n=1164056),0.657199556830628,0.00154177697200235
hg38 (n=1164056),0.658146314898087,0.000217586019823288
hg38 (n=1164056),0.659093072965546,1.30230821070648e-05
hg38 (n=1164056),0.660039831033005,2.87808587315289e-07
hg38 (n=1164056),0.660986589100464,7.89877019680158e-08
hg38 (n=1164056),0.661933347167923,1.00307075115089e-05
hg38 (n=1164056),0.662880105235382,0.000449530472886241
hg38 (n=1164056),0.663826863302841,0.00714048979975186
hg38 (n=1164056),0.6647736213703,0.0435788267997449
hg38 (n=1164056),0.665720379437759,0.117906211844909
hg38 (n=1164056),0.666667137505218,0.161877251103084
hg38 (n=1164056),0.667613895572677,0.117819118120058
hg38 (n=1164056),0.668560653640136,0.0434940549506347
hg38 (n=1164056),0.669507411707595,0.00711787597055381
hg38 (n=1164056),0.670454169775054,0.000447689555622775
hg38 (n=1164056),0.671400927842513,9.99114306884923e-06
hg38 (n=1164056),0.672347685909972,4.8546683143289e-07
hg38 (n=1164056),0.673294443977431,7.94261675194015e-06
hg38 (n=1164056),0.67424120204489,7.4804427503681e-05
hg38 (n=1164056),0.675187960112349,0.000430590895714473
hg38 (n=1164056),0.676134718179808,0.00217508312829893
hg38 (n=1164056),0.677081476247268,0.0131349613592268
hg38 (n=1164056),0.678028234314726,0.0630183689633341
hg38 (n=1164056),0.678974992382186,0.173482364969106
hg38 (n=1164056),0.679921750449644,0.263081382476328
hg38 (n=1164056),0.680868508517103,0.227807112840775
hg38 (n=1164056),0.681815266584563,0.130283030663491
hg38 (n=1164056),0.682762024652022,0.0551260174163626
hg38 (n=1164056),0.683708782719481,0.0169918913644779
hg38 (n=1164056),0.68465554078694,0.00451359918958527
hg38 (n=1164056),0.685602298854399,0.00141595517516361
hg38 (n=1164056),0.686549056921858,0.000708291237800324
hg38 (n=1164056),0.687495814989317,0.00113302195817049
hg38 (n=1164056),0.688442573056776,0.00241904415571079
hg38 (n=1164056),0.689389331124235,0.00830119710416756
hg38 (n=1164056),0.690336089191694,0.0431228845790471
hg38 (n=1164056),0.691282847259153,0.154703741278824
hg38 (n=1164056),0.692229605326612,0.256620986805266
hg38 (n=1164056),0.693176363394071,0.193667415401959
hg38 (n=1164056),0.69412312146153,0.148318015759244
hg38 (n=1164056),0.695069879528989,0.240420106374751
hg38 (n=1164056),0.696016637596448,0.268913032930233
hg38 (n=1164056),0.696963395663907,0.133257442426129
hg38 (n=1164056),0.697910153731366,0.0278952282477471
hg38 (n=1164056),0.698856911798825,0.0141111495564922
hg38 (n=1164056),0.699803669866284,0.0222508410128102
hg38 (n=1164056),0.700750427933743,0.0176855559804914
hg38 (n=1164056),0.701697186001202,0.0273498913649918
hg38 (n=1164056),0.702643944068661,0.111696480680313
hg38 (n=1164056),0.70359070213612,0.197057630969251
hg38 (n=1164056),0.704537460203579,0.132299301202831
hg38 (n=1164056),0.705484218271038,0.053492894440374
hg38 (n=1164056),0.706430976338497,0.123989285623179
hg38 (n=1164056),0.707377734405956,0.414417511656329
hg38 (n=1164056),0.708324492473415,0.636048401122933
hg38 (n=1164056),0.709271250540874,0.420514825929631
hg38 (n=1164056),0.710218008608333,0.128516786477698
hg38 (n=1164056),0.711164766675792,0.0198991801980437
hg38 (n=1164056),0.712111524743251,0.0177366640354442
hg38 (n=1164056),0.71305828281071,0.0865395231175688
hg38 (n=1164056),0.714005040878169,0.166923890202361
hg38 (n=1164056),0.714951798945628,0.133489078255552
hg38 (n=1164056),0.715898557013087,0.0503970419562504
hg38 (n=1164056),0.716845315080547,0.0151486143365766
hg38 (n=1164056),0.717792073148006,0.0789533753969816
hg38 (n=1164056),0.718738831215465,0.389702891442457
hg38 (n=1164056),0.719685589282924,0.764601653660985
hg38 (n=1164056),0.720632347350383,0.650828834613193
hg38 (n=1164056),0.721579105417842,0.261198701514184
hg38 (n=1164056),0.722525863485301,0.0630670130324696
hg38 (n=1164056),0.72347262155276,0.0464844630188191
hg38 (n=1164056),0.724419379620219,0.0699042122847988
hg38 (n=1164056),0.725366137687678,0.174003044922565
hg38 (n=1164056),0.726312895755137,0.413023514766133
hg38 (n=1164056),0.727259653822596,0.566530515462668
hg38 (n=1164056),0.728206411890055,0.450711544349415
hg38 (n=1164056),0.729153169957514,0.365452662313353
hg38 (n=1164056),0.730099928024973,0.528778909002523
hg38 (n=1164056),0.731046686092432,0.575082088969854
hg38 (n=1164056),0.731993444159891,0.333896711272863
hg38 (n=1164056),0.73294020222735,0.114536158347186
hg38 (n=1164056),0.733886960294809,0.037898512580047
hg38 (n=1164056),0.734833718362268,0.0169018579334496
hg38 (n=1164056),0.735780476429727,0.0251526059022705
hg38 (n=1164056),0.736727234497186,0.120837611045787
hg38 (n=1164056),0.737673992564645,0.476737872860065
hg38 (n=1164056),0.738620750632104,1.06911109209029
hg38 (n=1164056),0.739567508699563,1.30099766599802
hg38 (n=1164056),0.740514266767022,0.887372666095097
hg38 (n=1164056),0.741461024834481,0.420842295050426
hg38 (n=1164056),0.74240778290194,0.149160015670895
hg38 (n=1164056),0.743354540969399,0.0306504339693066
hg38 (n=1164056),0.744301299036858,0.00670702394173239
hg38 (n=1164056),0.745248057104317,0.00395486907785296
hg38 (n=1164056),0.746194815171776,0.00465073429502568
hg38 (n=1164056),0.747141573239235,0.0489223239776969
hg38 (n=1164056),0.748088331306694,0.336551913232637
hg38 (n=1164056),0.749035089374153,1.10504382999176
hg38 (n=1164056),0.749981847441612,1.69118952809926
hg38 (n=1164056),0.750928605509072,1.13825064766328
hg38 (n=1164056),0.751875363576531,0.344604879106852
hg38 (n=1164056),0.75282212164399,0.0479902112761233
hg38 (n=1164056),0.753768879711449,0.00518282258774371
hg38 (n=1164056),0.754715637778908,0.00586698491699197
hg38 (n=1164056),0.755662395846367,0.00908218117408281
hg38 (n=1164056),0.756609153913826,0.0262771052868273
hg38 (n=1164056),0.757555911981285,0.133144483581564
hg38 (n=1164056),0.758502670048744,0.468730013061685
hg38 (n=1164056),0.759449428116203,0.958561035919974
hg38 (n=1164056),0.760396186183662,1.10444091537506
hg38 (n=1164056),0.761342944251121,0.772521915006615
hg38 (n=1164056),0.76228970231858,0.433869897889434
hg38 (n=1164056),0.763236460386039,0.182257675232872
hg38 (n=1164056),0.764183218453498,0.0519368224095024
hg38 (n=1164056),0.765129976520957,0.0320629061354675
hg38 (n=1164056),0.766076734588416,0.0474453626331704
hg38 (n=1164056),0.767023492655875,0.100531913574481
hg38 (n=1164056),0.767970250723334,0.327598339656498
hg38 (n=1164056),0.768917008790793,0.599890688115653
hg38 (n=1164056),0.769863766858252,0.485164954368351
hg38 (n=1164056),0.770810524925711,0.202082438523637
hg38 (n=1164056),0.77175728299317,0.0722116980572455
hg38 (n=1164056),0.772704041060629,0.0581264170347357
hg38 (n=1164056),0.773650799128088,0.0512612756043694
hg38 (n=1164056),0.774597557195547,0.0349886158428196
hg38 (n=1164056),0.775544315263006,0.0496152286043762
hg38 (n=1164056),0.776491073330465,0.183107186815176
hg38 (n=1164056),0.777437831397924,0.351595784111984
hg38 (n=1164056),0.778384589465383,0.295835970469571
hg38 (n=1164056),0.779331347532842,0.127044173733916
hg38 (n=1164056),0.780278105600301,0.0455633920806725
hg38 (n=1164056),0.78122486366776,0.0567283657774962
hg38 (n=1164056),0.782171621735219,0.0893841278782869
hg38 (n=1164056),0.783118379802678,0.0862778453471277
hg38 (n=1164056),0.784065137870137,0.0864573527021834
hg38 (n=1164056),0.785011895937597,0.124239584482224
hg38 (n=1164056),0.785958654005055,0.13222851777532
hg38 (n=1164056),0.786905412072515,0.0984446467457487
hg38 (n=1164056),0.787852170139973,0.127392230703829
hg38 (n=1164056),0.788798928207433,0.236652190919227
hg38 (n=1164056),0.789745686274892,0.279387007886883
hg38 (n=1164056),0.790692444342351,0.222158674142113
hg38 (n=1164056),0.79163920240981,0.167843481066432
hg38 (n=1164056),0.792585960477269,0.137558203775262
hg38 (n=1164056),0.793532718544728,0.0951604982526914
hg38 (n=1164056),0.794479476612187,0.0515880019562434
hg38 (n=1164056),0.795426234679646,0.0316286405878401
hg38 (n=1164056),0.796372992747105,0.0282957068085002
hg38 (n=1164056),0.797319750814564,0.0609325359042572
hg38 (n=1164056),0.798266508882023,0.268666925159201
hg38 (n=1164056),0.799213266949482,0.681222595763358
hg38 (n=1164056),0.800160025016941,0.85751142157249
hg38 (n=1164056),0.8011067830844,0.529603847506841
hg38 (n=1164056),0.802053541151859,0.167165099108996
hg38 (n=1164056),0.803000299219318,0.0440356059193816
hg38 (n=1164056),0.803947057286777,0.030612210120527
hg38 (n=1164056),0.804893815354236,0.0341954044808855
hg38 (n=1164056),0.805840573421695,0.0508816386512053
hg38 (n=1164056),0.806787331489154,0.112801305949298
hg38 (n=1164056),0.807734089556613,0.360726174844304
hg38 (n=1164056),0.808680847624072,0.918362830086324
hg38 (n=1164056),0.809627605691531,1.24592027214057
hg38 (n=1164056),0.81057436375899,0.767571200468764
hg38 (n=1164056),0.811521121826449,0.234888527784006
hg38 (n=1164056),0.812467879893908,0.076507662253992
hg38 (n=1164056),0.813414637961367,0.0573221941309506
hg38 (n=1164056),0.814361396028826,0.0565791838100298
hg38 (n=1164056),0.815308154096285,0.0589593267144371
hg38 (n=1164056),0.816254912163744,0.087249692163081
hg38 (n=1164056),0.817201670231203,0.193683613845024
hg38 (n=1164056),0.818148428298662,0.287842854914446
hg38 (n=1164056),0.819095186366121,0.203093257789994
hg38 (n=1164056),0.82004194443358,0.0915886824068036
hg38 (n=1164056),0.820988702501039,0.056549719059064
hg38 (n=1164056),0.821935460568499,0.0563236708585967
hg38 (n=1164056),0.822882218635957,0.0618508842028483
hg38 (n=1164056),0.823828976703417,0.0783101695563689
hg38 (n=1164056),0.824775734770876,0.173136230050758
hg38 (n=1164056),0.825722492838335,0.310930019834137
hg38 (n=1164056),0.826669250905794,0.284742391360178
hg38 (n=1164056),0.827616008973253,0.149025716651078
hg38 (n=1164056),0.828562767040712,0.0763787612028211
hg38 (n=1164056),0.829509525108171,0.0703287403441544
hg38 (n=1164056),0.83045628317563,0.0689337638211833
hg38 (n=1164056),0.831403041243089,0.0850157531085449
hg38 (n=1164056),0.832349799310548,0.191501624767377
hg38 (n=1164056),0.833296557378007,0.288084742904615
hg38 (n=1164056),0.834243315445466,0.199400575398957
hg38 (n=1164056),0.835190073512925,0.0917986587144586
hg38 (n=1164056),0.836136831580384,0.0699482736181386
hg38 (n=1164056),0.837083589647843,0.0729258118979552
hg38 (n=1164056),0.838030347715302,0.0850831523926706
hg38 (n=1164056),0.838977105782761,0.126183456211002
hg38 (n=1164056),0.83992386385022,0.15748617422118
hg38 (n=1164056),0.840870621917679,0.134378812403276
hg38 (n=1164056),0.841817379985138,0.108143283803512
hg38 (n=1164056),0.842764138052597,0.0990057238861804
hg38 (n=1164056),0.843710896120056,0.0947629567676886
hg38 (n=1164056),0.844657654187515,0.114670701339432
hg38 (n=1164056),0.845604412254974,0.152210121886364
hg38 (n=1164056),0.846551170322433,0.155330858032842
hg38 (n=1164056),0.847497928389892,0.133252753616034
hg38 (n=1164056),0.848444686457351,0.131723254229654
hg38 (n=1164056),0.84939144452481,0.14741880327239
hg38 (n=1164056),0.850338202592269,0.151022806681774
hg38 (n=1164056),0.851284960659728,0.145056893374465
hg38 (n=1164056),0.852231718727187,0.138911687934648
hg38 (n=1164056),0.853178476794646,0.135266531162775
hg38 (n=1164056),0.854125234862105,0.134374181346317
hg38 (n=1164056),0.855071992929564,0.133175946197219
hg38 (n=1164056),0.856018750997023,0.148654972386133
hg38 (n=1164056),0.856965509064482,0.173666516781205
hg38 (n=1164056),0.857912267131941,0.164336710104005
hg38 (n=1164056),0.8588590251994,0.138632181287578
hg38 (n=1164056),0.859805783266859,0.13628850538681
hg38 (n=1164056),0.860752541334319,0.141308055920527
hg38 (n=1164056),0.861699299401778,0.14221871668636
hg38 (n=1164056),0.862646057469237,0.142988492426786
hg38 (n=1164056),0.863592815536696,0.147213961151788
hg38 (n=1164056),0.864539573604155,0.151259609392805
hg38 (n=1164056),0.865486331671614,0.15071823455729
hg38 (n=1164056),0.866433089739073,0.153241687628003
hg38 (n=1164056),0.867379847806532,0.156741584058293
hg38 (n=1164056),0.868326605873991,0.161642318632802
hg38 (n=1164056),0.86927336394145,0.17143666991152
hg38 (n=1164056),0.870220122008909,0.179847902703855
hg38 (n=1164056),0.871166880076368,0.187152398242217
hg38 (n=1164056),0.872113638143827,0.186292787767608
hg38 (n=1164056),0.873060396211286,0.183506434569945
hg38 (n=1164056),0.874007154278745,0.182583338718187
hg38 (n=1164056),0.874953912346204,0.186474108283997
hg38 (n=1164056),0.875900670413663,0.179700574028194
hg38 (n=1164056),0.876847428481122,0.185119261125262
hg38 (n=1164056),0.877794186548581,0.193248253871057
hg38 (n=1164056),0.87874094461604,0.194810151770003
hg38 (n=1164056),0.879687702683499,0.198712066760757
hg38 (n=1164056),0.880634460750958,0.199320045670514
hg38 (n=1164056),0.881581218818417,0.207186758619165
hg38 (n=1164056),0.882527976885876,0.221740556587224
hg38 (n=1164056),0.883474734953335,0.213909706589143
hg38 (n=1164056),0.884421493020794,0.215733284821091
hg38 (n=1164056),0.885368251088253,0.222622177708495
hg38 (n=1164056),0.886315009155712,0.235583525207255
hg38 (n=1164056),0.887261767223171,0.247993497879045
hg38 (n=1164056),0.88820852529063,0.257700814679733
hg38 (n=1164056),0.889155283358089,0.267091328602212
hg38 (n=1164056),0.890102041425548,0.25499611541631
hg38 (n=1164056),0.891048799493007,0.256051649424344
hg38 (n=1164056),0.891995557560466,0.266552711651715
hg38 (n=1164056),0.892942315627925,0.287094401029055
hg38 (n=1164056),0.893889073695384,0.328421304793704
hg38 (n=1164056),0.894835831762844,0.360255432429228
hg38 (n=1164056),0.895782589830303,0.32950253133672
hg38 (n=1164056),0.896729347897762,0.293575881332622
hg38 (n=1164056),0.897676105965221,0.292541363196581
hg38 (n=1164056),0.89862286403268,0.348494935450562
hg38 (n=1164056),0.899569622100139,0.424754168397015
hg38 (n=1164056),0.900516380167598,0.427906735436046
hg38 (n=1164056),0.901463138235057,0.405977710712959
hg38 (n=1164056),0.902409896302516,0.405538677216578
hg38 (n=1164056),0.903356654369975,0.461744000655871
hg38 (n=1164056),0.904303412437434,0.540236355082437
hg38 (n=1164056),0.905250170504893,0.529002605809757
hg38 (n=1164056),0.906196928572352,0.469786710099159
hg38 (n=1164056),0.907143686639811,0.437950935891926
hg38 (n=1164056),0.90809044470727,0.443019873514305
hg38 (n=1164056),0.909037202774729,0.463642884947715
hg38 (n=1164056),0.909983960842188,0.450867270319263
hg38 (n=1164056),0.910930718909647,0.42105526238302
hg38 (n=1164056),0.911877476977106,0.425941190962879
hg38 (n=1164056),0.912824235044565,0.461361697046743
hg38 (n=1164056),0.913770993112024,0.48144271930251
hg38 (n=1164056),0.914717751179483,0.483313842832455
hg38 (n=1164056),0.915664509246942,0.492419843340393
hg38 (n=1164056),0.916611267314401,0.514006203945802
hg38 (n=1164056),0.91755802538186,0.53291098415166
hg38 (n=1164056),0.918504783449319,0.543577337019974
hg38 (n=1164056),0.919451541516778,0.554939076790136
hg38 (n=1164056),0.920398299584237,0.557043042877589
hg38 (n=1164056),0.921345057651696,0.560743201562167
hg38 (n=1164056),0.922291815719155,0.587195330114677
hg38 (n=1164056),0.923238573786614,0.610644623813077
hg38 (n=1164056),0.924185331854073,0.627471514814678
hg38 (n=1164056),0.925132089921532,0.657973457970065
hg38 (n=1164056),0.926078847988991,0.692941684634736
hg38 (n=1164056),0.92702560605645,0.730801499407742
hg38 (n=1164056),0.927972364123909,0.773357756546072
hg38 (n=1164056),0.928919122191368,0.789332064190606
hg38 (n=1164056),0.929865880258827,0.777792647528188
hg38 (n=1164056),0.930812638326286,0.781579253877669
hg38 (n=1164056),0.931759396393746,0.788123283768052
hg38 (n=1164056),0.932706154461204,0.794643935526293
hg38 (n=1164056),0.933652912528664,0.814397869223881
hg38 (n=1164056),0.934599670596123,0.849801142042434
hg38 (n=1164056),0.935546428663582,0.920707943624339
hg38 (n=1164056),0.936493186731041,1.00013387465914
hg38 (n=1164056),0.9374399447985,1.05419734161446
hg38 (n=1164056),0.938386702865959,1.06990763514307
hg38 (n=1164056),0.939333460933418,1.06738066193856
hg38 (n=1164056),0.940280219000877,1.08482222430765
hg38 (n=1164056),0.941226977068336,1.13696820379975
hg38 (n=1164056),0.942173735135795,1.18563937098042
hg38 (n=1164056),0.943120493203254,1.23262741455452
hg38 (n=1164056),0.944067251270713,1.27875512519754
hg38 (n=1164056),0.945014009338172,1.36337323365241
hg38 (n=1164056),0.945960767405631,1.44732782871371
hg38 (n=1164056),0.94690752547309,1.43685648133094
hg38 (n=1164056),0.947854283540549,1.41642109492506
hg38 (n=1164056),0.948801041608008,1.46096218454585
hg38 (n=1164056),0.949747799675467,1.56240891259851
hg38 (n=1164056),0.950694557742926,1.76242083640482
hg38 (n=1164056),0.951641315810385,2.02869748311408
hg38 (n=1164056),0.952588073877844,2.251795711592
hg38 (n=1164056),0.953534831945303,2.37178661961904
hg38 (n=1164056),0.954481590012762,2.40352331878801
hg38 (n=1164056),0.955428348080221,2.40578147439406
hg38 (n=1164056),0.95637510614768,2.48808509457151
hg38 (n=1164056),0.957321864215139,2.62352549912321
hg38 (n=1164056),0.958268622282598,2.77283497269431
hg38 (n=1164056),0.959215380350057,2.96881927529397
hg38 (n=1164056),0.960162138417516,3.24940557417011
hg38 (n=1164056),0.961108896484975,3.64234850620797
hg38 (n=1164056),0.962055654552434,3.99951660725979
hg38 (n=1164056),0.963002412619893,4.13061177553237
hg38 (n=1164056),0.963949170687352,4.2190604263522
hg38 (n=1164056),0.964895928754812,4.41424312699247
hg38 (n=1164056),0.96584268682227,4.76223174348658
hg38 (n=1164056),0.96678944488973,5.33031097187079
hg38 (n=1164056),0.967736202957188,5.98033555588447
hg38 (n=1164056),0.968682961024648,6.26355707299956
hg38 (n=1164056),0.969629719092107,6.17464758431024
hg38 (n=1164056),0.970576477159566,6.28224454044032
hg38 (n=1164056),0.971523235227025,6.87641460614042
hg38 (n=1164056),0.972469993294484,7.5315867075476
hg38 (n=1164056),0.973416751361943,7.67246808465444
hg38 (n=1164056),0.974363509429402,7.54806151508439
hg38 (n=1164056),0.975310267496861,7.75937320763662
hg38 (n=1164056),0.97625702556432,8.14736868068402
hg38 (n=1164056),0.977203783631779,8.31968556589911
hg38 (n=1164056),0.978150541699238,8.43101793196125
hg38 (n=1164056),0.979097299766697,8.61816978055393
hg38 (n=1164056),0.980044057834156,8.85784433391853
hg38 (n=1164056),0.980990815901615,9.14936016534368
hg38 (n=1164056),0.981937573969074,9.37359692720759
hg38 (n=1164056),0.982884332036533,9.39686414048931
hg38 (n=1164056),0.983831090103992,9.31221710914403
hg38 (n=1164056),0.984777848171451,9.17686434890906
hg38 (n=1164056),0.98572460623891,8.77315952410866
hg38 (n=1164056),0.986671364306369,7.99429424722828
hg38 (n=1164056),0.987618122373828,6.89690933535867
hg38 (n=1164056),0.988564880441287,5.54040116404881
hg38 (n=1164056),0.989511638508746,4.15312188991705
hg38 (n=1164056),0.990458396576205,3.02454020502968
hg38 (n=1164056),0.991405154643664,2.17689226183861
hg38 (n=1164056),0.992351912711123,1.41001490595196
hg38 (n=1164056),0.993298670778582,0.680895809181132
hg38 (n=1164056),0.994245428846041,0.200509087963282
hg38 (n=1164056),0.9951921869135,0.0393588915466608
hg38 (n=1164056),0.996138944980959,0.451523874128407
hg38 (n=1164056),0.997085703048418,7.34350775369646
hg38 (n=1164056),0.998032461115877,49.6328808822325
hg38 (n=1164056),0.998979219183336,158.733190054853
hg38 (n=1164056),0.999925977250795,245.901932196101
hg38 (n=1164056),1.00087273531825,178.728060855557
hg38 (n=1164056),1.00181949338571,61.1496477311663
hg38 (n=1164056),1.00276625145317,9.33643122107077
komodo_dragon (n=48640),0.477028829799395,1.21883404325872e-05
komodo_dragon (n=48640),0.478097210113292,1.83759215932885e-05
komodo_dragon (n=48640),0.479165590427189,2.71112669002596e-05
komodo_dragon (n=48640),0.480233970741085,3.91596791360741e-05
komodo_dragon (n=48640),0.481302351054982,5.54011097234746e-05
komodo_dragon (n=48640),0.482370731368879,7.68057115685812e-05
komodo_dragon (n=48640),0.483439111682775,0.000104392283331536
komodo_dragon (n=48640),0.484507491996672,0.000139167781150452
komodo_dragon (n=48640),0.485575872310569,0.00018239481628026
komodo_dragon (n=48640),0.486644252624465,0.000235265605295162
komodo_dragon (n=48640),0.487712632938362,0.000297254857740065
komodo_dragon (n=48640),0.488781013252259,0.000368040405717089
komodo_dragon (n=48640),0.489849393566156,0.000446710692336198
komodo_dragon (n=48640),0.490917773880052,0.000531719951086395
komodo_dragon (n=48640),0.491986154193949,0.000620893200596958
komodo_dragon (n=48640),0.493054534507846,0.000711489067455927
komodo_dragon (n=48640),0.494122914821742,0.000800324542052688
komodo_dragon (n=48640),0.495191295135639,0.000883961277726494
komodo_dragon (n=48640),0.496259675449536,0.000958331203463967
komodo_dragon (n=48640),0.497328055763432,0.00101949942984254
komodo_dragon (n=48640),0.498396436077329,0.0010660346245726
komodo_dragon (n=48640),0.499464816391226,0.00109689162727908
komodo_dragon (n=48640),0.500533196705122,0.00111225653811089
komodo_dragon (n=48640),0.501601577019019,0.00111362756715625
komodo_dragon (n=48640),0.502669957332916,0.00110379264695246
komodo_dragon (n=48640),0.503738337646812,0.00108670027136137
komodo_dragon (n=48640),0.504806717960709,0.00106722692693424
komodo_dragon (n=48640),0.505875098274606,0.00105085128323501
komodo_dragon (n=48640),0.506943478588503,0.00104417693627422
komodo_dragon (n=48640),0.508011858902399,0.00105356334605999
komodo_dragon (n=48640),0.509080239216296,0.00108243133677584
komodo_dragon (n=48640),0.510148619530193,0.0011333483410043
komodo_dragon (n=48640),0.511216999844089,0.00120716160503508
komodo_dragon (n=48640),0.512285380157986,0.0013028525170223
komodo_dragon (n=48640),0.513353760471883,0.00141753445190362
komodo_dragon (n=48640),0.514422140785779,0.001546603480616
komodo_dragon (n=48640),0.515490521099676,0.00168404294387681
komodo_dragon (n=48640),0.516558901413573,0.00182287389571871
komodo_dragon (n=48640),0.517627281727469,0.00195470497983146
komodo_dragon (n=48640),0.518695662041366,0.00207156318430333
komodo_dragon (n=48640),0.519764042355263,0.00216877418179221
komodo_dragon (n=48640),0.52083242266916,0.00224346626350906
komodo_dragon (n=48640),0.521900802983056,0.00229536319817779
komodo_dragon (n=48640),0.522969183296953,0.00232702684277114
komodo_dragon (n=48640),0.52403756361085,0.00234387499811783
komodo_dragon (n=48640),0.525105943924746,0.00235396206140627
komodo_dragon (n=48640),0.526174324238643,0.0023675247952114
komodo_dragon (n=48640),0.52724270455254,0.00239631074464846
komodo_dragon (n=48640),0.528311084866436,0.00245622395202282
komodo_dragon (n=48640),0.529379465180333,0.00255988140205397
komodo_dragon (n=48640),0.53044784549423,0.00271531788895303
komodo_dragon (n=48640),0.531516225808126,0.00292886203262455
komodo_dragon (n=48640),0.532584606122023,0.00320334330910531
komodo_dragon (n=48640),0.53365298643592,0.00353785046072124
komodo_dragon (n=48640),0.534721366749817,0.00392785866782445
komodo_dragon (n=48640),0.535789747063713,0.00436575590077496
komodo_dragon (n=48640),0.53685812737761,0.00484177654069241
komodo_dragon (n=48640),0.537926507691507,0.0053453254283877
komodo_dragon (n=48640),0.538994888005403,0.00586770324549227
komodo_dragon (n=48640),0.5400632683193,0.00640160403091768
komodo_dragon (n=48640),0.541131648633197,0.00694819738924891
komodo_dragon (n=48640),0.542200028947093,0.00751699031716383
komodo_dragon (n=48640),0.54326840926099,0.00812624236338538
komodo_dragon (n=48640),0.544336789574887,0.00880319643242706
komodo_dragon (n=48640),0.545405169888783,0.00958345663706347
komodo_dragon (n=48640),0.54647355020268,0.0105094419149795
komodo_dragon (n=48640),0.547541930516577,0.0116279006785106
komodo_dragon (n=48640),0.548610310830474,0.0129865351120217
komodo_dragon (n=48640),0.54967869114437,0.0146641951878771
komodo_dragon (n=48640),0.550747071458267,0.0166737370327793
komodo_dragon (n=48640),0.551815451772164,0.0190232156011911
komodo_dragon (n=48640),0.55288383208606,0.021707270576325
komodo_dragon (n=48640),0.553952212399957,0.0246992117110757
komodo_dragon (n=48640),0.555020592713854,0.0279509155053761
komodo_dragon (n=48640),0.55608897302775,0.0313947915555581
komodo_dragon (n=48640),0.557157353341647,0.0349479370623993
komodo_dragon (n=48640),0.558225733655544,0.0385184501167104
komodo_dragon (n=48640),0.55929411396944,0.0420137081088669
komodo_dragon (n=48640),0.560362494283337,0.0453239391747362
komodo_dragon (n=48640),0.561430874597234,0.0484066613000431
komodo_dragon (n=48640),0.562499254911131,0.0512527418203722
komodo_dragon (n=48640),0.563567635225027,0.0538945455251023
komodo_dragon (n=48640),0.564636015538924,0.0564098329016127
komodo_dragon (n=48640),0.565704395852821,0.0589196834399331
komodo_dragon (n=48640),0.566772776166717,0.0615817719410154
komodo_dragon (n=48640),0.567841156480614,0.0645790672606305
komodo_dragon (n=48640),0.568909536794511,0.0681043868844667
komodo_dragon (n=48640),0.569977917108407,0.0723428303378408
komodo_dragon (n=48640),0.571046297422304,0.0775682539917163
komodo_dragon (n=48640),0.572114677736201,0.0837593591875205
komodo_dragon (n=48640),0.573183058050097,0.0909054417432825
komodo_dragon (n=48640),0.574251438363994,0.0989114127237752
komodo_dragon (n=48640),0.575319818677891,0.107600177409475
komodo_dragon (n=48640),0.576388198991788,0.116723657727299
komodo_dragon (n=48640),0.577456579305684,0.125982010370463
komodo_dragon (n=48640),0.578524959619581,0.135049862160261
komodo_dragon (n=48640),0.579593339933478,0.143607689325165
komodo_dragon (n=48640),0.580661720247374,0.151363281269221
komodo_dragon (n=48640),0.581730100561271,0.157998334041099
komodo_dragon (n=48640),0.582798480875168,0.16355792695686
komodo_dragon (n=48640),0.583866861189064,0.168118667756762
komodo_dragon (n=48640),0.584935241502961,0.17187074335174
komodo_dragon (n=48640),0.586003621816858,0.175096503662108
komodo_dragon (n=48640),0.587072002130754,0.178137915936695
komodo_dragon (n=48640),0.588140382444651,0.181356002650676
komodo_dragon (n=48640),0.589208762758548,0.185086181639496
komodo_dragon (n=48640),0.590277143072445,0.189594009343498
komodo_dragon (n=48640),0.591345523386341,0.195057888393996
komodo_dragon (n=48640),0.592413903700238,0.201539460993547
komodo_dragon (n=48640),0.593482284014135,0.208744302552734
komodo_dragon (n=48640),0.594550664328031,0.216352863511593
komodo_dragon (n=48640),0.595619044641928,0.223963558438741
komodo_dragon (n=48640),0.596687424955825,0.231141591451873
komodo_dragon (n=48640),0.597755805269721,0.237471871811038
komodo_dragon (n=48640),0.598824185583618,0.242610262931936
komodo_dragon (n=48640),0.599892565897515,0.246327610391896
komodo_dragon (n=48640),0.600960946211411,0.248541533804028
komodo_dragon (n=48640),0.602029326525308,0.249293387928757
komodo_dragon (n=48640),0.603097706839205,0.248830634644626
komodo_dragon (n=48640),0.604166087153102,0.247691665400319
komodo_dragon (n=48640),0.605234467466998,0.24633437582535
komodo_dragon (n=48640),0.606302847780895,0.245210314832096
komodo_dragon (n=48640),0.607371228094792,0.244712636608374
komodo_dragon (n=48640),0.608439608408688,0.245132890331232
komodo_dragon (n=48640),0.609507988722585,0.246630713058831
komodo_dragon (n=48640),0.610576369036482,0.24921910996404
komodo_dragon (n=48640),0.611644749350378,0.252766508169773
komodo_dragon (n=48640),0.612713129664275,0.25702756406838
komodo_dragon (n=48640),0.613781509978172,0.261582748091789
komodo_dragon (n=48640),0.614849890292068,0.265979501858125
komodo_dragon (n=48640),0.615918270605965,0.26984649474625
komodo_dragon (n=48640),0.616986650919862,0.272872631739827
komodo_dragon (n=48640),0.618055031233759,0.274830583785189
komodo_dragon (n=48640),0.619123411547655,0.275588924863771
komodo_dragon (n=48640),0.620191791861552,0.275113251654421
komodo_dragon (n=48640),0.621260172175449,0.273457659196129
komodo_dragon (n=48640),0.622328552489345,0.270748778652369
komodo_dragon (n=48640),0.623396932803242,0.267130013718752
komodo_dragon (n=48640),0.624465313117139,0.262847185922404
komodo_dragon (n=48640),0.625533693431035,0.258176016371114
komodo_dragon (n=48640),0.626602073744932,0.25332268351446
komodo_dragon (n=48640),0.627670454058829,0.24848037292416
komodo_dragon (n=48640),0.628738834372725,0.243830144917907
komodo_dragon (n=48640),0.629807214686622,0.239544742093136
komodo_dragon (n=48640),0.630875595000519,0.235793940538859
komodo_dragon (n=48640),0.631943975314416,0.232750099664469
komodo_dragon (n=48640),0.633012355628312,0.230592700551389
komodo_dragon (n=48640),0.634080735942209,0.229600312442704
komodo_dragon (n=48640),0.635149116256106,0.230004154487949
komodo_dragon (n=48640),0.636217496570002,0.231941615750371
komodo_dragon (n=48640),0.637285876883899,0.235604413145745
komodo_dragon (n=48640),0.638354257197796,0.241162596294462
komodo_dragon (n=48640),0.639422637511692,0.248751027913143
komodo_dragon (n=48640),0.640491017825589,0.25845556315934
komodo_dragon (n=48640),0.641559398139486,0.270300386824811
komodo_dragon (n=48640),0.642627778453382,0.284238224783614
komodo_dragon (n=48640),0.643696158767279,0.300145339253166
komodo_dragon (n=48640),0.644764539081176,0.317936833047683
komodo_dragon (n=48640),0.645832919395073,0.337235560968146
komodo_dragon (n=48640),0.646901299708969,0.357660371669538
komodo_dragon (n=48640),0.647969680022866,0.378934551412976
komodo_dragon (n=48640),0.649038060336762,0.400841936377904
komodo_dragon (n=48640),0.650106440650659,0.423261737278007
komodo_dragon (n=48640),0.651174820964556,0.446193722592812
komodo_dragon (n=48640),0.652243201278453,0.469769150168504
komodo_dragon (n=48640),0.653311581592349,0.494244056649252
komodo_dragon (n=48640),0.654379961906246,0.519973152474717
komodo_dragon (n=48640),0.655448342220143,0.547555960497635
komodo_dragon (n=48640),0.656516722534039,0.577342317584021
komodo_dragon (n=48640),0.657585102847936,0.609517459159513
komodo_dragon (n=48640),0.658653483161833,0.644168550356827
komodo_dragon (n=48640),0.65972186347573,0.681207314278001
komodo_dragon (n=48640),0.660790243789626,0.720383990973044
komodo_dragon (n=48640),0.661858624103523,0.761329197981148
komodo_dragon (n=48640),0.66292700441742,0.803618406145748
komodo_dragon (n=48640),0.663995384731316,0.846850442398788
komodo_dragon (n=48640),0.665063765045213,0.890728606305614
komodo_dragon (n=48640),0.66613214535911,0.935203199306132
komodo_dragon (n=48640),0.667200525673006,0.98041311143377
komodo_dragon (n=48640),0.668268905986903,1.02672102675405
komodo_dragon (n=48640),0.6693372863008,1.07460492821812
komodo_dragon (n=48640),0.670405666614696,1.12454470558707
komodo_dragon (n=48640),0.671474046928593,1.17691926546511
komodo_dragon (n=48640),0.67254242724249,1.23191799940908
komodo_dragon (n=48640),0.673610807556386,1.28948222839663
komodo_dragon (n=48640),0.674679187870283,1.34928886803823
komodo_dragon (n=48640),0.67574756818418,1.41078383683558
komodo_dragon (n=48640),0.676815948498077,1.47328329968989
komodo_dragon (n=48640),0.677884328811973,1.53593648871551
komodo_dragon (n=48640),0.67895270912587,1.59830845649374
komodo_dragon (n=48640),0.680021089439767,1.66030415241825
komodo_dragon (n=48640),0.681089469753663,1.72219830845779
komodo_dragon (n=48640),0.68215785006756,1.78461675436054
komodo_dragon (n=48640),0.683226230381457,1.84845969306318
komodo_dragon (n=48640),0.684294610695353,1.91477817643815
komodo_dragon (n=48640),0.68536299100925,1.98462153234156
komodo_dragon (n=48640),0.686431371323147,2.05887883548356
komodo_dragon (n=48640),0.687499751637044,2.1387717398359
komodo_dragon (n=48640),0.68856813195094,2.2238011737541
komodo_dragon (n=48640),0.689636512264837,2.31363846187948
komodo_dragon (n=48640),0.690704892578734,2.40775384624537
komodo_dragon (n=48640),0.69177327289263,2.5055494612776
komodo_dragon (n=48640),0.692841653206527,2.60650931470392
komodo_dragon (n=48640),0.693910033520424,2.71032291476001
komodo_dragon (n=48640),0.69497841383432,2.81696002310816
komodo_dragon (n=48640),0.696046794148217,2.92668057446196
komodo_dragon (n=48640),0.697115174462114,3.04000543026501
komodo_dragon (n=48640),0.69818355477601,3.15804435694941
komodo_dragon (n=48640),0.699251935089907,3.28072862257221
komodo_dragon (n=48640),0.700320315403804,3.40803762448387
komodo_dragon (n=48640),0.701388695717701,3.53949488722587
komodo_dragon (n=48640),0.702457076031597,3.67417761447853
komodo_dragon (n=48640),0.703525456345494,3.81081667528396
komodo_dragon (n=48640),0.704593836659391,3.94797510207635
komodo_dragon (n=48640),0.705662216973287,4.08428276978974
komodo_dragon (n=48640),0.706730597287184,4.21869654343904
komodo_dragon (n=48640),0.707798977601081,4.35071440941996
komodo_dragon (n=48640),0.708867357914977,4.48071883005982
komodo_dragon (n=48640),0.709935738228874,4.6105213108849
komodo_dragon (n=48640),0.711004118542771,4.74237406601528
komodo_dragon (n=48640),0.712072498856667,4.87897069796187
komodo_dragon (n=48640),0.713140879170564,5.02313305998634
komodo_dragon (n=48640),0.714209259484461,5.17747647156835
komodo_dragon (n=48640),0.715277639798357,5.3440919836697
komodo_dragon (n=48640),0.716346020112254,5.52428100457094
komodo_dragon (n=48640),0.717414400426151,5.71837208938063
komodo_dragon (n=48640),0.718482780740048,5.92597010884759
komodo_dragon (n=48640),0.719551161053944,6.14557059503872
komodo_dragon (n=48640),0.720619541367841,6.37305795398721
komodo_dragon (n=48640),0.721687921681738,6.60521384716434
komodo_dragon (n=48640),0.722756301995634,6.83876225187551
komodo_dragon (n=48640),0.723824682309531,7.07065049477304
komodo_dragon (n=48640),0.724893062623428,7.2982737336549
komodo_dragon (n=48640),0.725961442937324,7.51962176259543
komodo_dragon (n=48640),0.727029823251221,7.73333507148311
komodo_dragon (n=48640),0.728098203565118,7.93866589751051
komodo_dragon (n=48640),0.729166583879015,8.13499492013463
komodo_dragon (n=48640),0.730234964192911,8.32194403604815
komodo_dragon (n=48640),0.731303344506808,8.50018063269837
komodo_dragon (n=48640),0.732371724820705,8.6693147786499
komodo_dragon (n=48640),0.733440105134601,8.82853852128761
komodo_dragon (n=48640),0.734508485448498,8.97662116895494
komodo_dragon (n=48640),0.735576865762395,9.11199337826307
komodo_dragon (n=48640),0.736645246076291,9.23290318480007
komodo_dragon (n=48640),0.737713626390188,9.33761810705929
komodo_dragon (n=48640),0.738782006704085,9.42464085736484
komodo_dragon (n=48640),0.739850387017981,9.49190102191558
komodo_dragon (n=48640),0.740918767331878,9.53852448410781
komodo_dragon (n=48640),0.741987147645775,9.56624607363055
komodo_dragon (n=48640),0.743055527959672,9.57583997944401
komodo_dragon (n=48640),0.744123908273568,9.56835011845376
komodo_dragon (n=48640),0.745192288587465,9.54492085879518
komodo_dragon (n=48640),0.746260668901362,9.50664833734029
komodo_dragon (n=48640),0.747329049215258,9.45446883728936
komodo_dragon (n=48640),0.748397429529155,9.38909168313854
komodo_dragon (n=48640),0.749465809843052,9.31097500451484
komodo_dragon (n=48640),0.750534190156948,9.21953730186949
komodo_dragon (n=48640),0.751602570470845,9.1147027968827
komodo_dragon (n=48640),0.752670950784742,8.99692945477521
komodo_dragon (n=48640),0.753739331098638,8.86564774096766
komodo_dragon (n=48640),0.754807711412535,8.72003432576939
komodo_dragon (n=48640),0.755876091726432,8.55901770980408
komodo_dragon (n=48640),0.756944472040328,8.3813253192448
komodo_dragon (n=48640),0.758012852354225,8.18558324776191
komodo_dragon (n=48640),0.759081232668122,7.97047186327309
komodo_dragon (n=48640),0.760149612982018,7.73493144389472
komodo_dragon (n=48640),0.761217993295915,7.47688422034048
komodo_dragon (n=48640),0.762286373609812,7.19733865954345
komodo_dragon (n=48640),0.763354753923709,6.89907058826557
komodo_dragon (n=48640),0.764423134237605,6.58483559298392
komodo_dragon (n=48640),0.765491514551502,6.25839137206225
komodo_dragon (n=48640),0.766559894865399,5.92434032716756
komodo_dragon (n=48640),0.767628275179295,5.5879046415714
komodo_dragon (n=48640),0.768696655493192,5.25465834976043
komodo_dragon (n=48640),0.769765035807089,4.93024284203045
komodo_dragon (n=48640),0.770833416120985,4.62009215401124
komodo_dragon (n=48640),0.771901796434882,4.33127233575611
komodo_dragon (n=48640),0.772970176748779,4.06783361512134
komodo_dragon (n=48640),0.774038557062676,3.83215140333009
komodo_dragon (n=48640),0.775106937376572,3.62660939647036
komodo_dragon (n=48640),0.776175317690469,3.45283117964887
komodo_dragon (n=48640),0.777243698004366,3.31174749258854
komodo_dragon (n=48640),0.778312078318262,3.20368330403732
komodo_dragon (n=48640),0.779380458632159,3.12845704116559
komodo_dragon (n=48640),0.780448838946056,3.08548556475148
komodo_dragon (n=48640),0.781517219259952,3.07388964377807
komodo_dragon (n=48640),0.782585599573849,3.09537484002497
komodo_dragon (n=48640),0.783653979887746,3.14655325492807
komodo_dragon (n=48640),0.784722360201642,3.2253484022816
komodo_dragon (n=48640),0.785790740515539,3.33063462402929
komodo_dragon (n=48640),0.786859120829436,3.46133008211045
komodo_dragon (n=48640),0.787927501143332,3.61636262602179
komodo_dragon (n=48640),0.788995881457229,3.79460603736759
komodo_dragon (n=48640),0.790064261771126,3.99479155422411
komodo_dragon (n=48640),0.791132642085023,4.21540209693933
komodo_dragon (n=48640),0.792201022398919,4.45455886511534
komodo_dragon (n=48640),0.793269402712816,4.7112285903011
komodo_dragon (n=48640),0.794337783026713,4.98038180669266
komodo_dragon (n=48640),0.795406163340609,5.25785585671817
komodo_dragon (n=48640),0.796474543654506,5.53915754185843
komodo_dragon (n=48640),0.797542923968403,5.81920378776928
komodo_dragon (n=48640),0.7986113042823,6.0923868476802
komodo_dragon (n=48640),0.799679684596196,6.35266261094121
komodo_dragon (n=48640),0.800748064910093,6.59366204889525
komodo_dragon (n=48640),0.80181644522399,6.80882827800997
komodo_dragon (n=48640),0.802884825537886,6.99158422332892
komodo_dragon (n=48640),0.803953205851783,7.13008227296777
komodo_dragon (n=48640),0.80502158616568,7.22219402611769
komodo_dragon (n=48640),0.806089966479576,7.26370810419482
komodo_dragon (n=48640),0.807158346793473,7.25146814945342
komodo_dragon (n=48640),0.80822672710737,7.18399948304185
komodo_dragon (n=48640),0.809295107421266,7.06175807247512
komodo_dragon (n=48640),0.810363487735163,6.88727718562473
komodo_dragon (n=48640),0.81143186804906,6.6651833540637
komodo_dragon (n=48640),0.812500248362957,6.40206216526325
komodo_dragon (n=48640),0.813568628676853,6.10609534112982
komodo_dragon (n=48640),0.81463700899075,5.78562579031949
komodo_dragon (n=48640),0.815705389304647,5.45475507376782
komodo_dragon (n=48640),0.816773769618543,5.12307490255378
komodo_dragon (n=48640),0.81784214993244,4.79914001917667
komodo_dragon (n=48640),0.818910530246337,4.49002891741688
komodo_dragon (n=48640),0.819978910560233,4.20105068595097
komodo_dragon (n=48640),0.82104729087413,3.93560954045801
komodo_dragon (n=48640),0.822115671188027,3.69522534704936
komodo_dragon (n=48640),0.823184051501923,3.47969635874137
komodo_dragon (n=48640),0.82425243181582,3.28766460645891
komodo_dragon (n=48640),0.825320812129717,3.11780828948535
komodo_dragon (n=48640),0.826389192443613,2.96403406638229
komodo_dragon (n=48640),0.82745757275751,2.82283232016422
komodo_dragon (n=48640),0.828525953071407,2.69095929622706
komodo_dragon (n=48640),0.829594333385304,2.5656375799757
komodo_dragon (n=48640),0.8306627136992,2.44467925844844
komodo_dragon (n=48640),0.831731094013097,2.32653754178093
komodo_dragon (n=48640),0.832799474326994,2.21029634896604
komodo_dragon (n=48640),0.83386785464089,2.09561011124595
komodo_dragon (n=48640),0.834936234954787,1.98266610111468
komodo_dragon (n=48640),0.836004615268684,1.87225294798967
komodo_dragon (n=48640),0.83707299558258,1.76496399534697
komodo_dragon (n=48640),0.838141375896477,1.66160370913633
komodo_dragon (n=48640),0.839209756210374,1.56293398335001
komodo_dragon (n=48640),0.840278136524271,1.4696120426966
komodo_dragon (n=48640),0.841346516838167,1.38214745415817
komodo_dragon (n=48640),0.842414897152064,1.30087663637852
komodo_dragon (n=48640),0.84348327746596,1.225952710893
komodo_dragon (n=48640),0.844551657779857,1.15734818279637
komodo_dragon (n=48640),0.845620038093754,1.09507512105608
komodo_dragon (n=48640),0.846688418407651,1.03900326803986
komodo_dragon (n=48640),0.847756798721547,0.988076845313747
komodo_dragon (n=48640),0.848825179035444,0.941719685677664
komodo_dragon (n=48640),0.849893559349341,0.899314869762269
komodo_dragon (n=48640),0.850961939663237,0.860232697687223
komodo_dragon (n=48640),0.852030319977134,0.823856926513747
komodo_dragon (n=48640),0.853098700291031,0.7896086403494
komodo_dragon (n=48640),0.854167080604927,0.756967120689612
komodo_dragon (n=48640),0.855235460918824,0.725487085586621
komodo_dragon (n=48640),0.856303841232721,0.694836333944871
komodo_dragon (n=48640),0.857372221546618,0.664745709121731
komodo_dragon (n=48640),0.858440601860514,0.635036935729178
komodo_dragon (n=48640),0.859508982174411,0.605681038493789
komodo_dragon (n=48640),0.860577362488307,0.576723213086848
komodo_dragon (n=48640),0.861645742802204,0.548267684846489
komodo_dragon (n=48640),0.862714123116101,0.5204616034255
komodo_dragon (n=48640),0.863782503429998,0.493479462169926
komodo_dragon (n=48640),0.864850883743894,0.467509439900791
komodo_dragon (n=48640),0.865919264057791,0.442742892206127
komodo_dragon (n=48640),0.866987644371688,0.419462540018264
komodo_dragon (n=48640),0.868056024685584,0.397906094411329
komodo_dragon (n=48640),0.869124404999481,0.378165599816285
komodo_dragon (n=48640),0.870192785313378,0.360442468423906
komodo_dragon (n=48640),0.871261165627274,0.344963110270234
komodo_dragon (n=48640),0.872329545941171,0.331989340793818
komodo_dragon (n=48640),0.873397926255068,0.321827315807347
komodo_dragon (n=48640),0.874466306568965,0.314834135664204
komodo_dragon (n=48640),0.875534686882861,0.311421459586957
komodo_dragon (n=48640),0.876603067196758,0.312055668408524
komodo_dragon (n=48640),0.877671447510655,0.31762061793333
komodo_dragon (n=48640),0.878739827824551,0.328742864136326
komodo_dragon (n=48640),0.879808208138448,0.345756264325216
komodo_dragon (n=48640),0.880876588452345,0.369253934665203
komodo_dragon (n=48640),0.881944968766242,0.399801513541512
komodo_dragon (n=48640),0.883013349080138,0.43790725824404
komodo_dragon (n=48640),0.884081729394035,0.483987575633498
komodo_dragon (n=48640),0.885150109707931,0.538328429467118
komodo_dragon (n=48640),0.886218490021828,0.601043473888174
komodo_dragon (n=48640),0.887286870335725,0.672030226972317
komodo_dragon (n=48640),0.888355250649622,0.751488794457565
komodo_dragon (n=48640),0.889423630963518,0.838235623561455
komodo_dragon (n=48640),0.890492011277415,0.930732017692181
komodo_dragon (n=48640),0.891560391591312,1.02744220022123
komodo_dragon (n=48640),0.892628771905208,1.12648990478948
komodo_dragon (n=48640),0.893697152219105,1.22569397561957
komodo_dragon (n=48640),0.894765532533002,1.32262548267218
komodo_dragon (n=48640),0.895833912846898,1.4146854428391
komodo_dragon (n=48640),0.896902293160795,1.49920090459103
komodo_dragon (n=48640),0.897970673474692,1.57353581363393
komodo_dragon (n=48640),0.899039053788588,1.63381269690126
komodo_dragon (n=48640),0.900107434102485,1.67832184071237
komodo_dragon (n=48640),0.901175814416382,1.70598763761261
komodo_dragon (n=48640),0.902244194730278,1.71584161641674
komodo_dragon (n=48640),0.903312575044175,1.70751559211674
komodo_dragon (n=48640),0.904380955358072,1.68125830843136
komodo_dragon (n=48640),0.905449335671969,1.63792042398568
komodo_dragon (n=48640),0.906517715985865,1.5789090737064
komodo_dragon (n=48640),0.907586096299762,1.50611484771293
komodo_dragon (n=48640),0.908654476613659,1.42181553020455
komodo_dragon (n=48640),0.909722856927555,1.32799034787147
komodo_dragon (n=48640),0.910791237241452,1.22847416622128
komodo_dragon (n=48640),0.911859617555349,1.12611171721372
komodo_dragon (n=48640),0.912927997869246,1.02337490706624
komodo_dragon (n=48640),0.913996378183142,0.922483203236995
komodo_dragon (n=48640),0.915064758497039,0.825342241995311
komodo_dragon (n=48640),0.916133138810935,0.733504513649136
komodo_dragon (n=48640),0.917201519124832,0.648151685214469
komodo_dragon (n=48640),0.918269899438729,0.570097078891545
komodo_dragon (n=48640),0.919338279752626,0.499805902332968
komodo_dragon (n=48640),0.920406660066522,0.438306406227505
komodo_dragon (n=48640),0.921475040380419,0.384594253491355
komodo_dragon (n=48640),0.922543420694316,0.338175931846822
komodo_dragon (n=48640),0.923611801008212,0.298533009489626
komodo_dragon (n=48640),0.924680181322109,0.265069611442094
komodo_dragon (n=48640),0.925748561636006,0.237151874092416
komodo_dragon (n=48640),0.926816941949902,0.214140361439918
komodo_dragon (n=48640),0.927885322263799,0.195415128775878
komodo_dragon (n=48640),0.928953702577696,0.180393535814088
komodo_dragon (n=48640),0.930022082891593,0.168541278723209
komodo_dragon (n=48640),0.931090463205489,0.159647152321399
komodo_dragon (n=48640),0.932158843519386,0.152913713841156
komodo_dragon (n=48640),0.933227223833283,0.147978920153373
komodo_dragon (n=48640),0.934295604147179,0.144522558508858
komodo_dragon (n=48640),0.935363984461076,0.142256222520149
komodo_dragon (n=48640),0.936432364774973,0.140917764462271
komodo_dragon (n=48640),0.937500745088869,0.140267039969664
komodo_dragon (n=48640),0.938569125402766,0.14008321255588
komodo_dragon (n=48640),0.939637505716663,0.140163724619441
komodo_dragon (n=48640),0.940705886030559,0.140323896231708
komodo_dragon (n=48640),0.941774266344456,0.140369975424604
komodo_dragon (n=48640),0.942842646658353,0.14016825618591
komodo_dragon (n=48640),0.943911026972249,0.139624361774045
komodo_dragon (n=48640),0.944979407286146,0.138676729218249
komodo_dragon (n=48640),0.946047787600043,0.13729814902836
komodo_dragon (n=48640),0.94711616791394,0.135495867863028
komodo_dragon (n=48640),0.948184548227836,0.133310064742379
komodo_dragon (n=48640),0.949252928541733,0.130810610205638
komodo_dragon (n=48640),0.95032130885563,0.128092119173192
komodo_dragon (n=48640),0.951389689169526,0.12526818196307
komodo_dragon (n=48640),0.952458069483423,0.122485208992933
komodo_dragon (n=48640),0.95352644979732,0.119873352839438
komodo_dragon (n=48640),0.954594830111216,0.117537017790037
komodo_dragon (n=48640),0.955663210425113,0.115557915088189
komodo_dragon (n=48640),0.95673159073901,0.113988783596081
komodo_dragon (n=48640),0.957799971052907,0.11284909239286
komodo_dragon (n=48640),0.958868351366803,0.11212301530449
komodo_dragon (n=48640),0.9599367316807,0.111759841662189
komodo_dragon (n=48640),0.961005111994597,0.111676854356609
komodo_dragon (n=48640),0.962073492308493,0.111765103183844
komodo_dragon (n=48640),0.96314187262239,0.111871887083925
komodo_dragon (n=48640),0.964210252936287,0.111843678531192
komodo_dragon (n=48640),0.965278633250183,0.111550178898002
komodo_dragon (n=48640),0.96634701356408,0.110878250660194
komodo_dragon (n=48640),0.967415393877977,0.109740697160833
komodo_dragon (n=48640),0.968483774191873,0.108084057332637
komodo_dragon (n=48640),0.96955215450577,0.105895450544794
komodo_dragon (n=48640),0.970620534819667,0.103208670176237
komodo_dragon (n=48640),0.971688915133564,0.100109873517583
komodo_dragon (n=48640),0.97275729544746,0.0967434649518235
komodo_dragon (n=48640),0.973825675761357,0.0933798999556892
komodo_dragon (n=48640),0.974894056075254,0.0903664443296837
komodo_dragon (n=48640),0.97596243638915,0.0881209612113641
komodo_dragon (n=48640),0.977030816703047,0.0871653965046609
komodo_dragon (n=48640),0.978099197016944,0.0881367082994147
komodo_dragon (n=48640),0.97916757733084,0.0917942680066976
komodo_dragon (n=48640),0.980235957644737,0.0990208222498947
komodo_dragon (n=48640),0.981304337958634,0.110813747565873
komodo_dragon (n=48640),0.98237271827253,0.128263134228949
komodo_dragon (n=48640),0.983441098586427,0.152952267284523
komodo_dragon (n=48640),0.984509478900324,0.186364867084053
komodo_dragon (n=48640),0.985577859214221,0.228929814088211
komodo_dragon (n=48640),0.986646239528117,0.281282721554253
komodo_dragon (n=48640),0.987714619842014,0.343644205565321
komodo_dragon (n=48640),0.988783000155911,0.41570259232552
komodo_dragon (n=48640),0.989851380469807,0.496516688339091
komodo_dragon (n=48640),0.990919760783704,0.584451662201564
komodo_dragon (n=48640),0.991988141097601,0.677160188010031
komodo_dragon (n=48640),0.993056521411497,0.771619246489026
komodo_dragon (n=48640),0.994124901725394,0.863791636338008
komodo_dragon (n=48640),0.995193282039291,0.948807294958798
komodo_dragon (n=48640),0.996261662353188,1.02274276018574
komodo_dragon (n=48640),0.997330042667084,1.08187961662061
komodo_dragon (n=48640),0.998398422980981,1.12311462064121
komodo_dragon (n=48640),0.999466803294878,1.14419795568347
komodo_dragon (n=48640),1.00053518360877,1.14391019550231
komodo_dragon (n=48640),1.00160356392267,1.12216224416388
komodo_dragon (n=48640),1.00267194423657,1.08000861494632
komodo_dragon (n=48640),1.00374032455046,1.01957115420013
komodo_dragon (n=48640),1.00480870486436,0.943069664037145
komodo_dragon (n=48640),1.00587708517826,0.855417302830809
komodo_dragon (n=48640),1.00694546549215,0.761427383540942
komodo_dragon (n=48640),1.00801384580605,0.665045308327026
komodo_dragon (n=48640),1.00908222611995,0.569864296567744
komodo_dragon (n=48640),1.01015060643384,0.478946181760473
komodo_dragon (n=48640),1.01121898674774,0.39470395132091
komodo_dragon (n=48640),1.01228736706164,0.318846923575655
komodo_dragon (n=48640),1.01335574737553,0.252384722427234
komodo_dragon (n=48640),1.01442412768943,0.195682052529707
komodo_dragon (n=48640),1.01549250800333,0.149313118611005
komodo_dragon (n=48640),1.01656088831722,0.112006002043893
komodo_dragon (n=48640),1.01762926863112,0.0824092041584318
komodo_dragon (n=48640),1.01869764894502,0.0594438509566003
komodo_dragon (n=48640),1.01976602925891,0.0420176505768532
komodo_dragon (n=48640),1.02083440957281,0.0290900979299609
komodo_dragon (n=48640),1.02190278988671,0.0197172462150922
komodo_dragon (n=48640),1.0229711702006,0.0130780447708898
loxAfr3 (n=38753),0.478744249288363,0.000201188841519755
loxAfr3 (n=38753),0.479805915631657,0.000308331319690518
loxAfr3 (n=38753),0.480867581974952,0.000463594547480895
loxAfr3 (n=38753),0.481929248318246,0.000689434635419724
loxAfr3 (n=38753),0.48299091466154,0.0010002227968931
loxAfr3 (n=38753),0.484052581004834,0.00141624199651459
loxAfr3 (n=38753),0.485114247348128,0.0019579886182428
loxAfr3 (n=38753),0.486175913691422,0.00264430587796436
loxAfr3 (n=38753),0.487237580034716,0.00349007697923007
loxAfr3 (n=38753),0.48829924637801,0.00450362709321681
loxAfr3 (n=38753),0.489360912721304,0.00568405637812249
loxAfr3 (n=38753),0.490422579064598,0.00701878987521252
loxAfr3 (n=38753),0.491484245407892,0.00848167961233447
loxAfr3 (n=38753),0.492545911751186,0.0100333249275475
loxAfr3 (n=38753),0.49360757809448,0.0116032431759013
loxAfr3 (n=38753),0.494669244437774,0.0131181031382133
loxAfr3 (n=38753),0.495730910781069,0.0145035434173204
loxAfr3 (n=38753),0.496792577124363,0.0156866626753987
loxAfr3 (n=38753),0.497854243467657,0.0166024245470223
loxAfr3 (n=38753),0.498915909810951,0.0171998186333639
loxAfr3 (n=38753),0.499977576154245,0.017447131656064
loxAfr3 (n=38753),0.501039242497539,0.0173357498814238
loxAfr3 (n=38753),0.502100908840833,0.0168820341484543
loxAfr3 (n=38753),0.503162575184127,0.0161252560724207
loxAfr3 (n=38753),0.504224241527421,0.0151170026370277
loxAfr3 (n=38753),0.505285907870715,0.0139746136343869
loxAfr3 (n=38753),0.506347574214009,0.0127884041102616
loxAfr3 (n=38753),0.507409240557303,0.0116472559771358
loxAfr3 (n=38753),0.508470906900597,0.0106319530048417
loxAfr3 (n=38753),0.509532573243892,0.00980952555877114
loxAfr3 (n=38753),0.510594239587186,0.00922893451727282
loxAfr3 (n=38753),0.51165590593048,0.00891830154403205
loxAfr3 (n=38753),0.512717572273774,0.00888378111555895
loxAfr3 (n=38753),0.513779238617068,0.00911007093720315
loxAfr3 (n=38753),0.514840904960362,0.0095718812086498
loxAfr3 (n=38753),0.515902571303656,0.0102065110449141
loxAfr3 (n=38753),0.51696423764695,0.0109377415033074
loxAfr3 (n=38753),0.518025903990244,0.0117015259145906
loxAfr3 (n=38753),0.519087570333538,0.0124392791500505
loxAfr3 (n=38753),0.520149236676832,0.0131042269854931
loxAfr3 (n=38753),0.521210903020126,0.0136673537383839
loxAfr3 (n=38753),0.522272569363421,0.0141226474770441
loxAfr3 (n=38753),0.523334235706715,0.0144913616112025
loxAfr3 (n=38753),0.524395902050009,0.014825032500806
loxAfr3 (n=38753),0.525457568393303,0.0152070123351518
loxAfr3 (n=38753),0.526519234736597,0.0157901791957868
loxAfr3 (n=38753),0.527580901079891,0.016728427428218
loxAfr3 (n=38753),0.528642567423185,0.0181940874105115
loxAfr3 (n=38753),0.529704233766479,0.0203701795919366
loxAfr3 (n=38753),0.530765900109773,0.0234359519948676
loxAfr3 (n=38753),0.531827566453067,0.0275515278754716
loxAfr3 (n=38753),0.532889232796361,0.0328407089973845
loxAfr3 (n=38753),0.533950899139655,0.0393730245738572
loxAfr3 (n=38753),0.535012565482949,0.0471465122083558
loxAfr3 (n=38753),0.536074231826244,0.0560730696808896
loxAfr3 (n=38753),0.537135898169538,0.0659937256261618
loxAfr3 (n=38753),0.538197564512832,0.0765757398170203
loxAfr3 (n=38753),0.539259230856126,0.0873425722077377
loxAfr3 (n=38753),0.54032089719942,0.097837064590663
loxAfr3 (n=38753),0.541382563542714,0.107584185655659
loxAfr3 (n=38753),0.542444229886008,0.116130814861566
loxAfr3 (n=38753),0.543505896229302,0.123086383822471
loxAfr3 (n=38753),0.544567562572596,0.128160167651201
loxAfr3 (n=38753),0.54562922891589,0.13119117931759
loxAfr3 (n=38753),0.546690895259184,0.132167152607046
loxAfr3 (n=38753),0.547752561602478,0.131229987089493
loxAfr3 (n=38753),0.548814227945772,0.128565764252068
loxAfr3 (n=38753),0.549875894289067,0.124769685517304
loxAfr3 (n=38753),0.550937560632361,0.120377245172447
loxAfr3 (n=38753),0.551999226975655,0.115887829554636
loxAfr3 (n=38753),0.553060893318949,0.111760260938875
loxAfr3 (n=38753),0.554122559662243,0.108373891695163
loxAfr3 (n=38753),0.555184226005537,0.105998801102474
loxAfr3 (n=38753),0.556245892348831,0.10477723054608
loxAfr3 (n=38753),0.557307558692125,0.104717476314739
loxAfr3 (n=38753),0.558369225035419,0.105700535704097
loxAfr3 (n=38753),0.559430891378713,0.107510003379992
loxAfr3 (n=38753),0.560492557722007,0.109815863226259
loxAfr3 (n=38753),0.561554224065301,0.112200867356174
loxAfr3 (n=38753),0.562615890408595,0.114351432971026
loxAfr3 (n=38753),0.563677556751889,0.116020008577391
loxAfr3 (n=38753),0.564739223095184,0.117053264765535
loxAfr3 (n=38753),0.565800889438478,0.117408875676363
loxAfr3 (n=38753),0.566862555781772,0.117159140245871
loxAfr3 (n=38753),0.567924222125066,0.116480930346698
loxAfr3 (n=38753),0.56898588846836,0.115632772399791
loxAfr3 (n=38753),0.570047554811654,0.114921212701642
loxAfr3 (n=38753),0.571109221154948,0.114716590625046
loxAfr3 (n=38753),0.572170887498242,0.115305095326848
loxAfr3 (n=38753),0.573232553841536,0.116816887651936
loxAfr3 (n=38753),0.57429422018483,0.11928833766163
loxAfr3 (n=38753),0.575355886528124,0.122639180833478
loxAfr3 (n=38753),0.576417552871418,0.12668428701121
loxAfr3 (n=38753),0.577479219214713,0.131158279808355
loxAfr3 (n=38753),0.578540885558007,0.135749941690133
loxAfr3 (n=38753),0.579602551901301,0.140142445886093
loxAfr3 (n=38753),0.580664218244595,0.144054892084567
loxAfr3 (n=38753),0.581725884587889,0.147274293561372
loxAfr3 (n=38753),0.582787550931183,0.149626836214207
loxAfr3 (n=38753),0.583849217274477,0.151259982007191
loxAfr3 (n=38753),0.584910883617771,0.152359048930693
loxAfr3 (n=38753),0.585972549961065,0.153196839252142
loxAfr3 (n=38753),0.587034216304359,0.154098029164667
loxAfr3 (n=38753),0.588095882647653,0.155397040879899
loxAfr3 (n=38753),0.589157548990947,0.1573937638996
loxAfr3 (n=38753),0.590219215334241,0.160311682024005
loxAfr3 (n=38753),0.591280881677536,0.1642628579755
loxAfr3 (n=38753),0.59234254802083,0.169223827866423
loxAfr3 (n=38753),0.593404214364124,0.175051619666513
loxAfr3 (n=38753),0.594465880707418,0.181352709706453
loxAfr3 (n=38753),0.595527547050712,0.187634228878781
loxAfr3 (n=38753),0.596589213394006,0.193414930463648
loxAfr3 (n=38753),0.5976508797373,0.198230622844713
loxAfr3 (n=38753),0.598712546080594,0.201685960756043
loxAfr3 (n=38753),0.599774212423888,0.203498668339316
loxAfr3 (n=38753),0.600835878767182,0.203531356778086
loxAfr3 (n=38753),0.601897545110476,0.201807411149688
loxAfr3 (n=38753),0.60295921145377,0.198509041574446
loxAfr3 (n=38753),0.604020877797064,0.193957456541871
loxAfr3 (n=38753),0.605082544140358,0.188551874971449
loxAfr3 (n=38753),0.606144210483653,0.182910123196821
loxAfr3 (n=38753),0.607205876826947,0.177489073787897
loxAfr3 (n=38753),0.608267543170241,0.172667212369016
loxAfr3 (n=38753),0.609329209513535,0.168723388171919
loxAfr3 (n=38753),0.610390875856829,0.165824511311145
loxAfr3 (n=38753),0.611452542200123,0.164029599721285
loxAfr3 (n=38753),0.612514208543417,0.163309260901635
loxAfr3 (n=38753),0.613575874886711,0.16357829215834
loxAfr3 (n=38753),0.614637541230005,0.164737868253185
loxAfr3 (n=38753),0.615699207573299,0.16675890422052
loxAfr3 (n=38753),0.616760873916593,0.169720807228652
loxAfr3 (n=38753),0.617822540259887,0.17376398336806
loxAfr3 (n=38753),0.618884206603181,0.179239821800149
loxAfr3 (n=38753),0.619945872946476,0.186637437305415
loxAfr3 (n=38753),0.62100753928977,0.196550857708103
loxAfr3 (n=38753),0.622069205633064,0.209625203200861
loxAfr3 (n=38753),0.623130871976358,0.226484795750645
loxAfr3 (n=38753),0.624192538319652,0.247648171478182
loxAfr3 (n=38753),0.625254204662946,0.273436930735134
loxAfr3 (n=38753),0.62631587100624,0.303887172038055
loxAfr3 (n=38753),0.627377537349534,0.33897457695808
loxAfr3 (n=38753),0.628439203692828,0.377439414884018
loxAfr3 (n=38753),0.629500870036122,0.417864923624918
loxAfr3 (n=38753),0.630562536379416,0.458634506394501
loxAfr3 (n=38753),0.63162420272271,0.497949757800922
loxAfr3 (n=38753),0.632685869066004,0.533989361312787
loxAfr3 (n=38753),0.633747535409299,0.56508549036639
loxAfr3 (n=38753),0.634809201752593,0.589898960296948
loxAfr3 (n=38753),0.635870868095887,0.607572870543344
loxAfr3 (n=38753),0.636932534439181,0.617844730413952
loxAfr3 (n=38753),0.637994200782475,0.620957517313933
loxAfr3 (n=38753),0.639055867125769,0.617794992233064
loxAfr3 (n=38753),0.640117533469063,0.610670318505659
loxAfr3 (n=38753),0.641179199812357,0.60144992462187
loxAfr3 (n=38753),0.642240866155651,0.591963474146466
loxAfr3 (n=38753),0.643302532498945,0.583783488009765
loxAfr3 (n=38753),0.644364198842239,0.578044391539497
loxAfr3 (n=38753),0.645425865185533,0.575322485315994
loxAfr3 (n=38753),0.646487531528828,0.575591064156092
loxAfr3 (n=38753),0.647549197872122,0.578256421824168
loxAfr3 (n=38753),0.648610864215416,0.582271195009763
loxAfr3 (n=38753),0.64967253055871,0.586193995780317
loxAfr3 (n=38753),0.650734196902004,0.588472615288152
loxAfr3 (n=38753),0.651795863245298,0.588092742327245
loxAfr3 (n=38753),0.652857529588592,0.584481358929359
loxAfr3 (n=38753),0.653919195931886,0.577584915318239
loxAfr3 (n=38753),0.65498086227518,0.567871778349458
loxAfr3 (n=38753),0.656042528618474,0.556271186830747
loxAfr3 (n=38753),0.657104194961768,0.544065197502741
loxAfr3 (n=38753),0.658165861305062,0.532755533494709
loxAfr3 (n=38753),0.659227527648356,0.523930099588692
loxAfr3 (n=38753),0.66028919399165,0.519200082338073
loxAfr3 (n=38753),0.661350860334945,0.520816658715769
loxAfr3 (n=38753),0.662412526678239,0.529723531632687
loxAfr3 (n=38753),0.663474193021533,0.547333753505725
loxAfr3 (n=38753),0.664535859364827,0.575179214164934
loxAfr3 (n=38753),0.665597525708121,0.614970954478982
loxAfr3 (n=38753),0.666659192051415,0.668599060612158
loxAfr3 (n=38753),0.667720858394709,0.73805065274465
loxAfr3 (n=38753),0.668782524738003,0.825236213900019
loxAfr3 (n=38753),0.669844191081297,0.931728362243844
loxAfr3 (n=38753),0.670905857424591,1.05843240792616
loxAfr3 (n=38753),0.671967523767885,1.20626115498889
loxAfr3 (n=38753),0.673029190111179,1.37298652022883
loxAfr3 (n=38753),0.674090856454473,1.55358628622985
loxAfr3 (n=38753),0.675152522797768,1.74264979052302
loxAfr3 (n=38753),0.676214189141062,1.93352783259648
loxAfr3 (n=38753),0.677275855484356,2.11884354191991
loxAfr3 (n=38753),0.67833752182765,2.29114371612495
loxAfr3 (n=38753),0.679399188170944,2.44361865869917
loxAfr3 (n=38753),0.680460854514238,2.57080545682503
loxAfr3 (n=38753),0.681522520857532,2.66918474268775
loxAfr3 (n=38753),0.682584187200826,2.73758507354239
loxAfr3 (n=38753),0.68364585354412,2.77477519915035
loxAfr3 (n=38753),0.684707519887414,2.78819654858391
loxAfr3 (n=38753),0.685769186230708,2.78382284612029
loxAfr3 (n=38753),0.686830852574002,2.76790733327939
loxAfr3 (n=38753),0.687892518917296,2.74642029308607
loxAfr3 (n=38753),0.688954185260591,2.72435503134407
loxAfr3 (n=38753),0.690015851603885,2.70522513652986
loxAfr3 (n=38753),0.691077517947179,2.69080610347759
loxAfr3 (n=38753),0.692139184290473,2.6811415576189
loxAfr3 (n=38753),0.693200850633767,2.6748000395171
loxAfr3 (n=38753),0.694262516977061,2.66923402684706
loxAfr3 (n=38753),0.695324183320355,2.66105848861892
loxAfr3 (n=38753),0.696385849663649,2.64786880129316
loxAfr3 (n=38753),0.697447516006943,2.62822179223838
loxAfr3 (n=38753),0.698509182350237,2.60177375351568
loxAfr3 (n=38753),0.699570848693531,2.56930435864273
loxAfr3 (n=38753),0.700632515036825,2.5326088802225
loxAfr3 (n=38753),0.70169418138012,2.49431084398577
loxAfr3 (n=38753),0.702755847723414,2.45765230424215
loxAfr3 (n=38753),0.703817514066708,2.42631617937832
loxAfr3 (n=38753),0.704879180410002,2.40432482817544
loxAfr3 (n=38753),0.705940846753296,2.39786126972085
loxAfr3 (n=38753),0.70700251309659,2.41177924753949
loxAfr3 (n=38753),0.708064179439884,2.45152957347041
loxAfr3 (n=38753),0.709125845783178,2.52373588150895
loxAfr3 (n=38753),0.710187512126472,2.63578774343186
loxAfr3 (n=38753),0.711249178469766,2.79560000859347
loxAfr3 (n=38753),0.71231084481306,3.01115761476765
loxAfr3 (n=38753),0.713372511156354,3.28984919086082
loxAfr3 (n=38753),0.714434177499648,3.6376208006681
loxAfr3 (n=38753),0.715495843842942,4.05800952940836
loxAfr3 (n=38753),0.716557510186236,4.55280752742496
loxAfr3 (n=38753),0.717619176529531,5.12053317483153
loxAfr3 (n=38753),0.718680842872825,5.74300446031375
loxAfr3 (n=38753),0.719742509216119,6.40369525256361
loxAfr3 (n=38753),0.720804175559413,7.08179411939611
loxAfr3 (n=38753),0.721865841902707,7.75343522170815
loxAfr3 (n=38753),0.722927508246001,8.39334257626423
loxAfr3 (n=38753),0.723989174589295,8.97673771090183
loxAfr3 (n=38753),0.725050840932589,9.48132151426386
loxAfr3 (n=38753),0.726112507275883,9.88911879085846
loxAfr3 (n=38753),0.727174173619177,10.1879705985449
loxAfr3 (n=38753),0.728235839962471,10.3641894781947
loxAfr3 (n=38753),0.729297506305765,10.4251747508493
loxAfr3 (n=38753),0.73035917264906,10.3857597972768
loxAfr3 (n=38753),0.731420838992354,10.2600337140712
loxAfr3 (n=38753),0.732482505335648,10.0643311900639
loxAfr3 (n=38753),0.733544171678942,9.81552506370799
loxAfr3 (n=38753),0.734605838022236,9.52957905655248
loxAfr3 (n=38753),0.73566750436553,9.22049492811157
loxAfr3 (n=38753),0.736729170708824,8.89971901375821
loxAfr3 (n=38753),0.737790837052118,8.57600211021074
loxAfr3 (n=38753),0.738852503395412,8.2557060072888
loxAfr3 (n=38753),0.739914169738706,7.94434823550206
loxAfr3 (n=38753),0.740975836082,7.64408506234381
loxAfr3 (n=38753),0.742037502425294,7.35674059068307
loxAfr3 (n=38753),0.743099168768588,7.08361119817421
loxAfr3 (n=38753),0.744160835111883,6.82550824904357
loxAfr3 (n=38753),0.745222501455177,6.5827429506445
loxAfr3 (n=38753),0.746284167798471,6.35512079596689
loxAfr3 (n=38753),0.747345834141765,6.14199560486797
loxAfr3 (n=38753),0.748407500485059,5.94240785684109
loxAfr3 (n=38753),0.749469166828353,5.75530186842377
loxAfr3 (n=38753),0.750530833171647,5.58043468987042
loxAfr3 (n=38753),0.751592499514941,5.41735492656235
loxAfr3 (n=38753),0.752654165858235,5.26562786776951
loxAfr3 (n=38753),0.753715832201529,5.12587471951111
loxAfr3 (n=38753),0.754777498544823,4.99886049824275
loxAfr3 (n=38753),0.755839164888117,4.88523039520964
loxAfr3 (n=38753),0.756900831231411,4.78529337759824
loxAfr3 (n=38753),0.757962497574706,4.69891340031311
loxAfr3 (n=38753),0.759024163918,4.62554611448997
loxAfr3 (n=38753),0.760085830261294,4.5644301314704
loxAfr3 (n=38753),0.761147496604588,4.51490879822506
loxAfr3 (n=38753),0.762209162947882,4.478203537511
loxAfr3 (n=38753),0.763270829291176,4.45433234384063
loxAfr3 (n=38753),0.76433249563447,4.44545923610103
loxAfr3 (n=38753),0.765394161977764,4.45472881101403
loxAfr3 (n=38753),0.766455828321058,4.48576172651572
loxAfr3 (n=38753),0.767517494664352,4.54210296739855
loxAfr3 (n=38753),0.768579161007646,4.62661923235873
loxAfr3 (n=38753),0.76964082735094,4.74094662252731
loxAfr3 (n=38753),0.770702493694234,4.88508553883823
loxAfr3 (n=38753),0.771764160037528,5.05722299083018
loxAfr3 (n=38753),0.772825826380823,5.25461161715078
loxAfr3 (n=38753),0.773887492724117,5.47205039052208
loxAfr3 (n=38753),0.774949159067411,5.70227858181623
loxAfr3 (n=38753),0.776010825410705,5.94032499504802
loxAfr3 (n=38753),0.777072491753999,6.18220186009103
loxAfr3 (n=38753),0.778134158097293,6.42515249815526
loxAfr3 (n=38753),0.779195824440587,6.66760658558033
loxAfr3 (n=38753),0.780257490783881,6.90886538078476
loxAfr3 (n=38753),0.781319157127175,7.14858475090718
loxAfr3 (n=38753),0.782380823470469,7.38615958598447
loxAfr3 (n=38753),0.783442489813763,7.6201364706225
loxAfr3 (n=38753),0.784504156157057,7.8467074332303
loxAfr3 (n=38753),0.785565822500352,8.0612150394327
loxAfr3 (n=38753),0.786627488843646,8.25831964747428
loxAfr3 (n=38753),0.78768915518694,8.43230422208684
loxAfr3 (n=38753),0.788750821530234,8.57792687771019
loxAfr3 (n=38753),0.789812487873528,8.6910022428504
loxAfr3 (n=38753),0.790874154216822,8.76878086691549
loxAfr3 (n=38753),0.791935820560116,8.81007243520554
loxAfr3 (n=38753),0.79299748690341,8.81510748813814
loxAfr3 (n=38753),0.794059153246704,8.78518055771354
loxAfr3 (n=38753),0.795120819589998,8.72138370553274
loxAfr3 (n=38753),0.796182485933292,8.62383948139973
loxAfr3 (n=38753),0.797244152276586,8.49700594376059
loxAfr3 (n=38753),0.79830581861988,8.34190212429748
loxAfr3 (n=38753),0.799367484963175,8.1593426036556
loxAfr3 (n=38753),0.800429151306469,7.95024504964146
loxAfr3 (n=38753),0.801490817649763,7.71594547984948
loxAfr3 (n=38753),0.802552483993057,7.45844461555936
loxAfr3 (n=38753),0.803614150336351,7.18053127130297
loxAfr3 (n=38753),0.804675816679645,6.88575672756933
loxAfr3 (n=38753),0.805737483022939,6.57826488825008
loxAfr3 (n=38753),0.806799149366233,6.26228944282031
loxAfr3 (n=38753),0.807860815709527,5.94321386413419
loxAfr3 (n=38753),0.808922482052821,5.62522098250513
loxAfr3 (n=38753),0.809984148396115,5.3115691241268
loxAfr3 (n=38753),0.811045814739409,5.00488609710192
loxAfr3 (n=38753),0.812107481082703,4.70720867863987
loxAfr3 (n=38753),0.813169147425997,4.42006589006168
loxAfr3 (n=38753),0.814230813769292,4.14457834604345
loxAfr3 (n=38753),0.815292480112586,3.88155103017113
loxAfr3 (n=38753),0.81635414645588,3.63154436333741
loxAfr3 (n=38753),0.817415812799174,3.39503308826378
loxAfr3 (n=38753),0.818477479142468,3.17353483631374
loxAfr3 (n=38753),0.819539145485762,2.96552133991572
loxAfr3 (n=38753),0.820600811829056,2.77074488796894
loxAfr3 (n=38753),0.82166247817235,2.58881321145104
loxAfr3 (n=38753),0.822724144515644,2.41922277262332
loxAfr3 (n=38753),0.823785810858938,2.26139950785341
loxAfr3 (n=38753),0.824847477202232,2.11474218674087
loxAfr3 (n=38753),0.825909143545526,1.97866349054275
loxAfr3 (n=38753),0.826970809888821,1.85262442198539
loxAfr3 (n=38753),0.828032476232115,1.73615862042814
loxAfr3 (n=38753),0.829094142575409,1.62940278891101
loxAfr3 (n=38753),0.830155808918703,1.53201165309613
loxAfr3 (n=38753),0.831217475261997,1.44323891233791
loxAfr3 (n=38753),0.832279141605291,1.36289489113272
loxAfr3 (n=38753),0.833340807948585,1.29078157854377
loxAfr3 (n=38753),0.834402474291879,1.22666179229546
loxAfr3 (n=38753),0.835464140635173,1.1702327307885
loxAfr3 (n=38753),0.836525806978467,1.1211065647688
loxAfr3 (n=38753),0.837587473321761,1.07879999019651
loxAfr3 (n=38753),0.838649139665055,1.04273380555504
loxAfr3 (n=38753),0.83971080600835,1.01224261995972
loxAfr3 (n=38753),0.840772472351644,0.987014392851055
loxAfr3 (n=38753),0.841834138694938,0.965690307167275
loxAfr3 (n=38753),0.842895805038232,0.947464570420112
loxAfr3 (n=38753),0.843957471381526,0.931607028825804
loxAfr3 (n=38753),0.84501913772482,0.91744693429733
loxAfr3 (n=38753),0.846080804068114,0.904388480832234
loxAfr3 (n=38753),0.847142470411408,0.891919472332725
loxAfr3 (n=38753),0.848204136754702,0.87961353092198
loxAfr3 (n=38753),0.849265803097996,0.867126885725225
loxAfr3 (n=38753),0.85032746944129,0.854191269890492
loxAfr3 (n=38753),0.851389135784584,0.840570772564905
loxAfr3 (n=38753),0.852450802127878,0.826079807641475
loxAfr3 (n=38753),0.853512468471173,0.810692956247477
loxAfr3 (n=38753),0.854574134814467,0.794380476952799
loxAfr3 (n=38753),0.855635801157761,0.777158405570253
loxAfr3 (n=38753),0.856697467501055,0.759091314270481
loxAfr3 (n=38753),0.857759133844349,0.74029582058682
loxAfr3 (n=38753),0.858820800187643,0.720943904038651
loxAfr3 (n=38753),0.859882466530937,0.701265258067487
loxAfr3 (n=38753),0.860944132874231,0.681548142503225
loxAfr3 (n=38753),0.862005799217525,0.662138484355499
loxAfr3 (n=38753),0.863067465560819,0.643555187533718
loxAfr3 (n=38753),0.864129131904113,0.626285157062085
loxAfr3 (n=38753),0.865190798247407,0.610824066446157
loxAfr3 (n=38753),0.866252464590701,0.597721131429438
loxAfr3 (n=38753),0.867314130933995,0.587552647402169
loxAfr3 (n=38753),0.86837579727729,0.5809126800304
loxAfr3 (n=38753),0.869437463620584,0.578401860571575
loxAfr3 (n=38753),0.870499129963878,0.580614044144633
loxAfr3 (n=38753),0.871560796307172,0.588120789347542
loxAfr3 (n=38753),0.872622462650466,0.601453854538831
loxAfr3 (n=38753),0.87368412899376,0.621256994171177
loxAfr3 (n=38753),0.874745795337054,0.64840905725152
loxAfr3 (n=38753),0.875807461680348,0.682574054894133
loxAfr3 (n=38753),0.876869128023642,0.723862485068714
loxAfr3 (n=38753),0.877930794366936,0.772239074921014
loxAfr3 (n=38753),0.87899246071023,0.827507975040316
loxAfr3 (n=38753),0.880054127053524,0.889299125695771
loxAfr3 (n=38753),0.881115793396818,0.957055826232152
loxAfr3 (n=38753),0.882177459740113,1.03002386428642
loxAfr3 (n=38753),0.883239126083407,1.10724297519116
loxAfr3 (n=38753),0.884300792426701,1.18754187706089
loxAfr3 (n=38753),0.885362458769995,1.2695174064515
loxAfr3 (n=38753),0.886424125113289,1.35119974489679
loxAfr3 (n=38753),0.887485791456583,1.43070006094149
loxAfr3 (n=38753),0.888547457799877,1.5060812012477
loxAfr3 (n=38753),0.889609124143171,1.57535274281711
loxAfr3 (n=38753),0.890670790486465,1.63654210779615
loxAfr3 (n=38753),0.891732456829759,1.68777423277363
loxAfr3 (n=38753),0.892794123173053,1.72735559031353
loxAfr3 (n=38753),0.893855789516347,1.75385759416798
loxAfr3 (n=38753),0.894917455859642,1.76619394606908
loxAfr3 (n=38753),0.895979122202936,1.76355475430372
loxAfr3 (n=38753),0.89704078854623,1.74428864052198
loxAfr3 (n=38753),0.898102454889524,1.71047313032584
loxAfr3 (n=38753),0.899164121232818,1.66304403643513
loxAfr3 (n=38753),0.900225787576112,1.60334986213891
loxAfr3 (n=38753),0.901287453919406,1.53308472219712
loxAfr3 (n=38753),0.9023491202627,1.45420628301881
loxAfr3 (n=38753),0.903410786605994,1.36884391942396
loxAfr3 (n=38753),0.904472452949288,1.27920252245269
loxAfr3 (n=38753),0.905534119292582,1.18746735199961
loxAfr3 (n=38753),0.906595785635876,1.09571502761883
loxAfr3 (n=38753),0.90765745197917,1.00605592432602
loxAfr3 (n=38753),0.908719118322465,0.920367562102861
loxAfr3 (n=38753),0.909780784665758,0.839731806684721
loxAfr3 (n=38753),0.910842451009053,0.7650228144286
loxAfr3 (n=38753),0.911904117352347,0.6968009540577
loxAfr3 (n=38753),0.912965783695641,0.635335462830047
loxAfr3 (n=38753),0.914027450038935,0.580638516384189
loxAfr3 (n=38753),0.915089116382229,0.532507482069593
loxAfr3 (n=38753),0.916150782725523,0.490571982267936
loxAfr3 (n=38753),0.917212449068817,0.454342413893914
loxAfr3 (n=38753),0.918274115412111,0.423256751669471
loxAfr3 (n=38753),0.919335781755405,0.39713955478443
loxAfr3 (n=38753),0.920397448098699,0.374881392147822
loxAfr3 (n=38753),0.921459114441993,0.355915876478408
loxAfr3 (n=38753),0.922520780785287,0.339763599276801
loxAfr3 (n=38753),0.923582447128581,0.325999715342545
loxAfr3 (n=38753),0.924644113471876,0.314251442566253
loxAfr3 (n=38753),0.92570577981517,0.304192181965638
loxAfr3 (n=38753),0.926767446158464,0.295534032795647
loxAfr3 (n=38753),0.927829112501758,0.288020326009565
loxAfr3 (n=38753),0.928890778845052,0.281419535461482
loxAfr3 (n=38753),0.929952445188346,0.275542039426822
loxAfr3 (n=38753),0.93101411153164,0.270185959971076
loxAfr3 (n=38753),0.932075777874934,0.265146076181426
loxAfr3 (n=38753),0.933137444218228,0.260299500247255
loxAfr3 (n=38753),0.934199110561522,0.255558777642801
loxAfr3 (n=38753),0.935260776904816,0.250875251759816
loxAfr3 (n=38753),0.93632244324811,0.246240189732153
loxAfr3 (n=38753),0.937384109591405,0.241683143095128
loxAfr3 (n=38753),0.938445775934699,0.237267336678639
loxAfr3 (n=38753),0.939507442277993,0.233082206073678
loxAfr3 (n=38753),0.940569108621287,0.229233523626606
loxAfr3 (n=38753),0.941630774964581,0.225884111230758
loxAfr3 (n=38753),0.942692441307875,0.223115175185919
loxAfr3 (n=38753),0.943754107651169,0.220984747145804
loxAfr3 (n=38753),0.944815773994463,0.219529147874944
loxAfr3 (n=38753),0.945877440337757,0.218747521209359
loxAfr3 (n=38753),0.946939106681051,0.218600633223583
loxAfr3 (n=38753),0.948000773024345,0.219012584486511
loxAfr3 (n=38753),0.949062439367639,0.219875060307712
loxAfr3 (n=38753),0.950124105710933,0.221053605226354
loxAfr3 (n=38753),0.951185772054228,0.222395320944202
loxAfr3 (n=38753),0.952247438397522,0.223732536174886
loxAfr3 (n=38753),0.953309104740816,0.224864430584258
loxAfr3 (n=38753),0.95437077108411,0.225641308626922
loxAfr3 (n=38753),0.955432437427404,0.225931404604923
loxAfr3 (n=38753),0.956494103770698,0.22562602463916
loxAfr3 (n=38753),0.957555770113992,0.22464271870756
loxAfr3 (n=38753),0.958617436457286,0.222926804099018
loxAfr3 (n=38753),0.95967910280058,0.220451226704657
loxAfr3 (n=38753),0.960740769143874,0.217214828577721
loxAfr3 (n=38753),0.961802435487168,0.213239185186741
loxAfr3 (n=38753),0.962864101830462,0.208564281303295
loxAfr3 (n=38753),0.963925768173756,0.203200227602415
loxAfr3 (n=38753),0.964987434517051,0.197241841618481
loxAfr3 (n=38753),0.966049100860345,0.190779069228086
loxAfr3 (n=38753),0.967110767203639,0.183874072336514
loxAfr3 (n=38753),0.968172433546933,0.176587435289676
loxAfr3 (n=38753),0.969234099890227,0.168980297946513
loxAfr3 (n=38753),0.970295766233521,0.161118764249513
loxAfr3 (n=38753),0.971357432576815,0.153080593563595
loxAfr3 (n=38753),0.972419098920109,0.14496417561393
loxAfr3 (n=38753),0.973480765263403,0.136899819588616
loxAfr3 (n=38753),0.974542431606697,0.129068100097719
loxAfr3 (n=38753),0.975604097949991,0.121808451005383
loxAfr3 (n=38753),0.976665764293285,0.115464574810853
loxAfr3 (n=38753),0.97772743063658,0.110525766128921
loxAfr3 (n=38753),0.978789096979874,0.107626332257412
loxAfr3 (n=38753),0.979850763323168,0.107566865073943
loxAfr3 (n=38753),0.980912429666462,0.111328050022663
loxAfr3 (n=38753),0.981974096009756,0.120071429667578
loxAfr3 (n=38753),0.98303576235305,0.135120881520593
loxAfr3 (n=38753),0.984097428696344,0.157918487353164
loxAfr3 (n=38753),0.985159095039638,0.189949064813464
loxAfr3 (n=38753),0.986220761382932,0.233334752983825
loxAfr3 (n=38753),0.987282427726226,0.289363000173585
loxAfr3 (n=38753),0.98834409406952,0.357905668020495
loxAfr3 (n=38753),0.989405760412814,0.43872091457527
loxAfr3 (n=38753),0.990467426756108,0.530672465579314
loxAfr3 (n=38753),0.991529093099403,0.631625137101003
loxAfr3 (n=38753),0.992590759442697,0.738422094815578
loxAfr3 (n=38753),0.993652425785991,0.846960946827768
loxAfr3 (n=38753),0.994714092129285,0.952376995282276
loxAfr3 (n=38753),0.995775758472579,1.04933136679805
loxAfr3 (n=38753),0.996837424815873,1.13238968156519
loxAfr3 (n=38753),0.997899091159167,1.19386235942958
loxAfr3 (n=38753),0.998960757502461,1.23130279866136
loxAfr3 (n=38753),1.00002242384576,1.2425661475709
loxAfr3 (n=38753),1.00108409018905,1.22698595775327
loxAfr3 (n=38753),1.00214575653234,1.18556077945888
loxAfr3 (n=38753),1.00320742287564,1.12083850454147
loxAfr3 (n=38753),1.00426908921893,1.03666413999038
loxAfr3 (n=38753),1.00533075556223,0.93782176629204
loxAfr3 (n=38753),1.00639242190552,0.829610747742947
loxAfr3 (n=38753),1.00745408824881,0.717401680814331
loxAfr3 (n=38753),1.00851575459211,0.606468752675518
loxAfr3 (n=38753),1.0095774209354,0.501869710218221
loxAfr3 (n=38753),1.0106390872787,0.406430495088345
loxAfr3 (n=38753),1.01170075362199,0.322023845677038
loxAfr3 (n=38753),1.01276241996528,0.249550108289383
loxAfr3 (n=38753),1.01382408630858,0.189073888958841
loxAfr3 (n=38753),1.01488575265187,0.139999785273146
loxAfr3 (n=38753),1.01594741899517,0.101263366700568
loxAfr3 (n=38753),1.01700908533846,0.0715170688497727
loxAfr3 (n=38753),1.01807075168175,0.0492951825099172
loxAfr3 (n=38753),1.01913241802505,0.0331473217406742
loxAfr3 (n=38753),1.02019408436834,0.0220458507051228
loxAfr3 (n=38753),1.02125575071164,0.014385084038797
mm10 (n=60223),0.483245170341724,1.1683803678022e-05
mm10 (n=60223),0.484331762885269,1.50634405508425e-05
mm10 (n=60223),0.485418355428813,1.92465002885797e-05
mm10 (n=60223),0.486504947972358,2.43764324508085e-05
mm10 (n=60223),0.487591540515903,3.0611966031056e-05
mm10 (n=60223),0.488678133059447,3.81272090170059e-05
mm10 (n=60223),0.489764725602992,4.72947709278141e-05
mm10 (n=60223),0.490851318146537,5.84534788143646e-05
mm10 (n=60223),0.491937910690082,7.1651251824989e-05
mm10 (n=60223),0.493024503233626,8.71301217669757e-05
mm10 (n=60223),0.494111095777171,0.000105139028521501
mm10 (n=60223),0.495197688320716,0.000125931453315798
mm10 (n=60223),0.49628428086426,0.000149798368935042
mm10 (n=60223),0.497370873407805,0.000177761306470079
mm10 (n=60223),0.49845746595135,0.000209399554542962
mm10 (n=60223),0.499544058494894,0.000244936065741059
mm10 (n=60223),0.500630651038439,0.000284577497774565
mm10 (n=60223),0.501717243581984,0.000328512743772755
mm10 (n=60223),0.502803836125528,0.000376911791559746
mm10 (n=60223),0.503890428669073,0.000430617616325521
mm10 (n=60223),0.504977021212618,0.000489511167014144
mm10 (n=60223),0.506063613756162,0.00055331327389932
mm10 (n=60223),0.507150206299707,0.000622123627335341
mm10 (n=60223),0.508236798843252,0.000696046613461853
mm10 (n=60223),0.509323391386796,0.000775199041464404
mm10 (n=60223),0.510409983930341,0.00086001003995386
mm10 (n=60223),0.511496576473886,0.000951442255820723
mm10 (n=60223),0.512583169017431,0.00104885149961287
mm10 (n=60223),0.513669761560975,0.00115261889499662
mm10 (n=60223),0.51475635410452,0.00126321991080217
mm10 (n=60223),0.515842946648065,0.00138123454804492
mm10 (n=60223),0.516929539191609,0.00150735716908687
mm10 (n=60223),0.518016131735154,0.00164436685737042
mm10 (n=60223),0.519102724278699,0.00179236450785437
mm10 (n=60223),0.520189316822243,0.00195225253174321
mm10 (n=60223),0.521275909365788,0.00212545935618609
mm10 (n=60223),0.522362501909333,0.00231356213979973
mm10 (n=60223),0.523449094452877,0.00251828585125619
mm10 (n=60223),0.524535686996422,0.00274349621374834
mm10 (n=60223),0.525622279539967,0.0029930291125689
mm10 (n=60223),0.526708872083511,0.00326669303250079
mm10 (n=60223),0.527795464627056,0.00356693212060887
mm10 (n=60223),0.528882057170601,0.00389631480162426
mm10 (n=60223),0.529968649714146,0.00425753087619621
mm10 (n=60223),0.53105524225769,0.00465339592801423
mm10 (n=60223),0.532141834801235,0.00509646383221798
mm10 (n=60223),0.53322842734478,0.00558204789203176
mm10 (n=60223),0.534315019888324,0.00611340338408131
mm10 (n=60223),0.535401612431869,0.00669386477750334
mm10 (n=60223),0.536488204975414,0.00732683111120011
mm10 (n=60223),0.537574797518958,0.00801574966751064
mm10 (n=60223),0.538661390062503,0.00877274963866063
mm10 (n=60223),0.539747982606048,0.0096001855400308
mm10 (n=60223),0.540834575149592,0.0104958013299323
mm10 (n=60223),0.541921167693137,0.0114627421208384
mm10 (n=60223),0.543007760236682,0.0125039555508951
mm10 (n=60223),0.544094352780226,0.0136221528407964
mm10 (n=60223),0.545180945323771,0.0148231664923239
mm10 (n=60223),0.546267537867316,0.0161214090969379
mm10 (n=60223),0.54735413041086,0.0175034055449795
mm10 (n=60223),0.548440722954405,0.0189700177359659
mm10 (n=60223),0.54952731549795,0.0205217152622949
mm10 (n=60223),0.550613908041495,0.0221585947559365
mm10 (n=60223),0.551700500585039,0.0238804042311196
mm10 (n=60223),0.552787093128584,0.025701129323369
mm10 (n=60223),0.553873685672129,0.0276090896106993
mm10 (n=60223),0.554960278215673,0.0295989158781845
mm10 (n=60223),0.556046870759218,0.0316696017147876
mm10 (n=60223),0.557133463302763,0.03382024527145
mm10 (n=60223),0.558220055846307,0.0360501102886769
mm10 (n=60223),0.559306648389852,0.0383651860674948
mm10 (n=60223),0.560393240933397,0.0407702582388381
mm10 (n=60223),0.561479833476941,0.0432544961239088
mm10 (n=60223),0.562566426020486,0.04581872808512
mm10 (n=60223),0.563653018564031,0.0484640502542577
mm10 (n=60223),0.564739611107575,0.0511917766338468
mm10 (n=60223),0.56582620365112,0.0540033828716881
mm10 (n=60223),0.566912796194665,0.0569194262641899
mm10 (n=60223),0.56799938873821,0.0599239926042203
mm10 (n=60223),0.569085981281754,0.0630172448598694
mm10 (n=60223),0.570172573825299,0.0661998349894216
mm10 (n=60223),0.571259166368844,0.0694719676547372
mm10 (n=60223),0.572345758912388,0.072833340327949
mm10 (n=60223),0.573432351455933,0.0762936939376928
mm10 (n=60223),0.574518943999478,0.0798484893962616
mm10 (n=60223),0.575605536543022,0.0834857382945431
mm10 (n=60223),0.576692129086567,0.0872018801824088
mm10 (n=60223),0.577778721630112,0.0909927317668424
mm10 (n=60223),0.578865314173656,0.0948535015037197
mm10 (n=60223),0.579951906717201,0.0987805537265427
mm10 (n=60223),0.581038499260746,0.102774863333385
mm10 (n=60223),0.58212509180429,0.106816670757554
mm10 (n=60223),0.583211684347835,0.110898275997817
mm10 (n=60223),0.58429827689138,0.115011464227048
mm10 (n=60223),0.585384869434924,0.119147518146821
mm10 (n=60223),0.586471461978469,0.12329723293218
mm10 (n=60223),0.587558054522014,0.127449018795738
mm10 (n=60223),0.588644647065559,0.131588507196981
mm10 (n=60223),0.589731239609103,0.135704846461199
mm10 (n=60223),0.590817832152648,0.139787195900881
mm10 (n=60223),0.591904424696193,0.143824733859184
mm10 (n=60223),0.592991017239737,0.147806779317955
mm10 (n=60223),0.594077609783282,0.151717195162387
mm10 (n=60223),0.595164202326827,0.155536183803765
mm10 (n=60223),0.596250794870371,0.159265778269772
mm10 (n=60223),0.597337387413916,0.162898698458055
mm10 (n=60223),0.598423979957461,0.166428734347531
mm10 (n=60223),0.599510572501005,0.169850790962976
mm10 (n=60223),0.60059716504455,0.173160920373222
mm10 (n=60223),0.601683757588095,0.176332364727796
mm10 (n=60223),0.60277035013164,0.17938522677481
mm10 (n=60223),0.603856942675184,0.182322135482871
mm10 (n=60223),0.604943535218729,0.18514398308892
mm10 (n=60223),0.606030127762274,0.187852142811352
mm10 (n=60223),0.607116720305818,0.190448335791104
mm10 (n=60223),0.608203312849363,0.192922322554782
mm10 (n=60223),0.609289905392908,0.195276949544897
mm10 (n=60223),0.610376497936452,0.197526502103104
mm10 (n=60223),0.611463090479997,0.19967279557777
mm10 (n=60223),0.612549683023542,0.201717706286052
mm10 (n=60223),0.613636275567086,0.203663287506097
mm10 (n=60223),0.614722868110631,0.205509983467434
mm10 (n=60223),0.615809460654176,0.207244994081865
mm10 (n=60223),0.61689605319772,0.208893431027143
mm10 (n=60223),0.617982645741265,0.210462035696753
mm10 (n=60223),0.61906923828481,0.211959370599836
mm10 (n=60223),0.620155830828354,0.213396026749372
mm10 (n=60223),0.621242423371899,0.214784819214339
mm10 (n=60223),0.622329015915444,0.216140481030103
mm10 (n=60223),0.623415608458989,0.217492715145018
mm10 (n=60223),0.624502201002533,0.218867488812369
mm10 (n=60223),0.625588793546078,0.220291361901145
mm10 (n=60223),0.626675386089623,0.22179345733059
mm10 (n=60223),0.627761978633167,0.223405352626821
mm10 (n=60223),0.628848571176712,0.225173006815385
mm10 (n=60223),0.629935163720257,0.22716722460505
mm10 (n=60223),0.631021756263801,0.22940372106136
mm10 (n=60223),0.632108348807346,0.231923658684927
mm10 (n=60223),0.633194941350891,0.234769292273226
mm10 (n=60223),0.634281533894435,0.237983800998847
mm10 (n=60223),0.63536812643798,0.241611126194933
mm10 (n=60223),0.636454718981525,0.245799132257706
mm10 (n=60223),0.637541311525069,0.250530576148077
mm10 (n=60223),0.638627904068614,0.255836397629329
mm10 (n=60223),0.639714496612159,0.261762008943766
mm10 (n=60223),0.640801089155703,0.268352766585439
mm10 (n=60223),0.641887681699248,0.275653891397487
mm10 (n=60223),0.642974274242793,0.283794864666649
mm10 (n=60223),0.644060866786337,0.292855671742669
mm10 (n=60223),0.645147459329882,0.302785522702899
mm10 (n=60223),0.646234051873427,0.313626795902894
mm10 (n=60223),0.647320644416972,0.325420744217421
mm10 (n=60223),0.648407236960516,0.338207302746481
mm10 (n=60223),0.649493829504061,0.352036098056885
mm10 (n=60223),0.650580422047606,0.367175804205086
mm10 (n=60223),0.65166701459115,0.383434833270839
mm10 (n=60223),0.652753607134695,0.400842095974559
mm10 (n=60223),0.65384019967824,0.419423637191161
mm10 (n=60223),0.654926792221784,0.439202516978822
mm10 (n=60223),0.656013384765329,0.460198708832539
mm10 (n=60223),0.657099977308874,0.482609696318954
mm10 (n=60223),0.658186569852418,0.506374918614172
mm10 (n=60223),0.659273162395963,0.531399344012633
mm10 (n=60223),0.660359754939508,0.557687111920736
mm10 (n=60223),0.661446347483053,0.585239923155528
mm10 (n=60223),0.662532940026597,0.614057297417909
mm10 (n=60223),0.663619532570142,0.644201705391883
mm10 (n=60223),0.664706125113687,0.675822456026137
mm10 (n=60223),0.665792717657231,0.708692952408362
mm10 (n=60223),0.666879310200776,0.742807782386154
mm10 (n=60223),0.667965902744321,0.778162024186341
mm10 (n=60223),0.669052495287865,0.814751593407415
mm10 (n=60223),0.67013908783141,0.852573583618344
mm10 (n=60223),0.671225680374955,0.891855812226839
mm10 (n=60223),0.672312272918499,0.9324235567168
mm10 (n=60223),0.673398865462044,0.974232316943269
mm10 (n=60223),0.674485458005589,1.01729118737925
mm10 (n=60223),0.675572050549133,1.06161229161265
mm10 (n=60223),0.676658643092678,1.10721089896703
mm10 (n=60223),0.677745235636223,1.15422898616446
mm10 (n=60223),0.678831828179768,1.20275483596321
mm10 (n=60223),0.679918420723312,1.25264378785827
mm10 (n=60223),0.681005013266857,1.30392842399435
mm10 (n=60223),0.682091605810402,1.35664450846398
mm10 (n=60223),0.683178198353946,1.41083091113117
mm10 (n=60223),0.684264790897491,1.46652962435195
mm10 (n=60223),0.685351383441036,1.52415633474108
mm10 (n=60223),0.68643797598458,1.58341904827214
mm10 (n=60223),0.687524568528125,1.64437110936518
mm10 (n=60223),0.68861116107167,1.70706821876662
mm10 (n=60223),0.689697753615214,1.77156832553081
mm10 (n=60223),0.690784346158759,1.83793151366135
mm10 (n=60223),0.691870938702304,1.90649077565743
mm10 (n=60223),0.692957531245849,1.97725775156437
mm10 (n=60223),0.694044123789393,2.05011984384697
mm10 (n=60223),0.695130716332938,2.12514470977193
mm10 (n=60223),0.696217308876483,2.20240025325141
mm10 (n=60223),0.697303901420027,2.28195412578301
mm10 (n=60223),0.698390493963572,2.3639743856198
mm10 (n=60223),0.699477086507117,2.44890031019782
mm10 (n=60223),0.700563679050661,2.53634972752019
mm10 (n=60223),0.701650271594206,2.62637366274541
mm10 (n=60223),0.702736864137751,2.71901552875313
mm10 (n=60223),0.703823456681295,2.81430969140213
mm10 (n=60223),0.70491004922484,2.91227999401006
mm10 (n=60223),0.705996641768385,3.01340525606721
mm10 (n=60223),0.707083234311929,3.11733194320603
mm10 (n=60223),0.708169826855474,3.22387824366288
mm10 (n=60223),0.709256419399019,3.33297923812508
mm10 (n=60223),0.710343011942563,3.44454738922788
mm10 (n=60223),0.711429604486108,3.55847138393757
mm10 (n=60223),0.712516197029653,3.67477775482304
mm10 (n=60223),0.713602789573197,3.79334059651641
mm10 (n=60223),0.714689382116742,3.91362137108476
mm10 (n=60223),0.715775974660287,4.03537369667451
mm10 (n=60223),0.716862567203832,4.1583269381042
mm10 (n=60223),0.717949159747376,4.28218747400649
mm10 (n=60223),0.719035752290921,4.40664010307812
mm10 (n=60223),0.720122344834466,4.53128188071416
mm10 (n=60223),0.72120893737801,4.65560750229227
mm10 (n=60223),0.722295529921555,4.77923748896571
mm10 (n=60223),0.7233821224651,4.90178711998132
mm10 (n=60223),0.724468715008644,5.02286708763586
mm10 (n=60223),0.725555307552189,5.14208567596387
mm10 (n=60223),0.726641900095734,5.25870254953139
mm10 (n=60223),0.727728492639279,5.37221395112
mm10 (n=60223),0.728815085182823,5.48248038520111
mm10 (n=60223),0.729901677726368,5.58913060089008
mm10 (n=60223),0.730988270269912,5.69180033204027
mm10 (n=60223),0.732074862813457,5.7901323107163
mm10 (n=60223),0.733161455357002,5.88361695077358
mm10 (n=60223),0.734248047900547,5.97095059795988
mm10 (n=60223),0.735334640444091,6.05272092578118
mm10 (n=60223),0.736421232987636,6.12859760321297
mm10 (n=60223),0.737507825531181,6.19825246692694
mm10 (n=60223),0.738594418074725,6.26135900110642
mm10 (n=60223),0.73968101061827,6.31759191703198
mm10 (n=60223),0.740767603161815,6.3653594881152
mm10 (n=60223),0.741854195705359,6.40496983989939
mm10 (n=60223),0.742940788248904,6.43655667744274
mm10 (n=60223),0.744027380792449,6.45981156019592
mm10 (n=60223),0.745113973335993,6.47443604267326
mm10 (n=60223),0.746200565879538,6.48014468992969
mm10 (n=60223),0.747287158423083,6.47598222451381
mm10 (n=60223),0.748373750966627,6.46084379122145
mm10 (n=60223),0.749460343510172,6.4359766536325
mm10 (n=60223),0.750546936053717,6.40124854298905
mm10 (n=60223),0.751633528597262,6.35657689409619
mm10 (n=60223),0.752720121140806,6.3019343656747
mm10 (n=60223),0.753806713684351,6.23735434173263
mm10 (n=60223),0.754893306227896,6.16098470185576
mm10 (n=60223),0.75597989877144,6.07495367972889
mm10 (n=60223),0.757066491314985,5.9798222700147
mm10 (n=60223),0.75815308385853,5.87603792368019
mm10 (n=60223),0.759239676402074,5.76413691415095
mm10 (n=60223),0.760326268945619,5.64474472565368
mm10 (n=60223),0.761412861489164,5.51794647199399
mm10 (n=60223),0.762499454032708,5.38496740068376
mm10 (n=60223),0.763586046576253,5.24753679617591
mm10 (n=60223),0.764672639119798,5.10669336601798
mm10 (n=60223),0.765759231663342,4.96353116070557
mm10 (n=60223),0.766845824206887,4.8191908548401
mm10 (n=60223),0.767932416750432,4.67488341685154
mm10 (n=60223),0.769019009293976,4.53249625980888
mm10 (n=60223),0.770105601837521,4.39322943777452
mm10 (n=60223),0.771192194381066,4.25826330743424
mm10 (n=60223),0.772278786924611,4.12874068477417
mm10 (n=60223),0.773365379468155,4.00575601980392
mm10 (n=60223),0.7744519720117,3.89034478057488
mm10 (n=60223),0.775538564555245,3.78498147212303
mm10 (n=60223),0.776625157098789,3.69007829222816
mm10 (n=60223),0.777711749642334,3.60566375580338
mm10 (n=60223),0.778798342185879,3.53228023197014
mm10 (n=60223),0.779884934729423,3.47035143232088
mm10 (n=60223),0.780971527272968,3.42017844003409
mm10 (n=60223),0.782058119816513,3.38267200577511
mm10 (n=60223),0.783144712360057,3.35902772265034
mm10 (n=60223),0.784231304903602,3.34703162565938
mm10 (n=60223),0.785317897447147,3.34631015657184
mm10 (n=60223),0.786404489990692,3.35636557464273
mm10 (n=60223),0.787491082534236,3.37657961069028
mm10 (n=60223),0.788577675077781,3.40621752469175
mm10 (n=60223),0.789664267621325,3.44580412982919
mm10 (n=60223),0.79075086016487,3.49261057202951
mm10 (n=60223),0.791837452708415,3.54524029322712
mm10 (n=60223),0.79292404525196,3.6024890358
mm10 (n=60223),0.794010637795504,3.66309839952881
mm10 (n=60223),0.795097230339049,3.72576722940755
mm10 (n=60223),0.796183822882594,3.78904153719954
mm10 (n=60223),0.797270415426138,3.85098683228989
mm10 (n=60223),0.798357007969683,3.91022833986096
mm10 (n=60223),0.799443600513228,3.96550840051672
mm10 (n=60223),0.800530193056772,4.01563244939024
mm10 (n=60223),0.801616785600317,4.05948248055414
mm10 (n=60223),0.802703378143862,4.09594360499109
mm10 (n=60223),0.803789970687407,4.12213892958118
mm10 (n=60223),0.804876563230951,4.13901328134765
mm10 (n=60223),0.805963155774496,4.14607313617227
mm10 (n=60223),0.807049748318041,4.14297280523168
mm10 (n=60223),0.808136340861585,4.12951585019675
mm10 (n=60223),0.80922293340513,4.10565553003123
mm10 (n=60223),0.810309525948675,4.07007914795536
mm10 (n=60223),0.811396118492219,4.02388615567932
mm10 (n=60223),0.812482711035764,3.96844813873614
mm10 (n=60223),0.813569303579309,3.90439376047966
mm10 (n=60223),0.814655896122853,3.83244021585363
mm10 (n=60223),0.815742488666398,3.75337967504923
mm10 (n=60223),0.816829081209943,3.66780646742301
mm10 (n=60223),0.817915673753488,3.57632775883559
mm10 (n=60223),0.819002266297032,3.48094924581304
mm10 (n=60223),0.820088858840577,3.38257019899252
mm10 (n=60223),0.821175451384121,3.28205854012645
mm10 (n=60223),0.822262043927666,3.18024101992238
mm10 (n=60223),0.823348636471211,3.07789404690638
mm10 (n=60223),0.824435229014755,2.97593953671587
mm10 (n=60223),0.8255218215583,2.87513223982398
mm10 (n=60223),0.826608414101845,2.77594564416366
mm10 (n=60223),0.82769500664539,2.67879418666834
mm10 (n=60223),0.828781599188934,2.58402184623736
mm10 (n=60223),0.829868191732479,2.49190478129716
mm10 (n=60223),0.830954784276024,2.40293653640973
mm10 (n=60223),0.832041376819568,2.31741736408138
mm10 (n=60223),0.833127969363113,2.23500660000589
mm10 (n=60223),0.834214561906658,2.15571434406461
mm10 (n=60223),0.835301154450202,2.07952014344065
mm10 (n=60223),0.836387746993747,2.00637780008964
mm10 (n=60223),0.837474339537292,1.93622005353171
mm10 (n=60223),0.838560932080836,1.86958530412237
mm10 (n=60223),0.839647524624381,1.80569462955539
mm10 (n=60223),0.840734117167926,1.74444371191987
mm10 (n=60223),0.84182070971147,1.68572819898656
mm10 (n=60223),0.842907302255015,1.62944498423746
mm10 (n=60223),0.84399389479856,1.57549353193301
mm10 (n=60223),0.845080487342105,1.52405903113037
mm10 (n=60223),0.846167079885649,1.47492533493137
mm10 (n=60223),0.847253672429194,1.42780710212571
mm10 (n=60223),0.848340264972739,1.38263133074258
mm10 (n=60223),0.849426857516283,1.33933138686463
mm10 (n=60223),0.850513450059828,1.29784712933705
mm10 (n=60223),0.851600042603373,1.25819514437226
mm10 (n=60223),0.852686635146917,1.22056304381462
mm10 (n=60223),0.853773227690462,1.18459277488895
mm10 (n=60223),0.854859820234007,1.15026003347205
mm10 (n=60223),0.855946412777551,1.11754760799164
mm10 (n=60223),0.857033005321096,1.08644540442046
mm10 (n=60223),0.858119597864641,1.05695046134144
mm10 (n=60223),0.859206190408185,1.02935359130533
mm10 (n=60223),0.86029278295173,1.00347743959672
mm10 (n=60223),0.861379375495275,0.97926519154145
mm10 (n=60223),0.86246596803882,0.956749858227268
mm10 (n=60223),0.863552560582364,0.935970622271779
mm10 (n=60223),0.864639153125909,0.916972538203741
mm10 (n=60223),0.865725745669454,0.899963804225078
mm10 (n=60223),0.866812338212998,0.88514410450561
mm10 (n=60223),0.867898930756543,0.872312026700534
mm10 (n=60223),0.868985523300088,0.861533604919738
mm10 (n=60223),0.870072115843632,0.85287587300426
mm10 (n=60223),0.871158708387177,0.846405767925517
mm10 (n=60223),0.872245300930722,0.842188970746187
mm10 (n=60223),0.873331893474266,0.840807594066239
mm10 (n=60223),0.874418486017811,0.841849054944056
mm10 (n=60223),0.875505078561356,0.845327277009353
mm10 (n=60223),0.876591671104901,0.851267466515576
mm10 (n=60223),0.877678263648445,0.859679741899651
mm10 (n=60223),0.87876485619199,0.870557001832521
mm10 (n=60223),0.879851448735534,0.884162415400469
mm10 (n=60223),0.880938041279079,0.900353011154038
mm10 (n=60223),0.882024633822624,0.918769683489757
mm10 (n=60223),0.883111226366168,0.939273978710059
mm10 (n=60223),0.884197818909713,0.961696739414402
mm10 (n=60223),0.885284411453258,0.985837525323004
mm10 (n=60223),0.886371003996803,1.01149860482338
mm10 (n=60223),0.887457596540347,1.03849415778122
mm10 (n=60223),0.888544189083892,1.06620662120563
mm10 (n=60223),0.889630781627437,1.09428380771349
mm10 (n=60223),0.890717374170981,1.12235347830238
mm10 (n=60223),0.891803966714526,1.15002715159748
mm10 (n=60223),0.892890559258071,1.17690413012984
mm10 (n=60223),0.893977151801616,1.20227717927255
mm10 (n=60223),0.89506374434516,1.2257262550873
mm10 (n=60223),0.896150336888705,1.2469484694607
mm10 (n=60223),0.89723692943225,1.26558428646353
mm10 (n=60223),0.898323521975794,1.28130279046354
mm10 (n=60223),0.899410114519339,1.29380675745813
mm10 (n=60223),0.900496707062884,1.30256877287799
mm10 (n=60223),0.901583299606428,1.30702160124821
mm10 (n=60223),0.902669892149973,1.30760691157655
mm10 (n=60223),0.903756484693518,1.30428228488997
mm10 (n=60223),0.904843077237062,1.29706140208701
mm10 (n=60223),0.905929669780607,1.28601366840552
mm10 (n=60223),0.907016262324152,1.27126345529274
mm10 (n=60223),0.908102854867696,1.25234660138491
mm10 (n=60223),0.909189447411241,1.23024813599843
mm10 (n=60223),0.910276039954786,1.205357792904
mm10 (n=60223),0.91136263249833,1.17802401176317
mm10 (n=60223),0.912449225041875,1.14862004587328
mm10 (n=60223),0.91353581758542,1.11753837442738
mm10 (n=60223),0.914622410128964,1.08510754546912
mm10 (n=60223),0.915709002672509,1.05191589310687
mm10 (n=60223),0.916795595216054,1.01849762989322
mm10 (n=60223),0.917882187759598,0.985232027362936
mm10 (n=60223),0.918968780303143,0.952477237606127
mm10 (n=60223),0.920055372846688,0.920566847564588
mm10 (n=60223),0.921141965390233,0.889837287630123
mm10 (n=60223),0.922228557933777,0.860909251753746
mm10 (n=60223),0.923315150477322,0.833744017880136
mm10 (n=60223),0.924401743020867,0.808507749810523
mm10 (n=60223),0.925488335564411,0.785334058805562
mm10 (n=60223),0.926574928107956,0.764325434840335
mm10 (n=60223),0.927661520651501,0.745554862101278
mm10 (n=60223),0.928748113195045,0.729422274815234
mm10 (n=60223),0.92983470573859,0.715750633499806
mm10 (n=60223),0.930921298282135,0.704355575459375
mm10 (n=60223),0.932007890825679,0.695206054405575
mm10 (n=60223),0.933094483369224,0.688261905277399
mm10 (n=60223),0.934181075912769,0.683476528573793
mm10 (n=60223),0.935267668456314,0.680925457811423
mm10 (n=60223),0.936354260999858,0.680751650838864
mm10 (n=60223),0.937440853543403,0.682564831032331
mm10 (n=60223),0.938527446086947,0.686329381614513
mm10 (n=60223),0.939614038630492,0.692017788211332
mm10 (n=60223),0.940700631174037,0.699611385144006
mm10 (n=60223),0.941787223717582,0.709100982878049
mm10 (n=60223),0.942873816261126,0.720864101961074
mm10 (n=60223),0.943960408804671,0.734611905951152
mm10 (n=60223),0.945047001348216,0.750317049922963
mm10 (n=60223),0.94613359389176,0.768019503842621
mm10 (n=60223),0.947220186435305,0.78776678047541
mm10 (n=60223),0.94830677897885,0.809613247788871
mm10 (n=60223),0.949393371522394,0.833851728781628
mm10 (n=60223),0.950479964065939,0.86062671971118
mm10 (n=60223),0.951566556609484,0.889744224306653
mm10 (n=60223),0.952653149153029,0.921282234582354
mm10 (n=60223),0.953739741696573,0.955322264788561
mm10 (n=60223),0.954826334240118,0.99194965572793
mm10 (n=60223),0.955912926783663,1.03128245639162
mm10 (n=60223),0.956999519327207,1.07402762644857
mm10 (n=60223),0.958086111870752,1.11971714339953
mm10 (n=60223),0.959172704414297,1.16847529038957
mm10 (n=60223),0.960259296957841,1.22044068830714
mm10 (n=60223),0.961345889501386,1.27576853092542
mm10 (n=60223),0.962432482044931,1.33463281951522
mm10 (n=60223),0.963519074588475,1.39781737172445
mm10 (n=60223),0.96460566713202,1.46542256660228
mm10 (n=60223),0.965692259675565,1.53741685701459
mm10 (n=60223),0.966778852219109,1.61410840833695
mm10 (n=60223),0.967865444762654,1.6958312876936
mm10 (n=60223),0.968952037306199,1.78294300411735
mm10 (n=60223),0.970038629849743,1.87614524921299
mm10 (n=60223),0.971125222393288,1.97675371356968
mm10 (n=60223),0.972211814936833,2.08413703895471
mm10 (n=60223),0.973298407480377,2.1986503307944
mm10 (n=60223),0.974385000023922,2.3206035268142
mm10 (n=60223),0.975471592567467,2.45024549591902
mm10 (n=60223),0.976558185111011,2.58774752655069
mm10 (n=60223),0.977644777654556,2.73460972750924
mm10 (n=60223),0.978731370198101,2.88947096858768
mm10 (n=60223),0.979817962741646,3.05158455054654
mm10 (n=60223),0.98090455528519,3.22033049469329
mm10 (n=60223),0.981991147828735,3.39487589018239
mm10 (n=60223),0.98307774037228,3.57416394529794
mm10 (n=60223),0.984164332915824,3.75700582472372
mm10 (n=60223),0.985250925459369,3.94109386665282
mm10 (n=60223),0.986337518002914,4.12395165906685
mm10 (n=60223),0.987424110546458,4.30334593831029
mm10 (n=60223),0.988510703090003,4.47687777252712
mm10 (n=60223),0.989597295633548,4.64201252740167
mm10 (n=60223),0.990683888177093,4.79611228323532
mm10 (n=60223),0.991770480720637,4.93241287129959
mm10 (n=60223),0.992857073264182,5.05079956691273
mm10 (n=60223),0.993943665807727,5.14882268773418
mm10 (n=60223),0.995030258351271,5.22423735270606
mm10 (n=60223),0.996116850894816,5.27505188398387
mm10 (n=60223),0.997203443438361,5.29957175590783
mm10 (n=60223),0.998290035981905,5.29260960419003
mm10 (n=60223),0.99937662852545,5.25433963542806
mm10 (n=60223),1.00046322106899,5.18736282120225
mm10 (n=60223),1.00154981361254,5.09215386704984
mm10 (n=60223),1.00263640615608,4.96963299949731
mm10 (n=60223),1.00372299869963,4.82115242881038
mm10 (n=60223),1.00480959124317,4.64761312165181
mm10 (n=60223),1.00589618378672,4.44905829549348
mm10 (n=60223),1.00698277633026,4.23276476983147
mm10 (n=60223),1.00806936887381,4.00171581079568
mm10 (n=60223),1.00915596141735,3.75901805387516
mm10 (n=60223),1.0102425539609,3.50784849823054
mm10 (n=60223),1.01132914650444,3.25140174041986
mm10 (n=60223),1.01241573904799,2.99324123431508
mm10 (n=60223),1.01350233159153,2.73751359986005
mm10 (n=60223),1.01458892413508,2.48690012644241
mm10 (n=60223),1.01567551667862,2.24374556449358
mm10 (n=60223),1.01676210922217,2.01011534785983
mm10 (n=60223),1.01784870176571,1.78778025208091
mm10 (n=60223),1.01893529430925,1.57936670719926
mm10 (n=60223),1.0200218868528,1.38712904030724
mm10 (n=60223),1.02110847939634,1.20969517178912
mm10 (n=60223),1.02219507193989,1.04728967141868
mm10 (n=60223),1.02328166448343,0.899896627466773
mm10 (n=60223),1.02436825702698,0.767281913968149
mm10 (n=60223),1.02545484957052,0.649016353838717
mm10 (n=60223),1.02654144211407,0.547201313998891
mm10 (n=60223),1.02762803465761,0.458005953828313
mm10 (n=60223),1.02871462720116,0.380382731103501
mm10 (n=60223),1.0298012197447,0.31339075684513
mm10 (n=60223),1.03088781228825,0.256071141963114
mm10 (n=60223),1.03197440483179,0.207463711559584
mm10 (n=60223),1.03306099737534,0.167423174099599
mm10 (n=60223),1.03414758991888,0.134533940941035
mm10 (n=60223),1.03523418246242,0.107205087096633
mm10 (n=60223),1.03632077500597,0.0846935707251558
mm10 (n=60223),1.03740736754951,0.066317753312595
mm10 (n=60223),1.03849396009306,0.0514582782760963
ostrich (n=38775),0.49770261703506,1.47879451873833e-05
ostrich (n=38775),0.49873262466004,2.15665323380421e-05
ostrich (n=38775),0.49976263228502,3.08771457928167e-05
ostrich (n=38775),0.500792639909999,4.3417084898823e-05
ostrich (n=38775),0.501822647534979,5.99851150103637e-05
ostrich (n=38775),0.502852655159959,8.14676277647459e-05
ostrich (n=38775),0.503882662784939,0.000108814563880602
ostrich (n=38775),0.504912670409918,0.000143235270895858
ostrich (n=38775),0.505942678034898,0.000186481649915484
ostrich (n=38775),0.506972685659878,0.000238572306995386
ostrich (n=38775),0.508002693284858,0.000300060116529762
ostrich (n=38775),0.509032700909837,0.000371213079016338
ostrich (n=38775),0.510062708534817,0.000451964852951789
ostrich (n=38775),0.511092716159797,0.000541890935984685
ostrich (n=38775),0.512122723784777,0.000640219319954818
ostrich (n=38775),0.513152731409757,0.000745883791509846
ostrich (n=38775),0.514182739034736,0.000857627243844512
ostrich (n=38775),0.515212746659716,0.000974673404549678
ostrich (n=38775),0.516242754284696,0.00109541910222387
ostrich (n=38775),0.517272761909676,0.00121988384514841
ostrich (n=38775),0.518302769534655,0.00134920883889186
ostrich (n=38775),0.519332777159635,0.00148597238752393
ostrich (n=38775),0.520362784784615,0.00163445429928374
ostrich (n=38775),0.521392792409595,0.00180081740880451
ostrich (n=38775),0.522422800034574,0.00199317603326761
ostrich (n=38775),0.523452807659554,0.00222152227515192
ostrich (n=38775),0.524482815284534,0.00250447381287641
ostrich (n=38775),0.525512822909514,0.00285339388882359
ostrich (n=38775),0.526542830534494,0.00327947240609148
ostrich (n=38775),0.527572838159473,0.00379397278107866
ostrich (n=38775),0.528602845784453,0.00440567405926524
ostrich (n=38775),0.529632853409433,0.00511978537756315
ostrich (n=38775),0.530662861034413,0.00593696029482911
ostrich (n=38775),0.531692868659392,0.00685249621953544
ostrich (n=38775),0.532722876284372,0.00785580524871762
ostrich (n=38775),0.533752883909352,0.00893355767250238
ostrich (n=38775),0.534782891534332,0.0100552985681234
ostrich (n=38775),0.535812899159312,0.0111884279809184
ostrich (n=38775),0.536842906784291,0.0123029517941491
ostrich (n=38775),0.537872914409271,0.0133697915820991
ostrich (n=38775),0.538902922034251,0.0143633525438429
ostrich (n=38775),0.539932929659231,0.0152641307508531
ostrich (n=38775),0.54096293728421,0.0160611915752312
ostrich (n=38775),0.54199294490919,0.016754345371096
ostrich (n=38775),0.54302295253417,0.0173530050582915
ostrich (n=38775),0.54405296015915,0.0178904775450883
ostrich (n=38775),0.545082967784129,0.0184204393315785
ostrich (n=38775),0.546112975409109,0.0189989252862979
ostrich (n=38775),0.547142983034089,0.0196891573633129
ostrich (n=38775),0.548172990659069,0.0205577119282067
ostrich (n=38775),0.549202998284049,0.0216701578427323
ostrich (n=38775),0.550233005909028,0.0230863941658722
ostrich (n=38775),0.551263013534008,0.0248559439601648
ostrich (n=38775),0.552293021158988,0.0270219664482946
ostrich (n=38775),0.553323028783968,0.0296362821675854
ostrich (n=38775),0.554353036408947,0.0326347993742805
ostrich (n=38775),0.555383044033927,0.0359771516588074
ostrich (n=38775),0.556413051658907,0.0396037281803989
ostrich (n=38775),0.557443059283887,0.0434401267478242
ostrich (n=38775),0.558473066908866,0.047403205565384
ostrich (n=38775),0.559503074533846,0.0514084376630124
ostrich (n=38775),0.560533082158826,0.0553781772936162
ostrich (n=38775),0.561563089783806,0.0592503543346914
ostrich (n=38775),0.562593097408786,0.062970632217876
ostrich (n=38775),0.563623105033765,0.0665643673495484
ostrich (n=38775),0.564653112658745,0.0700848788413271
ostrich (n=38775),0.565683120283725,0.0736202288984893
ostrich (n=38775),0.566713127908705,0.0772887110322888
ostrich (n=38775),0.567743135533684,0.0812298722434083
ostrich (n=38775),0.568773143158664,0.0855926429482342
ostrich (n=38775),0.569803150783644,0.0905212491473008
ostrich (n=38775),0.570833158408624,0.0961397727160725
ostrich (n=38775),0.571863166033603,0.102617289876498
ostrich (n=38775),0.572893173658583,0.109924148759111
ostrich (n=38775),0.573923181283563,0.117968812137175
ostrich (n=38775),0.574953188908543,0.126624205509419
ostrich (n=38775),0.575983196533523,0.135705583243194
ostrich (n=38775),0.577013204158502,0.14498338149452
ostrich (n=38775),0.578043211783482,0.154200961572505
ostrich (n=38775),0.579073219408462,0.16309607977087
ostrich (n=38775),0.580103227033442,0.171424619622726
ostrich (n=38775),0.581133234658421,0.17891961333048
ostrich (n=38775),0.582163242283401,0.185446244435624
ostrich (n=38775),0.583193249908381,0.191053948116757
ostrich (n=38775),0.584223257533361,0.195829117197839
ostrich (n=38775),0.58525326515834,0.199937520940303
ostrich (n=38775),0.58628327278332,0.203606903477823
ostrich (n=38775),0.5873132804083,0.207103259114685
ostrich (n=38775),0.58834328803328,0.210702707431419
ostrich (n=38775),0.58937329565826,0.214661228708042
ostrich (n=38775),0.590403303283239,0.219214282771797
ostrich (n=38775),0.591433310908219,0.224526537605914
ostrich (n=38775),0.592463318533199,0.230520505254969
ostrich (n=38775),0.593493326158179,0.237076724105838
ostrich (n=38775),0.594523333783158,0.243994258197241
ostrich (n=38775),0.595553341408138,0.251014406326584
ostrich (n=38775),0.596583349033118,0.257850341695564
ostrich (n=38775),0.597613356658098,0.264219939454285
ostrich (n=38775),0.598643364283078,0.269878841680389
ostrich (n=38775),0.599673371908057,0.274637982372659
ostrich (n=38775),0.600703379533037,0.278315883076443
ostrich (n=38775),0.601733387158017,0.281102928648278
ostrich (n=38775),0.602763394782997,0.283171864508758
ostrich (n=38775),0.603793402407976,0.284766187262432
ostrich (n=38775),0.604823410032956,0.286170271625218
ostrich (n=38775),0.605853417657936,0.28767578976118
ostrich (n=38775),0.606883425282916,0.289547562530704
ostrich (n=38775),0.607913432907895,0.291991918950199
ostrich (n=38775),0.608943440532875,0.295130523927412
ostrich (n=38775),0.609973448157855,0.299050089674204
ostrich (n=38775),0.611003455782835,0.303530944849358
ostrich (n=38775),0.612033463407815,0.308329561672219
ostrich (n=38775),0.613063471032794,0.313153469656408
ostrich (n=38775),0.614093478657774,0.317680428744696
ostrich (n=38775),0.615123486282754,0.321590063973842
ostrich (n=38775),0.616153493907734,0.324594054977876
ostrich (n=38775),0.617183501532713,0.326462493712305
ostrich (n=38775),0.618213509157693,0.327044339393323
ostrich (n=38775),0.619243516782673,0.326162266547473
ostrich (n=38775),0.620273524407653,0.32395613369678
ostrich (n=38775),0.621303532032632,0.320650630740058
ostrich (n=38775),0.622333539657612,0.316468490389291
ostrich (n=38775),0.623363547282592,0.311670689995014
ostrich (n=38775),0.624393554907572,0.306535773114633
ostrich (n=38775),0.625423562532552,0.301340739819753
ostrich (n=38775),0.626453570157531,0.296344781698531
ostrich (n=38775),0.627483577782511,0.291776857349049
ostrich (n=38775),0.628513585407491,0.287878342426921
ostrich (n=38775),0.629543593032471,0.284830438636146
ostrich (n=38775),0.63057360065745,0.282680008797423
ostrich (n=38775),0.63160360828243,0.281495470623717
ostrich (n=38775),0.63263361590741,0.281328823389096
ostrich (n=38775),0.63366362353239,0.282224332856159
ostrich (n=38775),0.634693631157369,0.284225957344784
ostrich (n=38775),0.635723638782349,0.287382798449779
ostrich (n=38775),0.636753646407329,0.291752004870765
ostrich (n=38775),0.637783654032309,0.297445687613964
ostrich (n=38775),0.638813661657289,0.3046404821939
ostrich (n=38775),0.639843669282268,0.313262792827666
ostrich (n=38775),0.640873676907248,0.323353360020752
ostrich (n=38775),0.641903684532228,0.334925865409516
ostrich (n=38775),0.642933692157208,0.347961593190638
ostrich (n=38775),0.643963699782187,0.362407956925499
ostrich (n=38775),0.644993707407167,0.378181647946494
ostrich (n=38775),0.646023715032147,0.395176796977532
ostrich (n=38775),0.647053722657127,0.413283321274795
ostrich (n=38775),0.648083730282106,0.432511969714341
ostrich (n=38775),0.649113737907086,0.452666886307531
ostrich (n=38775),0.650143745532066,0.473761078496788
ostrich (n=38775),0.651173753157046,0.495875825205131
ostrich (n=38775),0.652203760782026,0.519158035579428
ostrich (n=38775),0.653233768407005,0.543807693687925
ostrich (n=38775),0.654263776031985,0.570056092212279
ostrich (n=38775),0.655293783656965,0.598136455730368
ostrich (n=38775),0.656323791281945,0.62824942718772
ostrich (n=38775),0.657353798906924,0.660773010480901
ostrich (n=38775),0.658383806531904,0.695496647298169
ostrich (n=38775),0.659413814156884,0.732207544534721
ostrich (n=38775),0.660443821781864,0.770635035157113
ostrich (n=38775),0.661473829406843,0.81042796619692
ostrich (n=38775),0.662503837031823,0.851195889242432
ostrich (n=38775),0.663533844656803,0.892557142012293
ostrich (n=38775),0.664563852281783,0.93418840238536
ostrich (n=38775),0.665593859906763,0.975869834313754
ostrich (n=38775),0.666623867531742,1.0175289618057
ostrich (n=38775),0.667653875156722,1.05930397703228
ostrich (n=38775),0.668683882781702,1.10146671026076
ostrich (n=38775),0.669713890406682,1.14435772761201
ostrich (n=38775),0.670743898031661,1.18833150519102
ostrich (n=38775),0.671773905656641,1.23370185086884
ostrich (n=38775),0.672803913281621,1.28069603362598
ostrich (n=38775),0.673833920906601,1.32942378056139
ostrich (n=38775),0.674863928531581,1.37986600053929
ostrich (n=38775),0.67589393615656,1.43196002329669
ostrich (n=38775),0.67692394378154,1.48547757040701
ostrich (n=38775),0.67795395140652,1.54008706578593
ostrich (n=38775),0.6789839590315,1.59567876166766
ostrich (n=38775),0.680013966656479,1.65227854868038
ostrich (n=38775),0.681043974281459,1.71006820898566
ostrich (n=38775),0.682073981906439,1.76938026686993
ostrich (n=38775),0.683103989531419,1.83066784814508
ostrich (n=38775),0.684133997156398,1.89445243763038
ostrich (n=38775),0.685164004781378,1.9613481039282
ostrich (n=38775),0.686194012406358,2.03213707919951
ostrich (n=38775),0.687224020031338,2.10666081564695
ostrich (n=38775),0.688254027656318,2.18489348763261
ostrich (n=38775),0.689284035281297,2.26661933809214
ostrich (n=38775),0.690314042906277,2.35147696356061
ostrich (n=38775),0.691344050531257,2.43902311943068
ostrich (n=38775),0.692374058156237,2.5288068417543
ostrich (n=38775),0.693404065781216,2.62044386969116
ostrich (n=38775),0.694434073406196,2.71368078012778
ostrich (n=38775),0.695464081031176,2.80867176333185
ostrich (n=38775),0.696494088656156,2.90538620089995
ostrich (n=38775),0.697524096281136,3.00410687833185
ostrich (n=38775),0.698554103906115,3.10515165729324
ostrich (n=38775),0.699584111531095,3.2087970714814
ostrich (n=38775),0.700614119156075,3.31521929269976
ostrich (n=38775),0.701644126781055,3.42445793065108
ostrich (n=38775),0.702674134406034,3.53640975400854
ostrich (n=38775),0.703704142031014,3.65085668671917
ostrich (n=38775),0.704734149655994,3.76774498466994
ostrich (n=38775),0.705764157280974,3.88672414847604
ostrich (n=38775),0.706794164905953,4.00782910083202
ostrich (n=38775),0.707824172530933,4.13147921906499
ostrich (n=38775),0.708854180155913,4.25843877624509
ostrich (n=38775),0.709884187780893,4.3898009370052
ostrich (n=38775),0.710914195405873,4.5269241176263
ostrich (n=38775),0.711944203030852,4.6713242098051
ostrich (n=38775),0.712974210655832,4.82452986404125
ostrich (n=38775),0.714004218280812,4.98878204686407
ostrich (n=38775),0.715034225905792,5.16498289328836
ostrich (n=38775),0.716064233530771,5.3526518498336
ostrich (n=38775),0.717094241155751,5.55126833946714
ostrich (n=38775),0.718124248780731,5.75964102544819
ostrich (n=38775),0.719154256405711,5.97596377539692
ostrich (n=38775),0.72018426403069,6.19792220163116
ostrich (n=38775),0.72121427165567,6.42284111798191
ostrich (n=38775),0.72224427928065,6.6478607282983
ostrich (n=38775),0.72327428690563,6.86984561535021
ostrich (n=38775),0.724304294530609,7.08543325369025
ostrich (n=38775),0.725334302155589,7.292854830292
ostrich (n=38775),0.726364309780569,7.49057799343414
ostrich (n=38775),0.727394317405549,7.67756202534456
ostrich (n=38775),0.728424325030528,7.85320287623341
ostrich (n=38775),0.729454332655508,8.01724146093435
ostrich (n=38775),0.730484340280488,8.1696478662229
ostrich (n=38775),0.731514347905468,8.31049545893384
ostrich (n=38775),0.732544355530448,8.43962337315377
ostrich (n=38775),0.733574363155427,8.5557354539303
ostrich (n=38775),0.734604370780407,8.65987770015773
ostrich (n=38775),0.735634378405387,8.75156701717239
ostrich (n=38775),0.736664386030367,8.83024411568252
ostrich (n=38775),0.737694393655346,8.89536116539948
ostrich (n=38775),0.738724401280326,8.94647116206405
ostrich (n=38775),0.739754408905306,8.98330678262355
ostrich (n=38775),0.740784416530286,9.00583842149512
ostrich (n=38775),0.741814424155266,9.01430327158583
ostrich (n=38775),0.742844431780245,9.00759097120932
ostrich (n=38775),0.743874439405225,8.98816904153812
ostrich (n=38775),0.744904447030205,8.95705796553836
ostrich (n=38775),0.745934454655185,8.9151330318341
ostrich (n=38775),0.746964462280164,8.86319655211715
ostrich (n=38775),0.747994469905144,8.80191893277598
ostrich (n=38775),0.749024477530124,8.73179313045404
ostrich (n=38775),0.750054485155104,8.65310190852288
ostrich (n=38775),0.751084492780084,8.56589617507904
ostrich (n=38775),0.752114500405063,8.46905642544402
ostrich (n=38775),0.753144508030043,8.36246268499088
ostrich (n=38775),0.754174515655023,8.24564317041667
ostrich (n=38775),0.755204523280003,8.11757285842192
ostrich (n=38775),0.756234530904982,7.97708097628872
ostrich (n=38775),0.757264538529962,7.8229330707225
ostrich (n=38775),0.758294546154942,7.65393737345428
ostrich (n=38775),0.759324553779922,7.46907162934468
ostrich (n=38775),0.760354561404902,7.26762406260481
ostrich (n=38775),0.761384569029881,7.04821915553566
ostrich (n=38775),0.762414576654861,6.8115371828343
ostrich (n=38775),0.763444584279841,6.5602215183615
ostrich (n=38775),0.764474591904821,6.29650152568468
ostrich (n=38775),0.7655045995298,6.02330193326728
ostrich (n=38775),0.76653460715478,5.74414067576176
ostrich (n=38775),0.76756461477976,5.4629885932365
ostrich (n=38775),0.76859462240474,5.18410165118893
ostrich (n=38775),0.769624630029719,4.91183756632435
ostrich (n=38775),0.770654637654699,4.65109408871095
ostrich (n=38775),0.771684645279679,4.40749616156956
ostrich (n=38775),0.772714652904659,4.18324455675737
ostrich (n=38775),0.773744660529638,3.98106072320941
ostrich (n=38775),0.774774668154618,3.80306692823397
ostrich (n=38775),0.775804675779598,3.6507909968148
ostrich (n=38775),0.776834683404578,3.52519767648833
ostrich (n=38775),0.777864691029557,3.42674137303395
ostrich (n=38775),0.778894698654537,3.35543484354071
ostrich (n=38775),0.779924706279517,3.31120642933363
ostrich (n=38775),0.780954713904497,3.29633307064851
ostrich (n=38775),0.781984721529477,3.30650494999723
ostrich (n=38775),0.783014729154456,3.34077828970618
ostrich (n=38775),0.784044736779436,3.39819197354798
ostrich (n=38775),0.785074744404416,3.47779499384592
ostrich (n=38775),0.786104752029396,3.5786547231204
ostrich (n=38775),0.787134759654375,3.69984580453487
ostrich (n=38775),0.788164767279355,3.84042035229589
ostrich (n=38775),0.789194774904335,3.99936106728213
ostrich (n=38775),0.790224782529315,4.17735822676501
ostrich (n=38775),0.791254790154295,4.37095638659557
ostrich (n=38775),0.792284797779274,4.57799154127501
ostrich (n=38775),0.793314805404254,4.79623387309204
ostrich (n=38775),0.794344813029234,5.02303981293301
ostrich (n=38775),0.795374820654214,5.25534196754943
ostrich (n=38775),0.796404828279193,5.48966026886453
ostrich (n=38775),0.797434835904173,5.72213397506667
ostrich (n=38775),0.798464843529153,5.94857338140207
ostrich (n=38775),0.799494851154133,6.16304757605419
ostrich (n=38775),0.800524858779113,6.36040143930135
ostrich (n=38775),0.801554866404092,6.53654296518048
ostrich (n=38775),0.802584874029072,6.68702275384987
ostrich (n=38775),0.803614881654052,6.80770256969124
ostrich (n=38775),0.804644889279031,6.89490730828134
ostrich (n=38775),0.805674896904011,6.94558237064431
ostrich (n=38775),0.806704904528991,6.95745047063872
ostrich (n=38775),0.807734912153971,6.92916028002505
ostrich (n=38775),0.808764919778951,6.85802459784768
ostrich (n=38775),0.809794927403931,6.7448897639392
ostrich (n=38775),0.81082493502891,6.59559432707621
ostrich (n=38775),0.81185494265389,6.41393809247639
ostrich (n=38775),0.81288495027887,6.20463741855482
ostrich (n=38775),0.813914957903849,5.97310548757716
ostrich (n=38775),0.814944965528829,5.72519107521017
ostrich (n=38775),0.815974973153809,5.46689157249261
ostrich (n=38775),0.817004980778789,5.20405769858091
ostrich (n=38775),0.818034988403769,4.94231057778201
ostrich (n=38775),0.819064996028748,4.68752943449609
ostrich (n=38775),0.820095003653728,4.44287655569117
ostrich (n=38775),0.821125011278708,4.21060285569067
ostrich (n=38775),0.822155018903688,3.99197176973469
ostrich (n=38775),0.823185026528667,3.78735163329628
ostrich (n=38775),0.824215034153647,3.59635157994418
ostrich (n=38775),0.825245041778627,3.41798770628522
ostrich (n=38775),0.826275049403607,3.25086596178716
ostrich (n=38775),0.827305057028586,3.0933892231785
ostrich (n=38775),0.828335064653566,2.94467972856987
ostrich (n=38775),0.829365072278546,2.80199889327903
ostrich (n=38775),0.830395079903526,2.66419839493645
ostrich (n=38775),0.831425087528506,2.53044862187093
ostrich (n=38775),0.832455095153485,2.40024504850318
ostrich (n=38775),0.833485102778465,2.27339013675671
ostrich (n=38775),0.834515110403445,2.14995600677784
ostrich (n=38775),0.835545118028425,2.03023316659682
ostrich (n=38775),0.836575125653404,1.91467056874357
ostrich (n=38775),0.837605133278384,1.80442010634331
ostrich (n=38775),0.838635140903364,1.69973932171302
ostrich (n=38775),0.839665148528344,1.60099748560195
ostrich (n=38775),0.840695156153324,1.50859093024816
ostrich (n=38775),0.841725163778303,1.42279063074482
ostrich (n=38775),0.842755171403283,1.34372604025697
ostrich (n=38775),0.843785179028263,1.27137749983864
ostrich (n=38775),0.844815186653243,1.20557648054716
ostrich (n=38775),0.845845194278222,1.14601281866273
ostrich (n=38775),0.846875201903202,1.09266859894782
ostrich (n=38775),0.847905209528182,1.04469105247072
ostrich (n=38775),0.848935217153162,1.00109952767013
ostrich (n=38775),0.849965224778141,0.961199888053815
ostrich (n=38775),0.850995232403121,0.924291149815808
ostrich (n=38775),0.852025240028101,0.88969254604519
ostrich (n=38775),0.853055247653081,0.856768894480049
ostrich (n=38775),0.854085255278061,0.82495338408357
ostrich (n=38775),0.85511526290304,0.793766933248374
ostrich (n=38775),0.85614527052802,0.762831594911446
ostrich (n=38775),0.857175278153,0.731861353923837
ostrich (n=38775),0.85820528577798,0.700751797980184
ostrich (n=38775),0.859235293402959,0.669523407266685
ostrich (n=38775),0.860265301027939,0.638287694986979
ostrich (n=38775),0.861295308652919,0.607230622884888
ostrich (n=38775),0.862325316277899,0.576594240073277
ostrich (n=38775),0.863355323902878,0.546657839690096
ostrich (n=38775),0.864385331527858,0.517719927191339
ostrich (n=38775),0.865415339152838,0.49012187728671
ostrich (n=38775),0.866445346777818,0.46435547054728
ostrich (n=38775),0.867475354402798,0.440536425218643
ostrich (n=38775),0.868505362027777,0.418915074937033
ostrich (n=38775),0.869535369652757,0.399734366954982
ostrich (n=38775),0.870565377277737,0.383240652857289
ostrich (n=38775),0.871595384902717,0.36969621487691
ostrich (n=38775),0.872625392527696,0.359392337102238
ostrich (n=38775),0.873655400152676,0.352661715885568
ostrich (n=38775),0.874685407777656,0.349889002465852
ostrich (n=38775),0.875715415402636,0.352198027387532
ostrich (n=38775),0.876745423027615,0.359627534345005
ostrich (n=38775),0.877775430652595,0.372739980690426
ostrich (n=38775),0.878805438277575,0.392152308047272
ostrich (n=38775),0.879835445902555,0.418489220346641
ostrich (n=38775),0.880865453527535,0.452354356817622
ostrich (n=38775),0.881895461152514,0.494296592141331
ostrich (n=38775),0.882925468777494,0.544772314903019
ostrich (n=38775),0.883955476402474,0.604104721127046
ostrich (n=38775),0.884985484027454,0.673356966172089
ostrich (n=38775),0.886015491652433,0.751707165391893
ostrich (n=38775),0.887045499277413,0.838337656198381
ostrich (n=38775),0.888075506902393,0.932430133239032
ostrich (n=38775),0.889105514527373,1.03284258469297
ostrich (n=38775),0.890135522152353,1.13810926185002
ostrich (n=38775),0.891165529777332,1.24645448944293
ostrich (n=38775),0.892195537402312,1.3558211286194
ostrich (n=38775),0.893225545027292,1.4639140729952
ostrich (n=38775),0.894255552652272,1.56773842712995
ostrich (n=38775),0.895285560277251,1.66416233554733
ostrich (n=38775),0.896315567902231,1.75091524754631
ostrich (n=38775),0.897345575527211,1.82563743944905
ostrich (n=38775),0.898375583152191,1.88622735651812
ostrich (n=38775),0.89940559077717,1.93092740285048
ostrich (n=38775),0.90043559840215,1.95839799466026
ostrich (n=38775),0.90146560602713,1.96777644334048
ostrich (n=38775),0.90249561365211,1.9587176988693
ostrich (n=38775),0.903525621277089,1.9306318426289
ostrich (n=38775),0.904555628902069,1.88372797551687
ostrich (n=38775),0.905585636527049,1.82117849633265
ostrich (n=38775),0.906615644152029,1.7448452102026
ostrich (n=38775),0.907645651777009,1.65689008137992
ostrich (n=38775),0.908675659401988,1.55968226217936
ostrich (n=38775),0.909705667026968,1.45570196429695
ostrich (n=38775),0.910735674651948,1.34744532745375
ostrich (n=38775),0.911765682276928,1.23733421599382
ostrich (n=38775),0.912795689901907,1.12767890888059
ostrich (n=38775),0.913825697526887,1.02110450777149
ostrich (n=38775),0.914855705151867,0.919135375035282
ostrich (n=38775),0.915885712776847,0.82302404248238
ostrich (n=38775),0.916915720401827,0.733696788581027
ostrich (n=38775),0.917945728026806,0.651766865978333
ostrich (n=38775),0.918975735651786,0.577558196781471
ostrich (n=38775),0.920005743276766,0.511137256977424
ostrich (n=38775),0.921035750901746,0.452350837715769
ostrich (n=38775),0.922065758526725,0.400867362556816
ostrich (n=38775),0.923095766151705,0.35698304329883
ostrich (n=38775),0.924125773776685,0.319263792292543
ostrich (n=38775),0.925155781401665,0.287002637022707
ostrich (n=38775),0.926185789026644,0.259580951826447
ostrich (n=38775),0.927215796651624,0.236400237672424
ostrich (n=38775),0.928245804276604,0.216897707301047
ostrich (n=38775),0.929275811901584,0.200557075223349
ostrich (n=38775),0.930305819526563,0.186915047168656
ostrich (n=38775),0.931335827151543,0.175564084839106
ostrich (n=38775),0.932365834776523,0.166303676723738
ostrich (n=38775),0.933395842401503,0.158686693759307
ostrich (n=38775),0.934425850026483,0.152403040031704
ostrich (n=38775),0.935455857651462,0.147260969583312
ostrich (n=38775),0.936485865276442,0.143100306305231
ostrich (n=38775),0.937515872901422,0.139787036716537
ostrich (n=38775),0.938545880526402,0.137208342758023
ostrich (n=38775),0.939575888151381,0.135268176369197
ostrich (n=38775),0.940605895776361,0.133883446093188
ostrich (n=38775),0.941635903401341,0.133007737585367
ostrich (n=38775),0.942665911026321,0.132563099531827
ostrich (n=38775),0.943695918651301,0.132457191500921
ostrich (n=38775),0.94472592627628,0.132635909075445
ostrich (n=38775),0.94575593390126,0.133048866961545
ostrich (n=38775),0.94678594152624,0.133649331988869
ostrich (n=38775),0.94781594915122,0.134394211416065
ostrich (n=38775),0.948845956776199,0.135243983666326
ostrich (n=38775),0.949875964401179,0.136162469620318
ostrich (n=38775),0.950905972026159,0.137116272908081
ostrich (n=38775),0.951935979651139,0.138067649399324
ostrich (n=38775),0.952965987276118,0.138982080598201
ostrich (n=38775),0.953995994901098,0.139826495623654
ostrich (n=38775),0.955026002526078,0.140564372788577
ostrich (n=38775),0.956056010151058,0.141154593223773
ostrich (n=38775),0.957086017776038,0.141550764971878
ostrich (n=38775),0.958116025401017,0.141701152064982
ostrich (n=38775),0.959146033025997,0.141549314280993
ostrich (n=38775),0.960176040650977,0.141031993574292
ostrich (n=38775),0.961206048275957,0.140026152496522
ostrich (n=38775),0.962236055900936,0.138524476855679
ostrich (n=38775),0.963266063525916,0.136481931804406
ostrich (n=38775),0.964296071150896,0.133867229647891
ostrich (n=38775),0.965326078775876,0.130666842296097
ostrich (n=38775),0.966356086400855,0.126888761190209
ostrich (n=38775),0.967386094025835,0.122565971589396
ostrich (n=38775),0.968416101650815,0.117759668152662
ostrich (n=38775),0.969446109275795,0.112562299014526
ostrich (n=38775),0.970476116900775,0.107097051872887
ostrich (n=38775),0.971506124525754,0.101601004678332
ostrich (n=38775),0.972536132150734,0.0963155049525199
ostrich (n=38775),0.973566139775714,0.0915305328163511
ostrich (n=38775),0.974596147400694,0.087597498425594
ostrich (n=38775),0.975626155025673,0.0849375327319861
ostrich (n=38775),0.976656162650653,0.0840495835900168
ostrich (n=38775),0.977686170275633,0.0855173194873926
ostrich (n=38775),0.978716177900613,0.0900136094152473
ostrich (n=38775),0.979746185525592,0.0987315621295708
ostrich (n=38775),0.980776193150572,0.112576156265057
ostrich (n=38775),0.981806200775552,0.132273551298965
ostrich (n=38775),0.982836208400532,0.158742393863339
ostrich (n=38775),0.983866216025512,0.192841804839706
ostrich (n=38775),0.984896223650491,0.23530370936971
ostrich (n=38775),0.985926231275471,0.286656392274981
ostrich (n=38775),0.986956238900451,0.347142923218432
ostrich (n=38775),0.987986246525431,0.41663901674201
ostrich (n=38775),0.98901625415041,0.494984054602308
ostrich (n=38775),0.99004626177539,0.580814619626025
ostrich (n=38775),0.99107626940037,0.67153129527518
ostrich (n=38775),0.99210627702535,0.764692688175002
ostrich (n=38775),0.99313628465033,0.857429852507483
ostrich (n=38775),0.994166292275309,0.94656505800657
ostrich (n=38775),0.995196299900289,1.028762619655
ostrich (n=38775),0.996226307525269,1.10070419044693
ostrich (n=38775),0.997256315150248,1.15927911986978
ostrich (n=38775),0.998286322775228,1.20123507391841
ostrich (n=38775),0.999316330400208,1.22279093141622
ostrich (n=38775),1.00034633802519,1.22482169942985
ostrich (n=38775),1.00137634565017,1.20732178986469
ostrich (n=38775),1.00240635327515,1.17115011644217
ostrich (n=38775),1.00343636090013,1.11796032607867
ostrich (n=38775),1.00446636852511,1.05008467928476
ostrich (n=38775),1.00549637615009,0.970380791220708
ostrich (n=38775),1.00652638377507,0.882051994182006
ostrich (n=38775),1.00755639140005,0.788453126438449
ostrich (n=38775),1.00858639902503,0.693162299690849
ostrich (n=38775),1.00961640665001,0.599777313279916
ostrich (n=38775),1.01064641427499,0.510708149537613
ostrich (n=38775),1.01167642189997,0.427848244891459
ostrich (n=38775),1.01270642952495,0.352554657710495
ostrich (n=38775),1.01373643714992,0.285661685281669
ostrich (n=38775),1.0147664447749,0.22752226336172
ostrich (n=38775),1.01579645239988,0.178070875002645
ostrich (n=38775),1.01682646002486,0.136901203228236
ostrich (n=38775),1.01785646764984,0.104066572889915
ostrich (n=38775),1.01888647527482,0.0779478894686869
ostrich (n=38775),1.0199164828998,0.057412821322491
ostrich (n=38775),1.02094649052478,0.0415656632339805
ostrich (n=38775),1.02197649814976,0.0295659247177394
ostrich (n=38775),1.02300650577474,0.0206534946426377
ostrich (n=38775),1.02403651339972,0.0141632861573735
